market,group,arm,agent,state,seed,NetWorth,Sharpe,Sortino,MaxDD,CAGR,Calmar
ASX200,Developed,A,VTrule,-,-1,11289.909762989078,0.4607752219611105,0.6245660847285084,-0.1417167334064668,0.0500521305005894,0.3531843367901978
ASX200,Developed,A,Q-Learning,Baseline,0,10151.869978266166,0.1660952156116674,0.1031429896656723,-0.0577055554986119,0.0060861022566511,0.105468220589127
ASX200,Developed,A,Q-Learning,Baseline,1,9001.394886309326,-0.6137294444668812,-0.5710095609833613,-0.1700307871817226,-0.041466831082808,-0.2438783691464413
ASX200,Developed,A,Q-Learning,Baseline,2,9770.811233607106,-0.1475922545357834,-0.1313695872829502,-0.0759509235824532,-0.0092900773120065,-0.1223168445318358
ASX200,Developed,A,Q-Learning,Baseline,3,10266.782213377564,0.2257191143056878,0.1920614246843289,-0.0570472976836681,0.0106550839480488,0.1867763133487117
ASX200,Developed,A,Q-Learning,Baseline,4,10205.086608988891,0.1685544033844622,0.1315304163013448,-0.068901133358763,0.0082058490076839,0.1190959946164835
ASX200,Developed,A,Q-Learning,+RetFore,0,9557.821626498848,-0.2749365200976532,-0.2992745978296711,-0.0698884924914487,-0.0180409713001536,-0.2581393682529778
ASX200,Developed,A,Q-Learning,+RetFore,1,8349.34327269073,-1.6082417029625382,-1.559634823991909,-0.1650656727309269,-0.0700476909898644,-0.4243625572206316
ASX200,Developed,A,Q-Learning,+RetFore,2,9329.354138127275,-0.525645539071492,-0.4721041554777319,-0.0978566827930378,-0.0275582976236615,-0.2816189639461254
ASX200,Developed,A,Q-Learning,+RetFore,3,9770.606141781624,-0.2050816906445204,-0.2190114893593377,-0.0613732037497576,-0.0092984486171192,-0.1515066519075839
ASX200,Developed,A,Q-Learning,+RetFore,4,9302.62943927324,-0.6868285834023848,-0.6923827310787368,-0.0864803736787269,-0.0286806340637861,-0.3316432716861585
ASX200,Developed,A,Q-Learning,+VolFore,0,10801.303715635127,0.7395088556987569,0.956222367466014,-0.0359376395307662,0.0315161532395251,0.876967815642628
ASX200,Developed,A,Q-Learning,+VolFore,1,9786.13185838146,-0.2029667603946926,-0.2243769828222691,-0.0410244140360193,-0.0086650265718268,-0.2112163397143902
ASX200,Developed,A,Q-Learning,+VolFore,2,10008.904182744174,0.0316348603556731,0.024881285149819,-0.0621808899817021,0.0003583478429818,0.0057629899327835
ASX200,Developed,A,Q-Learning,+VolFore,3,9778.106466169178,-0.2158454454746997,-0.2032208319282702,-0.0636278355827838,-0.0089923734952021,-0.1413276659923647
ASX200,Developed,A,Q-Learning,+VolFore,4,9961.165661178871,-0.0119870873159418,-0.0137085853375877,-0.0607496411393048,-0.0015651165544253,-0.0257633876521285
ASX200,Developed,A,PPO,Baseline,0,11525.788125220432,0.6124133094494951,0.8489581705979397,-0.1184560088979513,0.0588291213520659,0.4966326478401787
ASX200,Developed,A,PPO,Baseline,1,11220.875200595838,0.5437182007663565,0.6834794787358798,-0.108677921689507,0.0474626757849272,0.4367278564646408
ASX200,Developed,A,PPO,Baseline,2,11307.469289965138,0.5184451748565403,0.675563518081663,-0.1276650583292056,0.0507092702713094,0.3972055543980557
ASX200,Developed,A,PPO,Baseline,3,11361.866072656838,0.5834917480832309,0.764509462570023,-0.1180523791233376,0.0527411294649702,0.4467604114053567
ASX200,Developed,A,PPO,Baseline,4,11280.02699033812,0.5681243276367328,0.7785324488271822,-0.1130482770736844,0.0496820135256801,0.4394760788159388
ASX200,Developed,A,PPO,+RetFore,0,11371.477440581748,0.5960743571919163,0.8228271388378888,-0.1167257041315016,0.0530995341061097,0.4549086638692165
ASX200,Developed,A,PPO,+RetFore,1,11035.915569655,0.48457662130982,0.6080756729919607,-0.1121193733476286,0.0404776650555527,0.36102293338449
ASX200,Developed,A,PPO,+RetFore,2,11292.582828126368,0.6017703616355287,0.7885397539496867,-0.1022055414241418,0.0501522054606362,0.4906994744249668
ASX200,Developed,A,PPO,+RetFore,3,11388.18260261113,0.5796779592727344,0.7711018422743018,-0.1168278305587405,0.0537220335246431,0.4598393487857506
ASX200,Developed,A,PPO,+RetFore,4,11412.750546365678,0.576702298831251,0.7693753121496044,-0.1219432492114214,0.054636540475444,0.4480489147887873
ASX200,Developed,A,PPO,+VolFore,0,11407.248081255731,0.601866818631064,0.8205531073608386,-0.1142204885243639,0.0544318212852341,0.4765504156738653
ASX200,Developed,A,PPO,+VolFore,1,11050.150480425196,0.4860120531273133,0.6129486648808808,-0.1156012859663214,0.0410177201819137,0.35482062192205
ASX200,Developed,A,PPO,+VolFore,2,11200.997781339538,0.5589410057871536,0.725416972184175,-0.1096937874582391,0.0467153189603402,0.4258702342436579
ASX200,Developed,A,PPO,+VolFore,3,11250.010039935474,0.5258300387582383,0.6989531027139719,-0.1175682233485564,0.0485566677784525,0.4130084336996641
ASX200,Developed,A,PPO,+VolFore,4,11360.491937089308,0.5902102248476574,0.7654397880198704,-0.1117612639667937,0.0526898736191754,0.4714502301473529
ASX200,Developed,B,VTrule,-,-1,11289.909762989078,0.4607752219611105,0.6245660847285084,-0.1417167334064668,0.0500521305005894,0.3531843367901978
ASX200,Developed,B,Q-Learning,Baseline,0,9974.00189697002,0.0458960842095109,0.061396323839021,-0.136569212699243,-0.0010473829179477,-0.0076692462176421
ASX200,Developed,B,Q-Learning,Baseline,1,9464.360957530596,-0.1596579094672174,-0.2140453080632346,-0.147765935085489,-0.0219176776805546,-0.1483269988291008
ASX200,Developed,B,Q-Learning,Baseline,2,10062.620114115069,0.0779915071794222,0.1033050090429852,-0.1401777493021168,0.0025161099363031,0.0179494245613999
ASX200,Developed,B,Q-Learning,Baseline,3,10148.568090367453,0.1090822905150986,0.1477882656892488,-0.1323446652465435,0.0059543615962731,0.0449913231117843
ASX200,Developed,B,Q-Learning,Baseline,4,10218.66093280308,0.1347864659484999,0.1903871624293465,-0.1429594438836758,0.0087454894046599,0.0611746182484791
ASX200,Developed,B,Q-Learning,+VolFore,0,9804.472102756596,-0.0141654190083449,-0.019062992323275,-0.1395742630093822,-0.0079175497489718,-0.0567264306341556
ASX200,Developed,B,Q-Learning,+VolFore,1,9986.2299703565,0.0502817394300424,0.0680965968185596,-0.1329049342908995,-0.0005545488643731,-0.0041725227684561
ASX200,Developed,B,Q-Learning,+VolFore,2,10012.76642107986,0.0561073173450343,0.0768204984137914,-0.1289820999570392,0.0005137239702874,0.0039829090273348
ASX200,Developed,B,Q-Learning,+VolFore,3,9899.13755898127,0.0154704929334335,0.0210941542629257,-0.1439726375605923,-0.0040725768630248,-0.0282871588101773
ASX200,Developed,B,Q-Learning,+VolFore,4,10258.350497842912,0.150834907823911,0.2128980647006102,-0.1126562924215002,0.0103208755585042,0.0916138400844702
ASX200,Developed,B,PPO,Baseline,0,11601.513526851872,0.5463505073877634,0.7476579506222586,-0.1417167334064669,0.0616240634625757,0.434839711450256
ASX200,Developed,B,PPO,Baseline,1,11540.179566800634,0.5294300136635215,0.72384623150931,-0.1417167334064669,0.0593611363072816,0.4188717512744617
ASX200,Developed,B,PPO,Baseline,2,11504.118085174616,0.5217366090828502,0.7088936034926139,-0.1417167334064668,0.0580272858907717,0.4094596629173672
ASX200,Developed,B,PPO,Baseline,3,11566.91976407355,0.5368757657486604,0.7342214042171334,-0.1417167334064667,0.0603486018287775,0.4258396335968459
ASX200,Developed,B,PPO,Baseline,4,11601.513526851872,0.5463505073877634,0.7476579506222586,-0.1417167334064669,0.0616240634625757,0.434839711450256
ASX200,Developed,B,PPO,+VolFore,0,11601.513526851872,0.5463505073877634,0.7476579506222586,-0.1417167334064669,0.0616240634625757,0.434839711450256
ASX200,Developed,B,PPO,+VolFore,1,11563.9304485933,0.5359649448904538,0.7330947522407965,-0.1417167334064669,0.0602382797504252,0.425061164634856
ASX200,Developed,B,PPO,+VolFore,2,11554.167306603233,0.5332371514604648,0.7293131287292457,-0.1417167334064669,0.059877847711532,0.4225178373210873
ASX200,Developed,B,PPO,+VolFore,3,11523.152372342372,0.5247244697912292,0.7171733095338598,-0.1417167334064669,0.0587316412864324,0.4144298268403213
ASX200,Developed,B,PPO,+VolFore,4,11543.312951868736,0.5303296360962488,0.7249705844638146,-0.1417167334064669,0.0594769170218016,0.4196887381731585
BTC,Crypto,A,VTrule,-,-1,9616.935522446403,-0.0211944763815943,-0.0299708018950028,-0.2850060003274192,-0.0150289619739214,-0.0527320896984737
BTC,Crypto,A,Q-Learning,Baseline,0,9382.102313154184,-0.1060104199965416,-0.1068036297404782,-0.1785891356182557,-0.0244242714421673,-0.1367623587934194
BTC,Crypto,A,Q-Learning,Baseline,1,5450.622160653398,-1.2848874259598126,-1.372336078855241,-0.5000925546255884,-0.2096450609253907,-0.4192125217339608
BTC,Crypto,A,Q-Learning,Baseline,2,7455.731173062893,-0.7144633303591645,-0.7777371204026539,-0.3193379373954783,-0.1075879062659721,-0.3369092540119809
BTC,Crypto,A,Q-Learning,Baseline,3,8891.651577575522,-0.4518671475806027,-0.3720975824935567,-0.1458102203075913,-0.0445215793325282,-0.3053392227122569
BTC,Crypto,A,Q-Learning,Baseline,4,8065.666118453376,-0.5976222896420537,-0.5855078179227238,-0.2966457363655883,-0.0799633260104381,-0.2695583189222756
BTC,Crypto,A,Q-Learning,+RetFore,0,10777.947656609758,0.2912796632805464,0.4273666025337967,-0.0822808769514442,0.02947068465239,0.3581717373943782
BTC,Crypto,A,Q-Learning,+RetFore,1,7636.408917943713,-0.5476372260430609,-0.49896974251283,-0.2989053326849907,-0.0992650084533333,-0.3320951404959184
BTC,Crypto,A,Q-Learning,+RetFore,2,8647.075275144143,-0.4437201304790167,-0.4831052126449525,-0.2217779698076103,-0.0547978739326711,-0.2470843879577421
BTC,Crypto,A,Q-Learning,+RetFore,3,7344.683038910198,-0.7914907514296188,-0.8204044988249135,-0.3412204339616472,-0.1127647547525584,-0.3304748002427737
BTC,Crypto,A,Q-Learning,+RetFore,4,7503.098164370019,-0.7401633816373636,-0.8104924532582488,-0.2817931893164358,-0.1053941138440616,-0.3740122821965606
BTC,Crypto,A,Q-Learning,+VolFore,0,7511.355029699717,-0.6969710897765714,-0.6041803377577283,-0.2938690624964161,-0.1050125675392537,-0.3573447529549901
BTC,Crypto,A,Q-Learning,+VolFore,1,6966.115711208312,-0.9080231882461876,-0.9085204741798356,-0.3257837508994815,-0.1307820305275109,-0.4014381630944554
BTC,Crypto,A,Q-Learning,+VolFore,2,6849.089767480093,-0.9420874667041936,-0.7947041458612883,-0.3587545420961422,-0.1364725977951746,-0.3804066061363512
BTC,Crypto,A,Q-Learning,+VolFore,3,6600.130746257266,-1.121076243409414,-0.9351557703782396,-0.3772048610870761,-0.1487798270299061,-0.3944271200555035
BTC,Crypto,A,Q-Learning,+VolFore,4,6261.350375089003,-1.1626815870772975,-1.1714329368479528,-0.4250931021623784,-0.1659928951827848,-0.3904859766907905
BTC,Crypto,A,PPO,Baseline,0,9188.339576783836,0.0399612647661116,0.0583643708679659,-0.4489184695527718,-0.0322854250168188,-0.0719182372890801
BTC,Crypto,A,PPO,Baseline,1,9596.931669285965,0.0737085463033869,0.108062452757255,-0.3940172691348787,-0.0158237739224128,-0.0401601025181359
BTC,Crypto,A,PPO,Baseline,2,9515.887605373731,0.0261011999830529,0.0382671308675511,-0.3432261341150113,-0.0190543156189628,-0.0555153402523901
BTC,Crypto,A,PPO,Baseline,3,9454.4667199525,0.0600121677692873,0.0827667974247223,-0.4294043117163595,-0.0215138860051591,-0.0501017000018386
BTC,Crypto,A,PPO,Baseline,4,8744.10769010402,0.0008627640427633,0.0012366060074228,-0.4916399737993928,-0.0506998559528751,-0.1031239497491704
BTC,Crypto,A,PPO,+RetFore,0,8698.975319526133,-0.0149101410268772,-0.0211396864127874,-0.4934721703149392,-0.0526024713929687,-0.1065966321044824
BTC,Crypto,A,PPO,+RetFore,1,9185.213560409293,0.0117185349869035,0.0168334437739552,-0.4090139205152943,-0.0324130788672353,-0.0792468843757704
BTC,Crypto,A,PPO,+RetFore,2,8726.080381003709,0.0052945880342743,0.0075423155177814,-0.4934237048250663,-0.0514590983911888,-0.1042898788361382
BTC,Crypto,A,PPO,+RetFore,3,9145.948134925831,0.0347153344075242,0.0490783617163776,-0.4565478744334951,-0.0340187904770871,-0.0745130847870546
BTC,Crypto,A,PPO,+RetFore,4,9140.995345937816,0.0233199826496969,0.0323845649316422,-0.4412384967331208,-0.0342216283141654,-0.0775581200812279
BTC,Crypto,A,PPO,+VolFore,0,9274.53340895308,0.0103513644227558,0.0144021741314942,-0.4094964570713535,-0.0287760416404707,-0.0702717719371778
BTC,Crypto,A,PPO,+VolFore,1,8417.259211496945,-0.0662601945424391,-0.092635595480744,-0.4858101767363144,-0.0646174652207854,-0.1330096986743965
BTC,Crypto,A,PPO,+VolFore,2,8622.658443987113,-0.0125155552827771,-0.0180012862741548,-0.49479539792983,-0.0558335114753778,-0.1128416143498228
BTC,Crypto,A,PPO,+VolFore,3,8660.284980091412,-0.0141499378558231,-0.0202844559268124,-0.491120105245925,-0.0542383318525547,-0.1104380196882489
BTC,Crypto,A,PPO,+VolFore,4,8929.164445702783,0.0059283247620974,0.0081345181206821,-0.4704320858379603,-0.0429607843454713,-0.091321968969986
BTC,Crypto,B,VTrule,-,-1,9616.935522446403,-0.0211944763815943,-0.0299708018950028,-0.2850060003274192,-0.0150289619739214,-0.0527320896984737
BTC,Crypto,B,Q-Learning,Baseline,0,8610.840728086501,-0.3472508120198028,-0.3958192825544488,-0.2496026817467985,-0.0563354036825497,-0.2257003141475526
BTC,Crypto,B,Q-Learning,Baseline,1,8239.024351621276,-0.5182742899655384,-0.6154500739303835,-0.2795378138708841,-0.0723467092515749,-0.2588083102228609
BTC,Crypto,B,Q-Learning,Baseline,2,9881.1608546299,0.005260222451637,0.0064595285823447,-0.1736335742671263,-0.0046241729266749,-0.026631790229315
BTC,Crypto,B,Q-Learning,Baseline,3,7860.677999022669,-0.4940255301148137,-0.5804260938409102,-0.3179075560132107,-0.08910011207597,-0.2802705075433538
BTC,Crypto,B,Q-Learning,Baseline,4,9378.059426880474,-0.0961134433286901,-0.1150425925874076,-0.2555649137279226,-0.0245872749068353,-0.09620755270387
BTC,Crypto,B,Q-Learning,+VolFore,0,9602.998922924184,-0.0869065624563153,-0.1070470517153665,-0.1655284581830283,-0.0155825969917943,-0.0941384772307259
BTC,Crypto,B,Q-Learning,+VolFore,1,7909.30818614062,-0.6511004859693906,-0.7774042077002682,-0.2960630086852021,-0.0869194762062727,-0.2935843845942905
BTC,Crypto,B,Q-Learning,+VolFore,2,8417.022829840835,-0.4904687921269416,-0.5290702946186902,-0.2416065841851775,-0.064627649334599,-0.2674912587845628
BTC,Crypto,B,Q-Learning,+VolFore,3,8162.126141128266,-0.6147224932392246,-0.7410078355653005,-0.2977970944007739,-0.0757130554348702,-0.254243768183721
BTC,Crypto,B,Q-Learning,+VolFore,4,8130.369771935313,-0.4964102764760342,-0.5809994457817925,-0.3446730062434035,-0.0771089082573148,-0.2237161218324067
BTC,Crypto,B,PPO,Baseline,0,9327.336404273352,0.0236218319434429,0.0337072128814599,-0.4152293139647417,-0.0266360221882904,-0.064147740278491
BTC,Crypto,B,PPO,Baseline,1,9325.946343743291,-0.0045364289899548,-0.0063068633932201,-0.3751017102784315,-0.0266922638756482,-0.0711600697735126
BTC,Crypto,B,PPO,Baseline,2,9127.541800572706,-0.0155640854479704,-0.0220773528296105,-0.4148859175015675,-0.0347729482783752,-0.0838132768826989
BTC,Crypto,B,PPO,Baseline,3,9407.98331401124,0.0309738358042767,0.0440083336536203,-0.411472939207698,-0.0233818035626114,-0.0568246446718389
BTC,Crypto,B,PPO,Baseline,4,9296.003439687993,-0.0056962432533479,-0.0078230808914655,-0.3862947239999839,-0.0279049985425935,-0.0722375865079701
BTC,Crypto,B,PPO,+VolFore,0,9143.662233794315,-0.0740705249919191,-0.0967467220279551,-0.3529564903879158,-0.0341123995202178,-0.0966476051556101
BTC,Crypto,B,PPO,+VolFore,1,8936.151694016477,-0.0878774409042828,-0.1153786156269377,-0.4052292250705453,-0.0426705102630557,-0.1052996862591095
BTC,Crypto,B,PPO,+VolFore,2,9415.662322148368,-0.0374764939675763,-0.0497278591186696,-0.3196439175790078,-0.0230728365642893,-0.0721829363717336
BTC,Crypto,B,PPO,+VolFore,3,9343.26250091523,-0.0003092026622869,-0.0004229333061258,-0.4003929928012279,-0.0259920200890597,-0.0649162711543715
BTC,Crypto,B,PPO,+VolFore,4,9520.75538967588,0.0183644864920322,0.0254411717581383,-0.3761926857613488,-0.0188598037238505,-0.0501333610078873
Bovespa,Emerging,A,VTrule,-,-1,12480.094212644086,0.7605221587528507,1.152982790688052,-0.1342184709392157,0.0950295938523002,0.7080217289513662
Bovespa,Emerging,A,Q-Learning,Baseline,0,9614.32344800733,-0.3473693393355195,-0.291663901732512,-0.0763361643828201,-0.0159869798132518,-0.2094286494782325
Bovespa,Emerging,A,Q-Learning,Baseline,1,8823.584605998556,-1.0474619008158843,-0.7421739657973158,-0.1379880310025421,-0.0499909782530869,-0.3622848872436168
Bovespa,Emerging,A,Q-Learning,Baseline,2,9449.967498048616,-0.6139084943355251,-0.484478328762383,-0.0709601137940276,-0.0229148300502008,-0.3229254975040159
Bovespa,Emerging,A,Q-Learning,Baseline,3,9471.627274982662,-0.4807765940920578,-0.4031542249708969,-0.0712062913637135,-0.0219977906456664,-0.3089304361182821
Bovespa,Emerging,A,Q-Learning,Baseline,4,9350.125019505516,-0.717007597693534,-0.4172787392241054,-0.0830723007252853,-0.0271581184876218,-0.3269214678079646
Bovespa,Emerging,A,Q-Learning,+RetFore,0,8559.361079956452,-1.1029202325002152,-0.9402423276143952,-0.1680258383302912,-0.0617524689695215,-0.3675176959853411
Bovespa,Emerging,A,Q-Learning,+RetFore,1,9684.291743932372,-0.2643024807874007,-0.3147493475301104,-0.062970493229832,-0.0130589286080851,-0.2073817106722472
Bovespa,Emerging,A,Q-Learning,+RetFore,2,9327.664179025782,-0.5389652118902037,-0.5995469883127384,-0.0817242194997422,-0.028116380875108,-0.3440397601454323
Bovespa,Emerging,A,Q-Learning,+RetFore,3,8507.293306154716,-1.0968396028183187,-1.0667263395321704,-0.1858371224550312,-0.0640953595826904,-0.3449007320798097
Bovespa,Emerging,A,Q-Learning,+RetFore,4,9195.062407129652,-0.841222986054438,-0.7731549362795027,-0.1088548960252342,-0.0338016124495814,-0.3105199093795027
Bovespa,Emerging,A,Q-Learning,+VolFore,0,8906.485906781149,-0.7947407373463008,-0.7127234487121248,-0.1093514093218851,-0.0463436945961134,-0.4238051880911111
Bovespa,Emerging,A,Q-Learning,+VolFore,1,10361.439637144776,0.4411810840571768,0.4864435462871115,-0.0271558952638886,0.0146551885354919,0.539668767777304
Bovespa,Emerging,A,Q-Learning,+VolFore,2,9781.149236630044,-0.2973964658940626,-0.250807450465773,-0.0500779975005597,-0.0090261443318272,-0.1802417185620516
Bovespa,Emerging,A,Q-Learning,+VolFore,3,10527.42974460062,0.3795961069807455,0.479260127274442,-0.064782511020968,0.0212844508096567,0.3285524206130131
Bovespa,Emerging,A,Q-Learning,+VolFore,4,9658.88324217428,-0.3318705824727017,-0.3078615234122807,-0.0630541074339729,-0.0141207817469132,-0.2239470562877421
Bovespa,Emerging,A,PPO,Baseline,0,11543.91980649722,0.5756441166231291,0.826680003217154,-0.1384932882607941,0.0605951708596315,0.437531461778049
Bovespa,Emerging,A,PPO,Baseline,1,11624.323404275665,0.6079604328972757,0.8659581043587291,-0.138271865454289,0.0636158661298758,0.4600781650005751
Bovespa,Emerging,A,PPO,Baseline,2,11165.380336474407,0.5172984941797982,0.7354485295071193,-0.1149352833493324,0.046204219610189,0.4020020507484609
Bovespa,Emerging,A,PPO,Baseline,3,10781.594187663815,0.3581424276864078,0.4651897404613453,-0.1389637265051949,0.031316701320935,0.2253588192278286
Bovespa,Emerging,A,PPO,Baseline,4,11832.991909338538,0.6560984134066367,0.9627446124153884,-0.1402182802522864,0.0713982798299892,0.5091938062641859
Bovespa,Emerging,A,PPO,+RetFore,0,11434.715910960203,0.5533264289820451,0.8033946345436196,-0.1324648354613717,0.0564725178791756,0.4263208245573772
Bovespa,Emerging,A,PPO,+RetFore,1,11279.07083175464,0.528350485624744,0.7402961790968154,-0.1235711589068954,0.0505562558749039,0.4091266629018701
Bovespa,Emerging,A,PPO,+RetFore,2,11098.320751461744,0.4530530536122543,0.6221752199859913,-0.1261957146823165,0.0436249259029055,0.3456926093915366
Bovespa,Emerging,A,PPO,+RetFore,3,11458.504983405972,0.5534296676768963,0.7982255941318025,-0.1372934437901052,0.0573725734473338,0.4178828344828129
Bovespa,Emerging,A,PPO,+RetFore,4,11577.183448425094,0.5866275146400807,0.8605713190988696,-0.1358511274142367,0.0618463590975086,0.4552509815282707
Bovespa,Emerging,A,PPO,+VolFore,0,11690.772917115672,0.6246012310584546,0.908106289827666,-0.1382053110367336,0.0661030235484925,0.4782958270716865
Bovespa,Emerging,A,PPO,+VolFore,1,11217.608587706474,0.5016540897343787,0.6980598624181904,-0.1255587903225151,0.0482067328026458,0.3839375377736299
Bovespa,Emerging,A,PPO,+VolFore,2,11296.562065195969,0.5334619905098901,0.7391199901823217,-0.1252892476229688,0.0512235129789317,0.4088420510965884
Bovespa,Emerging,A,PPO,+VolFore,3,11508.520882022543,0.6120545878774905,0.8627789509253895,-0.1238410007316463,0.0592613259820902,0.4785275121445951
Bovespa,Emerging,A,PPO,+VolFore,4,11785.390871397733,0.6526825126216541,0.9550023829947544,-0.1338230585544101,0.0696301481164964,0.5203150254383534
Bovespa,Emerging,B,VTrule,-,-1,12480.094212644086,0.7605221587528507,1.152982790688052,-0.1342184709392157,0.0950295938523002,0.7080217289513662
Bovespa,Emerging,B,Q-Learning,Baseline,0,10397.502862700188,0.1966343826895389,0.2832249740468854,-0.1267739312550273,0.0161007709858032,0.1270037998055511
Bovespa,Emerging,B,Q-Learning,Baseline,1,10849.813425219878,0.3671017464894789,0.5566352759565321,-0.1154367880076712,0.033985601510811,0.2944087590886383
Bovespa,Emerging,B,Q-Learning,Baseline,2,10673.37141739593,0.2955745888700833,0.4596235581452916,-0.1381810018870561,0.0270622393696362,0.1958463102732461
Bovespa,Emerging,B,Q-Learning,Baseline,3,10003.211835710696,0.0539360699170257,0.0805585689366182,-0.1528440628899174,0.0001315944540059,0.0008609719704966
Bovespa,Emerging,B,Q-Learning,Baseline,4,10819.933310768747,0.3493658372887607,0.5315958476627566,-0.1397088751191728,0.0328178424340146,0.2349016295907174
Bovespa,Emerging,B,Q-Learning,+VolFore,0,10941.49405851939,0.411710722401119,0.6067575831922682,-0.1148974451902066,0.0375568140933002,0.3268724907747082
Bovespa,Emerging,B,Q-Learning,+VolFore,1,10150.412625185616,0.1107321521419286,0.1621167810159771,-0.1541025625980595,0.0061361063594833,0.0398183278460342
Bovespa,Emerging,B,Q-Learning,+VolFore,2,11813.102195630718,0.6468203486709014,0.9930696426647604,-0.1404201669439754,0.0706599916599881,0.503204014047902
Bovespa,Emerging,B,Q-Learning,+VolFore,3,11109.733761389947,0.4630245002184605,0.6889536504728362,-0.1259254789775298,0.0440645495440072,0.3499256060127455
Bovespa,Emerging,B,Q-Learning,+VolFore,4,10328.063506965917,0.1674792988442789,0.2382243870345778,-0.1631704390722317,0.0133146689810683,0.0815997619219047
Bovespa,Emerging,B,PPO,Baseline,0,11978.203124222744,0.6271415729531578,0.9201268785846366,-0.1618462382023582,0.0767663283027566,0.4743164200474062
DAX,Developed,A,VTrule,-,-1,14160.24116725835,1.0705799676325416,1.5594251760910791,-0.1149349035025475,0.1492863800625017,1.2988776734640393
DAX,Developed,A,Q-Learning,Baseline,0,10267.982685314984,0.2141949755305278,0.1590586078649682,-0.0897015236681925,0.0106343403865774,0.1185525055939456
DAX,Developed,A,Q-Learning,Baseline,1,10361.3098827613,0.271756424656573,0.2212391979517054,-0.0944169429572074,0.0142986911097036,0.1514420045990342
DAX,Developed,A,Q-Learning,Baseline,2,10962.128390343045,0.8559307815798705,0.7330055879347925,-0.0486887988372827,0.0374279722221555,0.7687183318378943
DAX,Developed,A,Q-Learning,Baseline,3,10369.082160540784,0.3123971602755854,0.2923330319439503,-0.0693263844787802,0.014602962979344,0.2106407695846758
DAX,Developed,A,Q-Learning,Baseline,4,10453.064572953108,0.3344631259846045,0.3192333650347885,-0.0738865998501313,0.0178820441188198,0.2420201248243809
DAX,Developed,A,Q-Learning,+RetFore,0,9516.104369444764,-0.2965458610443562,-0.2692456753183078,-0.1425862202858691,-0.019644299160504,-0.1377713717425265
DAX,Developed,A,Q-Learning,+RetFore,1,9593.720783370203,-0.2588295276294715,-0.2057255098298135,-0.0848277012599197,-0.0164536527333976,-0.1939655618250004
DAX,Developed,A,Q-Learning,+RetFore,2,9169.060539717835,-0.4427108294562284,-0.3847933968542998,-0.1298109972458954,-0.0341049596147375,-0.2627278145769984
DAX,Developed,A,Q-Learning,+RetFore,3,9456.959206029918,-0.3622856339303175,-0.3346744079235248,-0.109257858948138,-0.0220861291478648,-0.2021468236728533
DAX,Developed,A,Q-Learning,+RetFore,4,8820.177885857613,-1.1262723621886288,-0.9391994839418452,-0.1299654737196647,-0.0489771809081486,-0.3768476311902302
DAX,Developed,A,Q-Learning,+VolFore,0,10386.100859670478,0.2683143946186868,0.2604094191203366,-0.0883864257654758,0.0152687394698871,0.1727498237142026
DAX,Developed,A,Q-Learning,+VolFore,1,10261.335469797135,0.2190032139282326,0.2488878109610589,-0.0908508453135299,0.0103725865592103,0.1141716020726056
DAX,Developed,A,Q-Learning,+VolFore,2,8937.971339405758,-0.6324177532904138,-0.662192661008755,-0.154003777654041,-0.0439170287012534,-0.285168515798521
DAX,Developed,A,Q-Learning,+VolFore,3,9571.772370050609,-0.2000552978482712,-0.1813417643768386,-0.1306677064077333,-0.0173543300196437,-0.1328126933318836
DAX,Developed,A,Q-Learning,+VolFore,4,9954.978809861508,0.0017806043331969,0.0014197246374639,-0.1047035477913055,-0.0018032857520023,-0.0172227760188171
DAX,Developed,A,PPO,Baseline,0,13786.16201895396,1.0466602250271109,1.4203500380106868,-0.1463196060533921,0.1370442105603664,0.9366086627476452
DAX,Developed,A,PPO,Baseline,1,13145.365599420154,1.037809061950145,1.30461487460045,-0.1420147920990438,0.1156014438932433,0.8140098801243649
DAX,Developed,A,PPO,Baseline,2,13651.610982099764,1.0560502516502492,1.4170771687080024,-0.140986877255528,0.1325921876220483,0.9404576525288564
DAX,Developed,A,PPO,Baseline,3,13224.082291646151,1.0370011878822036,1.4147020391577885,-0.1275685217371971,0.118268823472593,0.9271003681873068
DAX,Developed,A,PPO,Baseline,4,13591.119036425538,1.0874367808326166,1.4876346675830463,-0.1320850658005987,0.1305820513101199,0.9886208597288626
DAX,Developed,A,PPO,+RetFore,0,14620.616706498333,1.0872438150679402,1.5307552935427715,-0.158419047578728,0.1640892447643966,1.0357923953671986
DAX,Developed,A,PPO,+RetFore,1,13618.58529419675,1.0293012218715116,1.421933838913277,-0.141563523807927,0.1314954139800175,0.9288792087254146
DAX,Developed,A,PPO,+RetFore,2,13902.655628546068,1.0122200212206858,1.382557631533947,-0.1586701203700502,0.1408777388656374,0.8878655826074547
DAX,Developed,A,PPO,+RetFore,3,14238.185791713457,1.0614891263960804,1.4747082903551358,-0.1570581852983214,0.1518126986097256,0.966601634422307
DAX,Developed,A,PPO,+RetFore,4,13758.262053608256,1.0501698822825078,1.4532131558989132,-0.1445205511699489,0.1361232065819853,0.941895152482288
DAX,Developed,A,PPO,+VolFore,0,13560.943068701285,1.0702506471915982,1.4187078710393717,-0.1425083030423181,0.1295773022928399,0.9092614221464164
DAX,Developed,A,PPO,+VolFore,1,13708.096209445404,1.0777212296539342,1.48105708914927,-0.140840349470386,0.1344643620067045,0.9547289715723344
DAX,Developed,A,PPO,+VolFore,2,13487.58034763694,1.0406047379783414,1.3691836346607933,-0.1521793837872732,0.1271289844707239,0.8353890080643128
DAX,Developed,A,PPO,+VolFore,3,14155.232199327487,1.05165828921074,1.4793836095521782,-0.1493230583218916,0.1491237458368339,0.9986652263334528
DAX,Developed,A,PPO,+VolFore,4,13776.119131044425,1.056125350098667,1.467610724600395,-0.1386889093954176,0.1367128143648273,0.9857516001806458
DAX,Developed,B,VTrule,-,-1,14160.24116725835,1.0705799676325416,1.5594251760910791,-0.1149349035025475,0.1492863800625017,1.2988776734640393
DAX,Developed,B,Q-Learning,Baseline,0,12219.9171649661,0.7101798678540037,0.9823855292058414,-0.1237743527606758,0.0834959811310294,0.6745822480025294
DAX,Developed,B,Q-Learning,Baseline,1,11682.706309675352,0.5976344682147582,0.8361472181757834,-0.113270486383885,0.0641856139061316,0.5666578819837808
DAX,Developed,B,Q-Learning,Baseline,2,12248.439043355776,0.7221276050069627,1.0126772012760397,-0.130183057829671,0.0845068465279235,0.6491385894302887
DAX,Developed,B,Q-Learning,Baseline,3,12545.392577014834,0.8161819126936183,1.166083297221058,-0.0972194486705239,0.0949485238006275,0.9766412492363622
DAX,Developed,B,Q-Learning,Baseline,4,12633.759769325625,0.7760514221043348,1.0725609982014597,-0.1213202962498204,0.0980270668971121,0.8080022051252552
DAX,Developed,B,Q-Learning,+VolFore,0,11420.35062831295,0.4929057835846105,0.6983869648988773,-0.1161724563199448,0.0545611675932151,0.4696566580505218
DAX,Developed,B,Q-Learning,+VolFore,1,12302.466693951454,0.7429152136150541,1.029966902105104,-0.1110864896130478,0.0864178166480575,0.7779327346493923
DAX,Developed,B,Q-Learning,+VolFore,2,11430.564962403583,0.5010680236607568,0.6881071427174769,-0.1208322916027932,0.0549383451974581,0.4546660869231866
DAX,Developed,B,Q-Learning,+VolFore,3,12066.74141966192,0.7052158921240977,1.011494640414457,-0.1034282304931362,0.0780427978518383,0.754559925070582
DAX,Developed,B,Q-Learning,+VolFore,4,12694.207861543038,0.8228465226246601,1.1813914513369228,-0.1145396125627798,0.1001255272959016,0.8741563294545641
DAX,Developed,B,PPO,Baseline,0,14363.803228026143,1.013272465002675,1.4325591936069662,-0.1526850089805224,0.1558667711327617,1.0208387331045987
DAX,Developed,B,PPO,Baseline,1,14687.166668234013,1.0638984051334504,1.5158248762664588,-0.1526850089805226,0.1662058329781199,1.0885537099338525
DAX,Developed,B,PPO,Baseline,2,14687.166668234013,1.0638984051334504,1.5158248762664588,-0.1526850089805226,0.1662058329781199,1.0885537099338525
DAX,Developed,B,PPO,Baseline,3,14613.97262555109,1.0534592735760575,1.4997516273446394,-0.1526850089805224,0.1638776159939237,1.0733052123915832
DAX,Developed,B,PPO,Baseline,4,14569.293597685908,1.049199091199733,1.494716630276962,-0.1502450816260258,0.1624529878211842,1.081253283381773
DAX,Developed,B,PPO,+VolFore,0,14687.166668234013,1.0638984051334504,1.5158248762664588,-0.1526850089805226,0.1662058329781199,1.0885537099338525
DAX,Developed,B,PPO,+VolFore,1,14108.568166319808,0.9982874613388704,1.4027166437536056,-0.1512846381186579,0.1476069675093474,0.9756903896124492
DAX,Developed,B,PPO,+VolFore,2,14610.907057850982,1.058708835334499,1.5025571970556435,-0.1526850089805226,0.1637799513745348,1.0726655646616552
DAX,Developed,B,PPO,+VolFore,3,14425.187663884864,1.0292730188075845,1.4636097661319851,-0.1526850089805224,0.1578401056299934,1.033762952125148
DAX,Developed,B,PPO,+VolFore,4,14687.166668234013,1.0638984051334504,1.5158248762664588,-0.1526850089805226,0.1662058329781199,1.0885537099338525
DSE,Frontier,A,VTrule,-,-1,7917.047193046781,-0.8020430880851379,-1.3969069196646555,-0.2841082079964175,-0.1172391129011267,-0.4126565498670578
DSE,Frontier,A,Q-Learning,Baseline,0,9501.395232026156,-0.572956457467012,-0.5048562804822987,-0.0880852644531186,-0.0269375314980411,-0.3058120068660539
DSE,Frontier,A,Q-Learning,Baseline,1,9290.722960173429,-0.6658595814541101,-0.734028965735744,-0.084988681982542,-0.0385168279846871,-0.4531994976948329
DSE,Frontier,A,Q-Learning,Baseline,2,9032.09330408946,-1.041190601302171,-0.9957390620360428,-0.1193453325781758,-0.0529007125357643,-0.4432574897779858
DSE,Frontier,A,Q-Learning,Baseline,3,9606.376468711664,-0.2929713688745753,-0.3261073443136512,-0.1150688291679213,-0.0212120787748332,-0.1843425272337987
DSE,Frontier,A,Q-Learning,Baseline,4,9262.47113896218,-0.843389616681989,-0.8060064054676969,-0.0876433744258915,-0.0400789152495928,-0.4572954374665824
DSE,Frontier,A,Q-Learning,+RetFore,0,8664.975613081468,-1.3675691406343509,-1.6537204425514531,-0.1425936220207596,-0.0736521649966852,-0.5165179476642089
DSE,Frontier,A,Q-Learning,+RetFore,1,8750.512395713322,-1.1537039489313372,-1.3853018382885216,-0.1439818815308108,-0.0687811134755411,-0.4777067277061865
DSE,Frontier,A,Q-Learning,+RetFore,2,8845.884153264793,-1.0383032014684417,-1.2070516154377775,-0.1564648357278277,-0.0633760854395778,-0.4050500238239866
DSE,Frontier,A,Q-Learning,+RetFore,3,8426.390912838266,-1.4252225560085954,-1.8957647950069303,-0.1651585766010139,-0.0873585746387459,-0.5289375607132758
DSE,Frontier,A,Q-Learning,+RetFore,4,8773.975869240949,-1.4083415013616976,-1.565807230738853,-0.1315785601668395,-0.0674488257731281,-0.5126125843533437
DSE,Frontier,A,Q-Learning,+VolFore,0,9602.95124801866,-0.3885637800596365,-0.4870260678892538,-0.0761092251189817,-0.0213984213929331,-0.2811541092318281
DSE,Frontier,A,Q-Learning,+VolFore,1,9160.965702764312,-1.128034471847982,-0.9676002589817936,-0.104041777595725,-0.0457097168707472,-0.4393400221199798
DSE,Frontier,A,Q-Learning,+VolFore,2,9221.523800613995,-0.7421999514012327,-0.6984453443204603,-0.0883555248630352,-0.0423469048535573,-0.4792785161847241
DSE,Frontier,A,Q-Learning,+VolFore,3,9222.706592243829,-0.8372205178775601,-0.7959904868893074,-0.1013420959878848,-0.0422813266782373,-0.417213856351212
DSE,Frontier,A,Q-Learning,+VolFore,4,8915.174678216996,-1.433237741093335,-1.3000409638105124,-0.1151319728751284,-0.059466183344945,-0.5165045109487114
DSE,Frontier,A,PPO,Baseline,0,8588.495006984213,-0.7209766834880073,-1.2918807579647718,-0.1918064559341588,-0.0780265086906873,-0.4067981357054252
DSE,Frontier,A,PPO,Baseline,1,8694.192296182015,-0.630232464641425,-1.141562798191933,-0.1908457545286037,-0.0719858567052706,-0.3771939118200523
DSE,Frontier,A,PPO,Baseline,2,8344.992570117583,-0.7644358152340407,-1.3448161352670045,-0.2305660238301679,-0.0920760964983018,-0.3993480694524385
DSE,Frontier,A,PPO,Baseline,3,8513.72470572083,-0.6969559042812451,-1.2446996063398574,-0.2161956439447148,-0.082320617576417,-0.3807690852322962
DSE,Frontier,A,PPO,Baseline,4,8178.390187046127,-0.9231805752408806,-1.575582474706124,-0.2422594758042317,-0.1017990693898012,-0.4202067599272944
DSE,Frontier,A,PPO,+RetFore,0,8560.191670851853,-0.7102773637245264,-1.2668859378291777,-0.2192574863716248,-0.0796499309401531,-0.363271203450674
DSE,Frontier,A,PPO,+RetFore,1,8147.8959545013795,-0.8452505964043225,-1.4536594824491331,-0.2538764798016306,-0.1035886853077272,-0.4080278936759303
DSE,Frontier,A,PPO,+RetFore,2,8199.35426471067,-0.8100013448026884,-1.4158616871966845,-0.2531905175395663,-0.1005705534955001,-0.3972129543887309
DSE,Frontier,A,PPO,+RetFore,3,8488.703638480747,-0.7038415418629433,-1.2064693781372051,-0.2424677588528258,-0.0837615165250758,-0.3454542448077489
DSE,Frontier,A,PPO,+RetFore,4,8287.31350763836,-0.732744941555417,-1.2870952284581667,-0.243322312251856,-0.0954319392375524,-0.3922038154001321
DSE,Frontier,A,PPO,+VolFore,0,8360.626249676636,-0.8257051980130872,-1.429600096348295,-0.226038006532705,-0.091168372615448,-0.4033320502755971
DSE,Frontier,A,PPO,+VolFore,1,8741.92945810414,-0.590151847486064,-1.0250569547414703,-0.1905372786902429,-0.0692688801217047,-0.3635450269758069
DSE,Frontier,A,PPO,+VolFore,2,7993.531847282361,-0.9079312986356592,-1.542266616466491,-0.2615068238956406,-0.1126961582201564,-0.4309492063759647
DSE,Frontier,A,PPO,+VolFore,3,8655.403606237722,-0.6339245874001672,-1.1433491354043126,-0.1926502299262343,-0.0741986523827774,-0.3851469702932768
DSE,Frontier,A,PPO,+VolFore,4,8347.310227789356,-0.7536804356917606,-1.3344592035442426,-0.2293606526786331,-0.0919414784715786,-0.4008598571612927
DSE,Frontier,B,VTrule,-,-1,7917.047193046781,-0.8020430880851379,-1.3969069196646555,-0.2841082079964175,-0.1172391129011267,-0.4126565498670578
DSE,Frontier,B,Q-Learning,Baseline,0,7318.9845393039,-1.216585533609699,-2.034788550406565,-0.3096281028022061,-0.1534930507018616,-0.4957335891420002
DSE,Frontier,B,Q-Learning,Baseline,1,7613.547743981939,-1.0494802151839413,-1.7863845756238772,-0.2870681853042321,-0.1354710510294885,-0.4719124513412926
DSE,Frontier,B,Q-Learning,Baseline,2,7793.944420968243,-1.0004341374903725,-1.6426096272225812,-0.2732095640429674,-0.1245942229273018,-0.4560390239752038
DSE,Frontier,B,Q-Learning,Baseline,3,7413.351442250121,-1.2669849048779187,-2.1460544720940296,-0.2986605267826527,-0.1476832774862763,-0.4944854248959953
DSE,Frontier,B,Q-Learning,Baseline,4,7492.362117233294,-1.197508314743991,-2.072925477058144,-0.2915985438194166,-0.1428453843102265,-0.4898700193722471
DSE,Frontier,B,Q-Learning,+VolFore,0,7407.340711487936,-1.2308589681155475,-2.059328376191741,-0.3028249968662967,-0.1480523012427556,-0.4889038315011846
DSE,Frontier,B,Q-Learning,+VolFore,1,7274.933407818436,-1.3074276349250749,-2.1769345086876952,-0.3076903022081135,-0.1562170428484842,-0.5077086984116761
DSE,Frontier,B,Q-Learning,+VolFore,2,7150.259058869335,-1.450220289036743,-2.390010671309967,-0.3130900245949203,-0.1639684952068545,-0.523710378248158
DSE,Frontier,B,Q-Learning,+VolFore,3,7754.688879977091,-1.1132582845811527,-1.879086102400732,-0.2793677469795551,-0.1269510208475335,-0.4544226104109639
DSE,Frontier,B,Q-Learning,+VolFore,4,7443.176580953546,-1.1859598793346116,-1.983466032672443,-0.2997908777504351,-0.1458542474079417,-0.4865199651901133
DSE,Frontier,B,PPO,Baseline,0,7914.556871132662,-0.8033188488532925,-1.398976068517379,-0.2843333930905938,-0.1173873734902396,-0.4128511681792684
DSE,Frontier,B,PPO,Baseline,1,7914.556871132662,-0.8033188488532925,-1.398976068517379,-0.2843333930905938,-0.1173873734902396,-0.4128511681792684
DSE,Frontier,B,PPO,Baseline,2,7914.556871132662,-0.8033188488532925,-1.398976068517379,-0.2843333930905938,-0.1173873734902396,-0.4128511681792684
DSE,Frontier,B,PPO,Baseline,3,7914.556871132662,-0.8033188488532925,-1.398976068517379,-0.2843333930905938,-0.1173873734902396,-0.4128511681792684
DSE,Frontier,B,PPO,Baseline,4,7904.759306242262,-0.8745881838032286,-1.4973220915191303,-0.2798140396140343,-0.117970879822427,-0.4216045770424184
DSE,Frontier,B,PPO,+VolFore,0,7917.047193046781,-0.8020430880851379,-1.3969069196646555,-0.2841082079964175,-0.1172391129011267,-0.4126565498670578
DSE,Frontier,B,PPO,+VolFore,1,7914.556871132662,-0.8033188488532925,-1.398976068517379,-0.2843333930905938,-0.1173873734902396,-0.4128511681792684
DSE,Frontier,B,PPO,+VolFore,2,7805.87840291373,-0.8748866878678904,-1.4942856352144838,-0.2941605447379639,-0.1238788357768994,-0.4211266194343931
DSE,Frontier,B,PPO,+VolFore,3,7820.574288392738,-0.8595231979433661,-1.479289541226833,-0.292831682659197,-0.1229985852891939,-0.4200316856831436
DSE,Frontier,B,PPO,+VolFore,4,7839.741727197896,-0.8470648380392248,-1.4622779572360498,-0.2910984844377195,-0.1218516565386022,-0.4185925487504685
ETH,Crypto,A,VTrule,-,-1,11947.446133975098,0.6417056051579467,1.035287513897026,-0.2634427212266406,0.0983459782037579,0.3733106678577665
ETH,Crypto,A,Q-Learning,Baseline,0,16197.855784676256,1.3231137868815852,2.1735297465139007,-0.1212992684964957,0.2895117614569578,2.386756037716212
ETH,Crypto,A,Q-Learning,Baseline,1,12644.873484251855,0.6777252161331901,0.8098461705563152,-0.2055892776691626,0.1316939057224746,0.6405679674294972
ETH,Crypto,A,Q-Learning,Baseline,2,10536.299031573632,0.2378454023251396,0.324018970020854,-0.1949625214090274,0.0279241843488093,0.1432284735899665
ETH,Crypto,A,Q-Learning,Baseline,3,10949.718488598046,0.4149242011764532,0.4699542120795614,-0.1837000314194309,0.0489942445211213,0.2667078722974689
ETH,Crypto,A,Q-Learning,Baseline,4,11224.386544789784,0.4318715943035691,0.5682007916393501,-0.2175581009944232,0.0627853578707071,0.2885912203840571
ETH,Crypto,A,Q-Learning,+RetFore,0,8229.138973542762,-0.4719335427230529,-0.4822651724758228,-0.3810821089179186,-0.0976497950824034,-0.256243451993649
ETH,Crypto,A,Q-Learning,+RetFore,1,7511.823793648919,-0.5469217567500663,-0.5578321933886051,-0.3850498307706879,-0.1400100290637387,-0.3636153502084162
ETH,Crypto,A,Q-Learning,+RetFore,2,8972.539194505502,-0.1030721033426178,-0.1165836234767958,-0.3675514901522456,-0.0555539869736647,-0.1511461345198254
ETH,Crypto,A,Q-Learning,+RetFore,3,7576.372565192453,-0.5074642712768552,-0.5236614739366996,-0.3898317426136692,-0.136122002608361,-0.3491814229784551
ETH,Crypto,A,Q-Learning,+RetFore,4,6775.051456644464,-0.6430510925970898,-0.6469521946349769,-0.5293788879909063,-0.1855626396413656,-0.3505289762220415
ETH,Crypto,A,Q-Learning,+VolFore,0,15134.963080533777,1.1969844072393951,1.73798469227858,-0.1992670404587607,0.2441867547345504,1.225424707323139
ETH,Crypto,A,Q-Learning,+VolFore,1,14150.087564841577,0.8110527416394663,1.08561415727836,-0.4077046226111075,0.2008249624564146,0.4925746516430369
ETH,Crypto,A,Q-Learning,+VolFore,2,14532.590731224009,1.3372300623839009,1.6789292166048977,-0.1236709273134789,0.2178301139724496,1.7613688091667357
ETH,Crypto,A,Q-Learning,+VolFore,3,17543.00012086935,1.4721850000288843,2.5957119017159096,-0.1815166579473605,0.3449023153778032,1.9001138478206452
ETH,Crypto,A,Q-Learning,+VolFore,4,20340.21266770816,1.694452109537698,2.961459369046973,-0.1650368849648477,0.4539985782260163,2.7508915859625285
ETH,Crypto,A,PPO,Baseline,0,12664.440955671433,0.4947377597185346,0.7755603325252836,-0.5990120182505366,0.1326168235981903,0.2213925923978741
ETH,Crypto,A,PPO,Baseline,1,12027.941327718332,0.4532118291681882,0.7151261269634862,-0.4793310918272943,0.1022410609555486,0.2132994556342557
ETH,Crypto,A,PPO,Baseline,2,12075.260565909117,0.4512533181015864,0.6708887658877402,-0.5429479295424654,0.1045250412724039,0.1925139328927788
ETH,Crypto,A,PPO,Baseline,3,13459.49548957682,0.5758114618278055,0.9065367325550407,-0.562219010092138,0.1695627872233962,0.3015956134163913
ETH,Crypto,A,PPO,Baseline,4,11510.414379258496,0.3890626018383677,0.5239605247414515,-0.4983130515648579,0.076978290389567,0.1544777728531829
ETH,Crypto,A,PPO,+RetFore,0,8605.134434381886,0.0013539120559752,0.0018120004921278,-0.6589560312606737,-0.0761436324258917,-0.11555191668874
ETH,Crypto,A,PPO,+RetFore,1,8934.73965994687,0.0389043778050773,0.0532341307365258,-0.6581444682143202,-0.057653671609452,-0.0876003284898687
ETH,Crypto,A,PPO,+RetFore,2,10402.854706426437,0.2530550751777291,0.3565698497912771,-0.6062799975109305,0.0210400039614999,0.0347034440322038
ETH,Crypto,A,PPO,+RetFore,3,10650.191115065336,0.3179891443869753,0.4888394879194648,-0.6849886053659445,0.0337671567403614,0.0492959393423377
ETH,Crypto,A,PPO,+RetFore,4,8640.003135495348,0.0245535939251906,0.0349212970594187,-0.6565971875900882,-0.074171937044527,-0.1129641406425265
ETH,Crypto,A,PPO,+VolFore,0,13522.139284095898,0.5924232348528307,0.9323146504933032,-0.5238669863460332,0.1724293961297989,0.3291472847566956
ETH,Crypto,A,PPO,+VolFore,1,11839.841218320147,0.4253098467276782,0.6129811600279325,-0.529201607581755,0.0931196504807203,0.1759625238216204
ETH,Crypto,A,PPO,+VolFore,2,11864.814022273273,0.4243968575733823,0.6474430399316511,-0.5976395824154135,0.0943345640878905,0.1578452412848412
ETH,Crypto,A,PPO,+VolFore,3,14573.586901405572,0.6841793799103497,1.0811862850280798,-0.5073543711473303,0.2196400793898296,0.4329125595049138
ETH,Crypto,A,PPO,+VolFore,4,11735.004214132616,0.4106087074303795,0.5794226631042475,-0.5285532968258857,0.08800611624726,0.1665037693939202
ETH,Crypto,B,VTrule,-,-1,11947.446133975098,0.6417056051579467,1.035287513897026,-0.2634427212266406,0.0983459782037579,0.3733106678577665
ETH,Crypto,B,Q-Learning,Baseline,0,12024.6235468074,1.0066651011962255,1.4975135746982902,-0.0644487284906257,0.1020807607956655,1.583906512739496
ETH,Crypto,B,Q-Learning,Baseline,1,11669.25045462163,1.1529206726885646,1.6015486322709915,-0.050683101952718,0.0847878809355207,1.6729023612829754
ETH,Crypto,B,Q-Learning,Baseline,2,10644.962097887465,0.4948037251118012,0.4966919691903926,-0.0763584976830527,0.0334995429687079,0.4387140133023366
ETH,Crypto,B,Q-Learning,Baseline,3,11323.014894020484,0.6802782086524476,0.9436944911468166,-0.0738589180017169,0.067698486751788,0.9165919103945944
ETH,Crypto,B,Q-Learning,Baseline,4,11454.190816354896,1.0297964637600765,1.4696192149902998,-0.0570934867527258,0.074201715425201,1.299652896402561
ETH,Crypto,B,Q-Learning,+VolFore,0,11784.379452529603,0.7144987917353395,0.9294487193779803,-0.1051773001821995,0.090417124157627,0.8596638628310196
ETH,Crypto,B,Q-Learning,+VolFore,1,12115.387490222434,0.8520938025243253,0.96805769238909,-0.1519367054173522,0.1064585530489872,0.7006769875380504
ETH,Crypto,B,Q-Learning,+VolFore,2,11871.245636447167,0.8694739083158824,1.0655119807777074,-0.1526515623933324,0.0946472628533494,0.6200215796603171
ETH,Crypto,B,Q-Learning,+VolFore,3,11082.202472356785,0.4633999679481508,0.5963073045101136,-0.1689432452036411,0.0556664517852023,0.329497943038643
ETH,Crypto,B,Q-Learning,+VolFore,4,11810.712560576489,0.9258896365980324,1.36656490343627,-0.0973280633621433,0.0917010249935028,0.9421848316384837
ETH,Crypto,B,PPO,Baseline,0,11619.417488796533,0.4397788702045064,0.6710828293808129,-0.3778557477342641,0.0823431538687218,0.2179221948117979
ETH,Crypto,B,PPO,Baseline,1,12567.547579900189,0.5348975640589029,0.827780951873662,-0.4319844832536372,0.1280401339902477,0.2963998452573429
ETH,Crypto,B,PPO,Baseline,2,12969.149486391252,0.5869400914127054,0.9282736991146852,-0.4325298572099973,0.1469026673924491,0.3396359001426967
ETH,Crypto,B,PPO,Baseline,3,12756.24157776131,0.6230407843051594,0.969769768150422,-0.362125330496456,0.1369377119789927,0.3781500504007265
ETH,Crypto,B,PPO,Baseline,4,12219.421061641624,0.592106399410254,0.8847549082551701,-0.3344256442035988,0.1114573466227848,0.333279904081148
ETH,Crypto,B,PPO,+VolFore,0,12568.785298750763,0.5331562216944778,0.8409287960831087,-0.4522101974591119,0.1280987017418549,0.2832724747503158
ETH,Crypto,B,PPO,+VolFore,1,14602.796403673858,0.8075141234383653,1.2254484813233986,-0.4115002427452846,0.2209281996526371,0.5368847371223863
ETH,Crypto,B,PPO,+VolFore,2,13418.393953507011,0.7268844966221092,1.090066986302598,-0.3539474252088895,0.1676785337087714,0.473738532239184
ETH,Crypto,B,PPO,+VolFore,3,13086.876427866517,0.6259442243775722,0.9512580062343384,-0.4011834473883698,0.152379566560989,0.3798251586713561
ETH,Crypto,B,PPO,+VolFore,4,13289.583290751958,0.6388791269828581,0.95885642601889,-0.4111354699065729,0.1617556074013846,0.3934362740284821
FTSE100,Developed,A,VTrule,-,-1,13313.012996656742,1.0921068263742464,1.3398319722968093,-0.1318731646369727,0.1220912651443997,0.9258234264687056
FTSE100,Developed,A,Q-Learning,Baseline,0,9804.376946724778,-0.2050884768916681,-0.1402055130376229,-0.0530312381460704,-0.0079214257808617,-0.1493728235967907
FTSE100,Developed,A,Q-Learning,Baseline,1,10227.374984245853,0.1833091799287082,0.1566728472332995,-0.0724944715975755,0.0090916864433778,0.125412134786241
FTSE100,Developed,A,Q-Learning,Baseline,2,9892.931523635269,-0.0634298407840357,-0.0345584658524394,-0.0784957809690841,-0.0043239692588173,-0.055085371536915
FTSE100,Developed,A,Q-Learning,Baseline,3,10321.838622329771,0.2592785655927624,0.1919983569814497,-0.0678113822089032,0.0128333374666078,0.1892504922976436
FTSE100,Developed,A,Q-Learning,Baseline,4,9981.060983715684,0.0065318965491006,0.0035271420189076,-0.083332449800842,-0.0007628330586886,-0.0091540937594248
FTSE100,Developed,A,Q-Learning,+RetFore,0,10577.025067844394,0.5906068821349422,0.5491547064501803,-0.045776544748508,0.0228399550542637,0.4989444961223112
FTSE100,Developed,A,Q-Learning,+RetFore,1,10387.692526942154,0.3494958789879017,0.3008650115660196,-0.0490198645605868,0.0154296858754512,0.3147639434226897
FTSE100,Developed,A,Q-Learning,+RetFore,2,9882.998216983446,-0.0853222227655949,-0.0762655929680828,-0.082919842114208,-0.0047265411173931,-0.0570013279912679
FTSE100,Developed,A,Q-Learning,+RetFore,3,10741.064484100698,0.6925619220719382,0.4806057640795373,-0.0295701751520386,0.0291964599620986,0.987361752542692
FTSE100,Developed,A,Q-Learning,+RetFore,4,10085.685825680732,0.0964313165192849,0.0651726167624534,-0.0656820222740845,0.0034405446195686,0.0523818314417791
FTSE100,Developed,A,Q-Learning,+VolFore,0,10579.092793885147,0.6120646785190267,0.6253198600797246,-0.0312672078029872,0.0229204443255848,0.7330505643251579
FTSE100,Developed,A,Q-Learning,+VolFore,1,10555.74591052664,0.5129746755081561,0.4113376970458777,-0.0374519823412387,0.0220110858841158,0.587714841980246
FTSE100,Developed,A,Q-Learning,+VolFore,2,9785.339016676153,-0.1343002486040704,-0.1252422632758312,-0.0717756975282805,-0.0086973585718387,-0.1211741421013803
FTSE100,Developed,A,Q-Learning,+VolFore,3,10209.529168629955,0.2262937155456525,0.182865210487216,-0.0745081931125843,0.0083825079089876,0.1125045120368023
FTSE100,Developed,A,Q-Learning,+VolFore,4,10112.66166459045,0.1732028861685162,0.1180473411426221,-0.035529078387378,0.004520089589614,0.1272222583486039
FTSE100,Developed,A,PPO,Baseline,0,12429.15681726866,1.0041705209995688,1.1207843502900965,-0.1224871823507388,0.0914857031149947,0.7469002173001328
FTSE100,Developed,A,PPO,Baseline,1,11835.23600986633,0.9276314961067612,0.9820446332727424,-0.0995100494628149,0.070182396024329,0.7052794808412759
FTSE100,Developed,A,PPO,Baseline,2,12519.462824792252,1.0642371915297686,1.2130853455584525,-0.116322214529282,0.0946712151401236,0.8138704676695957
FTSE100,Developed,A,PPO,Baseline,3,12528.324731208277,1.0847092355838408,1.2468931301002426,-0.1062553879435517,0.0949830750603744,0.8939130231206754
FTSE100,Developed,A,PPO,Baseline,4,12352.554507005698,1.1325550061261265,1.3162064707779322,-0.1004932560152109,0.0887727273439549,0.8833699977800964
FTSE100,Developed,A,PPO,+RetFore,0,12550.0335785367,1.132219403477125,1.2944765074689315,-0.1077844411577693,0.0957464760635347,0.8883144453335112
FTSE100,Developed,A,PPO,+RetFore,1,12607.833658710766,1.1922630964855632,1.405806285396946,-0.1004932560152111,0.0977752020796682,0.9729528722195608
FTSE100,Developed,A,PPO,+RetFore,2,12464.439414557106,1.0364173039279496,1.1754947290085245,-0.1164687371996905,0.0927319246900209,0.7961958455017154
FTSE100,Developed,A,PPO,+RetFore,3,12673.211187643126,1.0762803377474832,1.2109957977079149,-0.1124674729496112,0.1000632033402282,0.8897079370154407
FTSE100,Developed,A,PPO,+RetFore,4,12243.348705514829,1.051481101210876,1.1606525163736086,-0.103986410131771,0.0848876182640681,0.8163337704963813
FTSE100,Developed,A,PPO,+VolFore,0,12414.699905376458,1.0852488675974554,1.232892532762878,-0.1073669339822405,0.0909744580936882,0.8473228648578978
FTSE100,Developed,A,PPO,+VolFore,1,12414.609815735224,1.0914845813549705,1.2703468152113804,-0.1004932560152109,0.0909712711061638,0.9052475231918944
FTSE100,Developed,A,PPO,+VolFore,2,12305.768054933302,0.9828531067091368,1.0760920496952866,-0.1153067931770245,0.087110773849989,0.7554695733797475
FTSE100,Developed,A,PPO,+VolFore,3,12853.933891699891,1.095546985418947,1.2667646089332718,-0.1221683704612321,0.1063514546671582,0.8705318264029422
FTSE100,Developed,A,PPO,+VolFore,4,12138.472801681257,1.0054029783773073,1.1112394126479854,-0.1025443420373326,0.0811370125415131,0.7912383163098646
FTSE100,Developed,B,VTrule,-,-1,13313.012996656742,1.0921068263742464,1.3398319722968093,-0.1318731646369727,0.1220912651443997,0.9258234264687056
FTSE100,Developed,B,Q-Learning,Baseline,0,11034.835617450844,0.4599946413288315,0.5485775264975545,-0.1344425062973057,0.0404366760075669,0.3007730004515435
FTSE100,Developed,B,Q-Learning,Baseline,1,10971.721068379517,0.4488709340206236,0.5330726253557762,-0.1309329130142469,0.0380370192429642,0.2905076986909689
FTSE100,Developed,B,Q-Learning,Baseline,2,10897.626920914228,0.4105976035205466,0.4812767593146406,-0.1288249612238118,0.0352093631621579,0.2733116534823888
FTSE100,Developed,B,Q-Learning,Baseline,3,11829.175055505995,0.7344426622086824,0.8974269466050988,-0.1213711225909044,0.0699617406283792,0.5764282238998234
FTSE100,Developed,B,Q-Learning,Baseline,4,11559.80604651546,0.6297153444183534,0.7880673237391216,-0.1235209473399715,0.060086038798417,0.4864441221662055
FTSE100,Developed,B,Q-Learning,+VolFore,0,11168.188361191758,0.5041738792660366,0.6107577985192105,-0.1262972106392136,0.045480005802285,0.3601030107612211
FTSE100,Developed,B,Q-Learning,+VolFore,1,11252.698314227722,0.5442207811112001,0.6694248597862845,-0.1214604351211544,0.0486575251822931,0.4006039096876083
FTSE100,Developed,B,Q-Learning,+VolFore,2,11232.857863502742,0.5265292713279571,0.6275805836825128,-0.1271084409475351,0.0479128212609805,0.3769444491918509
FTSE100,Developed,B,Q-Learning,+VolFore,3,11664.34931117864,0.7058272994863626,0.8605372772338729,-0.1137902805930646,0.063935000679578,0.5618669744532901
FTSE100,Developed,B,Q-Learning,+VolFore,4,11532.543882095137,0.6284958930142563,0.7680724176215777,-0.1259452526509081,0.0590789138780543,0.4690840872052452
FTSE100,Developed,B,PPO,Baseline,0,13732.211011265012,1.1862642320850931,1.4703057975832146,-0.1343433128094448,0.1361828762552641,1.0136930034427158
FTSE100,Developed,B,PPO,Baseline,1,13732.211011265012,1.1862642320850931,1.4703057975832146,-0.1343433128094448,0.1361828762552641,1.0136930034427158
FTSE100,Developed,B,PPO,Baseline,2,13732.211011265012,1.1862642320850931,1.4703057975832146,-0.1343433128094448,0.1361828762552641,1.0136930034427158
FTSE100,Developed,B,PPO,Baseline,3,13732.211011265012,1.1862642320850931,1.4703057975832146,-0.1343433128094448,0.1361828762552641,1.0136930034427158
FTSE100,Developed,B,PPO,Baseline,4,13543.2267758273,1.1436514281235015,1.4082329979788228,-0.1343433128094448,0.1298623323973848,0.9666453035933202
FTSE100,Developed,B,PPO,+VolFore,0,13696.257244566512,1.1773945548824991,1.458777254963947,-0.1343433128094448,0.1349844304908634,1.0047722336676566
FTSE100,Developed,B,PPO,+VolFore,1,13732.211011265012,1.1862642320850931,1.4703057975832146,-0.1343433128094448,0.1361828762552641,1.0136930034427158
FTSE100,Developed,B,PPO,+VolFore,2,13713.65512887097,1.1817385058509686,1.4642982633822084,-0.1343433128094448,0.1355645880163036,1.0090907033652057
FTSE100,Developed,B,PPO,+VolFore,3,13539.21391358468,1.143790633514743,1.4079131783659722,-0.1343433128094448,0.1297275533809474,0.9656420603829372
FTSE100,Developed,B,PPO,+VolFore,4,13689.304325162178,1.176485720297556,1.4565799665238064,-0.1343433128094448,0.1347524522373218,1.003045476684457
KOSPI,Emerging,A,VTrule,-,-1,19433.123696072307,1.327384038905563,1.6468708613850698,-0.2372396027739797,0.3158343256175777,1.3312883764906005
KOSPI,Emerging,A,Q-Learning,Baseline,0,11040.558145478471,0.3089547907013937,0.330680296872734,-0.2093257794776726,0.0417421307341767,0.1994122789755559
KOSPI,Emerging,A,Q-Learning,Baseline,1,11490.578697674116,0.3877082459720016,0.4189585894054939,-0.2276747334892103,0.0590784467173877,0.2594861793038093
KOSPI,Emerging,A,Q-Learning,Baseline,2,8235.315846945354,-0.4268726864316028,-0.3223079717515061,-0.3405450397254115,-0.0770752949526107,-0.2263292250990702
KOSPI,Emerging,A,Q-Learning,Baseline,3,11516.579114833326,0.4441700504524774,0.4350739057755647,-0.2347739040832835,0.0600677948352426,0.2558537971651157
KOSPI,Emerging,A,Q-Learning,Baseline,4,12593.739095069111,0.5799913602346419,0.6097681465873566,-0.276444963102058,0.0999561717932306,0.3615771134740019
KOSPI,Emerging,A,Q-Learning,+RetFore,0,15156.358449067216,0.9896853942885362,1.1539897003575497,-0.1300282117384323,0.1874255908674231,1.441422506394315
KOSPI,Emerging,A,Q-Learning,+RetFore,1,13841.57504563276,0.7898634010769965,0.7624989558577945,-0.2128009274438759,0.1437360707425117,0.6754485164532246
KOSPI,Emerging,A,Q-Learning,+RetFore,2,11896.684006428875,0.509493694873082,0.543650667085925,-0.1695360742502023,0.0743840764018488,0.4387507303704204
KOSPI,Emerging,A,Q-Learning,+RetFore,3,12045.728496196403,0.4735990863518821,0.4839597573655421,-0.2762287067857771,0.0799243505365727,0.2893412182473378
KOSPI,Emerging,A,Q-Learning,+RetFore,4,12067.0875850569,0.4339633455128487,0.4642014372322084,-0.2105178270832539,0.0807150070840903,0.3834117433284466
KOSPI,Emerging,A,Q-Learning,+VolFore,0,11938.42684424761,0.7676918839231056,0.8219074981494762,-0.0638500420368498,0.0759398261916035,1.1893465339707516
KOSPI,Emerging,A,Q-Learning,+VolFore,1,11415.311849007026,0.4744706295700863,0.5313630363006882,-0.1208987202301993,0.0562070213040386,0.4649099775130105
KOSPI,Emerging,A,Q-Learning,+VolFore,2,13470.831421401152,0.910054526147421,1.0584803586113989,-0.1400967108971465,0.1309795084156308,0.9349220804395326
KOSPI,Emerging,A,Q-Learning,+VolFore,3,12526.375190321469,0.9586603677846328,1.1350009839199016,-0.103403573382409,0.0975217169389703,0.9431174740680444
KOSPI,Emerging,A,Q-Learning,+VolFore,4,10785.162123869124,0.3882918051239816,0.3763676762329153,-0.1212643266532967,0.0317184213587951,0.2615643217911788
KOSPI,Emerging,A,PPO,Baseline,0,21606.62512513563,1.1029274839817185,1.2609789113308882,-0.3808241582612514,0.3747470619488757,0.9840422510454532
KOSPI,Emerging,A,PPO,Baseline,1,21412.56240267149,1.1248622456258217,1.296669534951579,-0.3534034151416665,0.3696326316773477,1.045922636395943
KOSPI,Emerging,A,PPO,Baseline,2,21269.402303500727,1.14408739518337,1.3400469370197143,-0.3341932255023015,0.3658422549513247,1.094702785792139
KOSPI,Emerging,A,PPO,Baseline,3,19829.80624184793,0.9957420894338624,1.099750115688383,-0.3863042960479462,0.3268647203897752,0.8461327604504822
KOSPI,Emerging,A,PPO,Baseline,4,21136.031212857884,1.1529205189074443,1.3201191720255905,-0.3282371540443435,0.3622975612577686,1.103767677706954
KOSPI,Emerging,A,PPO,+RetFore,0,21591.82808124005,1.224186143396859,1.4286271500175267,-0.3192697327779365,0.3743580447251531,1.1725447365985049
KOSPI,Emerging,A,PPO,+RetFore,1,20077.64032839569,1.053090478731738,1.1988256059812312,-0.3707107903461041,0.3336905385867736,0.9001371076205589
KOSPI,Emerging,A,PPO,+RetFore,2,23424.72403111045,1.1820955296303568,1.3762392300245487,-0.3726094276201832,0.4214054725730161,1.1309576230085137
KOSPI,Emerging,A,PPO,+RetFore,3,18670.425725452667,0.9906917587356544,1.0896103944263102,-0.3534034151416666,0.2942489141524371,0.8326148009454035
KOSPI,Emerging,A,PPO,+RetFore,4,21913.15233444121,1.1585312764785385,1.344442006330132,-0.3464073774784434,0.382770811482088,1.1049730356992828
KOSPI,Emerging,A,PPO,+VolFore,0,20382.2826634416,1.1655733259049947,1.362743511618656,-0.3088682962488165,0.3420135559251496,1.1073119516563292
KOSPI,Emerging,A,PPO,+VolFore,1,21014.645983867635,1.1866045991170049,1.4313759787378235,-0.3108838057832355,0.3590599955299682,1.1549652598474969
KOSPI,Emerging,A,PPO,+VolFore,2,23406.17407602668,1.170680494046469,1.350708549583852,-0.3864060893514793,0.4209403600654942,1.089372998160784
KOSPI,Emerging,A,PPO,+VolFore,3,20948.862650193863,1.1016041730116948,1.2670091798528025,-0.3534034151416665,0.3573008468479457,1.011028279689108
KOSPI,Emerging,A,PPO,+VolFore,4,20864.06982624403,1.1021650537430014,1.2717396593049632,-0.3534034151416667,0.3550285654917422,1.0045985700178348
KOSPI,Emerging,B,VTrule,-,-1,19433.123696072307,1.327384038905563,1.6468708613850698,-0.2372396027739797,0.3158343256175777,1.3312883764906005
KOSPI,Emerging,B,Q-Learning,Baseline,0,14750.519498983507,0.8876554613479939,1.0432751855589233,-0.2486348060538879,0.1741857159324158,0.700568511288653
KOSPI,Emerging,B,Q-Learning,Baseline,1,14480.24608817468,0.8268981874749565,0.9920862871833128,-0.2412282566105305,0.1652494698443838,0.6850336364636522
KOSPI,Emerging,B,Q-Learning,Baseline,2,17443.011917447147,1.3544966288199722,1.713361090698938,-0.2018131573502788,0.2583961973803883,1.280373394736698
KOSPI,Emerging,B,Q-Learning,Baseline,3,14367.273570482252,0.8373039556796255,0.981541302813052,-0.226427992105568,0.1614851741330041,0.7131855590407803
KOSPI,Emerging,B,Q-Learning,Baseline,4,16704.74014162221,1.2395038894362285,1.5410891807217826,-0.2214221930485866,0.2361135806192376,1.0663501131811155
KOSPI,Emerging,B,Q-Learning,+VolFore,0,16996.47482987759,1.275009461593276,1.5683211909536714,-0.2526022141787224,0.2449864992459203,0.9698509573301538
KOSPI,Emerging,B,Q-Learning,+VolFore,1,15638.49927977846,1.0067701118409662,1.2163625173823578,-0.2356969407254636,0.2028870528456046,0.8607962929865247
KOSPI,Emerging,B,Q-Learning,+VolFore,2,13835.086883386231,0.77000255299333,0.9147180553200004,-0.2348976730245318,0.1435145611892012,0.6109662958372609
KOSPI,Emerging,B,Q-Learning,+VolFore,3,13792.960643557404,0.7036631209148081,0.8267785853353619,-0.2494715696802161,0.142074862185719,0.5695032198148571
KOSPI,Emerging,B,Q-Learning,+VolFore,4,17182.232433472287,1.3980239630232068,1.826762615083065,-0.1970514050162016,0.2505896983394928,1.2716970899934337
KOSPI,Emerging,B,PPO,Baseline,0,23133.79525421393,1.2891823316230546,1.548469169392518,-0.3024094320952787,0.4140858071383284,1.3692886636105157
KOSPI,Emerging,B,PPO,Baseline,1,19072.2182375431,1.1271743502386324,1.3444089380468462,-0.2896608428153796,0.3056833796787472,1.0553148182080123
KOSPI,Emerging,B,PPO,Baseline,2,23757.09593766953,1.3404649531292605,1.6282820074262143,-0.3003224067905716,0.4297028338140956,1.4308051084324056
KOSPI,Emerging,B,PPO,Baseline,3,23482.06329156451,1.3545520670761215,1.674671489936188,-0.2928067704822782,0.4228418039057537,1.4440984517122075
KOSPI,Emerging,B,PPO,Baseline,4,22274.720124317908,1.3966516367179658,1.7344136176036138,-0.2401962459180293,0.3921510990629193,1.63262792706225
KOSPI,Emerging,B,PPO,+VolFore,0,23709.55001314719,1.327654391552091,1.5911713798197349,-0.3024094320952786,0.4285200873034742,1.4170195827987453
KOSPI,Emerging,B,PPO,+VolFore,1,18313.20602620324,1.0645604843321816,1.2793534866441538,-0.2917286160497688,0.2839610308217302,0.9733739345348048
KOSPI,Emerging,B,PPO,+VolFore,2,22038.87907407721,1.235584590589414,1.4775458358260838,-0.3024094320952786,0.3860428176473327,1.27655680238316
KOSPI,Emerging,B,PPO,+VolFore,3,21658.7854813658,1.3504552011630753,1.6595110821854628,-0.247946066928256,0.376117122457821,1.5169311903831684
KOSPI,Emerging,B,PPO,+VolFore,4,22355.875175884583,1.4252312352826093,1.7687612325019224,-0.2401962460488542,0.3942442315328194,1.6413421858849182
MexIPC,Emerging,A,VTrule,-,-1,11097.355638869383,0.3478437542119286,0.5127822857420393,-0.1589097529694903,0.043086782352758,0.2711399492311799
MexIPC,Emerging,A,Q-Learning,Baseline,0,8232.729949963665,-1.024450082088428,-0.8484598034786447,-0.1964752084817298,-0.075763646262124,-0.3856142810444387
MexIPC,Emerging,A,Q-Learning,Baseline,1,9388.841893150173,-0.3443431593672074,-0.3209201246525491,-0.1025430921538147,-0.0252260657500433,-0.2460045354586952
MexIPC,Emerging,A,Q-Learning,Baseline,2,7754.899633578883,-1.388126875565268,-1.372113200558243,-0.2263749954477605,-0.0978840204039893,-0.4323976692299711
MexIPC,Emerging,A,Q-Learning,Baseline,3,10204.645706230029,0.1490452399673181,0.1402626276958981,-0.0698088546492412,0.0082411883100308,0.1180536244480894
MexIPC,Emerging,A,Q-Learning,Baseline,4,8967.07960929475,-0.5453842255723709,-0.548122970306382,-0.1212773381018962,-0.0432095889734176,-0.3562874123833178
MexIPC,Emerging,A,Q-Learning,+RetFore,0,7957.809782039014,-1.3425434142498307,-1.3530303446081924,-0.2042190217960986,-0.0883942944339577,-0.4328406514540144
MexIPC,Emerging,A,Q-Learning,+RetFore,1,8872.930863131085,-0.6350818332726207,-0.6394451239714409,-0.1253651460778865,-0.0472923333313095,-0.3772366946515633
MexIPC,Emerging,A,Q-Learning,+RetFore,2,9617.067084924109,-0.1877992990653731,-0.1832470700654609,-0.0781862768010914,-0.0156947130832547,-0.2007348824523505
MexIPC,Emerging,A,Q-Learning,+RetFore,3,9136.25456492876,-0.4891688665837517,-0.4997152500706176,-0.1268496966222552,-0.035936942739303,-0.2833033400626577
MexIPC,Emerging,A,Q-Learning,+RetFore,4,9023.180583769894,-0.5762188426895706,-0.5853535614238276,-0.1275416055495662,-0.0407888935900886,-0.3198085316082767
MexIPC,Emerging,A,Q-Learning,+VolFore,0,10520.875474967195,0.3041297142450965,0.2926391566084083,-0.0902415877213086,0.0207848182306047,0.2303241637831525
MexIPC,Emerging,A,Q-Learning,+VolFore,1,9445.383003369565,-0.3117944310016543,-0.3021262574545589,-0.0768958696916156,-0.0228520135280919,-0.2971812871021662
MexIPC,Emerging,A,Q-Learning,+VolFore,2,9451.455278707885,-0.3088298650070024,-0.2632110616784307,-0.0917673930795499,-0.0225975536241738,-0.2462481810324343
MexIPC,Emerging,A,Q-Learning,+VolFore,3,9724.410290339554,-0.150034090709332,-0.1455136088070255,-0.0941871932440942,-0.0112582564940152,-0.1195306506768809
MexIPC,Emerging,A,Q-Learning,+VolFore,4,10202.40135656022,0.1409190789105658,0.1324235304579434,-0.0912598070865442,0.0081513429625654,0.0893201862101901
MexIPC,Emerging,A,PPO,Baseline,0,11540.009158023073,0.4878912633088696,0.714764004627608,-0.1350264316827847,0.0597477252954934,0.4424891078764136
MexIPC,Emerging,A,PPO,Baseline,1,11472.890164925262,0.5065117391572863,0.7239348550880449,-0.1129745758921737,0.0572462000370914,0.5067175475942675
MexIPC,Emerging,A,PPO,Baseline,2,11541.11287711065,0.4799057694836958,0.7127254533635825,-0.1403566621220456,0.0597887884864858,0.4259775601821532
MexIPC,Emerging,A,PPO,Baseline,3,11580.166961953608,0.4782600020981393,0.7058518178398078,-0.1376628173342078,0.0612402706897898,0.4448570200381002
MexIPC,Emerging,A,PPO,Baseline,4,11263.573533084384,0.474411266292139,0.7173898379860125,-0.1064227340028388,0.0493885897767605,0.4640793176294362
MexIPC,Emerging,A,PPO,+RetFore,0,11421.031377961355,0.4379942140825237,0.6456618828623996,-0.1458990422367146,0.055307455046079,0.3790803160720279
MexIPC,Emerging,A,PPO,+RetFore,1,10991.052354644533,0.3700056815616385,0.5333250999350082,-0.1266916356344539,0.0390270286154481,0.3080473972863182
MexIPC,Emerging,A,PPO,+RetFore,2,11379.270907227725,0.4360855661067477,0.6427728733193405,-0.1499074517794179,0.0537424267499697,0.3585040377358346
MexIPC,Emerging,A,PPO,+RetFore,3,11438.244259140847,0.4501905866126272,0.6584233475205772,-0.1424707875322682,0.0559515395401943,0.3927228908391427
MexIPC,Emerging,A,PPO,+RetFore,4,11494.089795743874,0.4906057438097365,0.7329289811603432,-0.1328515690097962,0.0580372487658089,0.4368578346341737
MexIPC,Emerging,A,PPO,+VolFore,0,11146.796244676923,0.4503254951169418,0.6618597811574184,-0.1065161526476595,0.0449670530478001,0.4221618217485064
MexIPC,Emerging,A,PPO,+VolFore,1,11613.744894671134,0.5648843326222808,0.813023826408832,-0.1106125515563163,0.0624859001777196,0.5649078635107799
MexIPC,Emerging,A,PPO,+VolFore,2,11477.660097265354,0.451251731247504,0.6670162494053633,-0.1439574190373627,0.0574242623361809,0.3988975540112878
MexIPC,Emerging,A,PPO,+VolFore,3,11599.95868636606,0.4864283916584514,0.7324740680080174,-0.1415906687547538,0.0619747373202499,0.4377035426476963
MexIPC,Emerging,A,PPO,+VolFore,4,11292.308587100257,0.438313234938189,0.6342470863077317,-0.1345268572146013,0.0504723996412779,0.3751845593210255
MexIPC,Emerging,B,VTrule,-,-1,11097.355638869383,0.3478437542119286,0.5127822857420393,-0.1589097529694903,0.043086782352758,0.2711399492311799
MexIPC,Emerging,B,Q-Learning,Baseline,0,10108.092127984146,0.1008668215899689,0.145565743671238,-0.1664107883596447,0.0043652963054672,0.0262320511096118
MexIPC,Emerging,B,Q-Learning,Baseline,1,9850.89626344442,0.0258315513321399,0.0367487582718166,-0.1809251787395472,-0.0060678629521069,-0.0335379685367532
MexIPC,Emerging,B,Q-Learning,Baseline,2,9808.34882787439,0.0088968369460275,0.0129897731930104,-0.1750482114202584,-0.00780936250196,-0.0446126380758419
MexIPC,Emerging,B,Q-Learning,Baseline,3,9461.064103430435,-0.0928265681908962,-0.1298827243105525,-0.1641106096470759,-0.0221950925383312,-0.1352447144394086
MexIPC,Emerging,B,Q-Learning,Baseline,4,9884.760094384812,0.0402688524275639,0.0568773829899603,-0.1426470158607016,-0.004684985262479,-0.0328432055460678
MexIPC,Emerging,B,Q-Learning,+VolFore,0,9845.14980494427,0.0274387994162698,0.0392343162314197,-0.1680009774773858,-0.0063028082653864,-0.0375164975822674
MexIPC,Emerging,B,Q-Learning,+VolFore,1,9827.701535169395,0.0217697502367808,0.0314514922737732,-0.1705835369868308,-0.0070166851817281,-0.041133425333001
MexIPC,Emerging,B,Q-Learning,+VolFore,2,9989.699787097492,0.0641375729208344,0.0926061691183884,-0.1530008876094858,-0.0004174355760996,-0.0027283212706736
MexIPC,Emerging,B,Q-Learning,+VolFore,3,9375.14419855498,-0.1119526748513154,-0.1570669175060287,-0.1930937556587703,-0.0258024844669665,-0.133626716093452
MexIPC,Emerging,B,Q-Learning,+VolFore,4,10161.48536498925,0.1161995024576513,0.1707655794059556,-0.1617211319511088,0.0065113371242457,0.0402627476424912
MexIPC,Emerging,B,PPO,Baseline,0,11046.232937853829,0.3343509688106828,0.4925478788179779,-0.1585157033395814,0.0411372924207078,0.2595155656744092
MexIPC,Emerging,B,PPO,Baseline,1,11454.317898724084,0.4229701806914595,0.6317410025291952,-0.1590376072441987,0.0565524746555461,0.3555918353849191
MexIPC,Emerging,B,PPO,Baseline,2,11095.413346587491,0.3473814567748377,0.5122637885512459,-0.1573738336731097,0.043012813601333,0.2733161707835377
MexIPC,Emerging,B,PPO,Baseline,3,11095.413346587491,0.3473814567748377,0.5122637885512459,-0.1573738336731097,0.043012813601333,0.2733161707835377
MexIPC,Emerging,B,PPO,Baseline,4,11066.7647913815,0.3386215796996664,0.499505993447967,-0.1589008060043066,0.0419208883958852,0.2638179720402757
MexIPC,Emerging,B,PPO,+VolFore,0,11302.570418839296,0.3904308164917678,0.5793758967950213,-0.1574000743275683,0.0508590510626325,0.3231196127421495
MexIPC,Emerging,B,PPO,+VolFore,1,11168.568316691984,0.3621749210930937,0.5348785955130162,-0.1557244362223619,0.0457934911713051,0.2940674712453071
MexIPC,Emerging,B,PPO,+VolFore,2,11464.582456539758,0.4243683324184519,0.6322682176410788,-0.1590376072441987,0.0569359668477289,0.3580031656282845
MexIPC,Emerging,B,PPO,+VolFore,3,11104.790291592952,0.3472419171404665,0.5127549331843908,-0.1591203885515137,0.0433698467608418,0.2725599601369044
MexIPC,Emerging,B,PPO,+VolFore,4,11464.582456539758,0.4243683324184519,0.6322682176410788,-0.1590376072441987,0.0569359668477289,0.3580031656282845
NASDAQ,Developed,A,VTrule,-,-1,14800.237606858973,1.0530794253109053,1.422969529326961,-0.19439227928326,0.1718518975970167,0.8840469293830208
NASDAQ,Developed,A,Q-Learning,Baseline,0,10460.785985626742,0.2091671491492263,0.2400134333822971,-0.1391167064462762,0.0183888983485851,0.132183249720294
NASDAQ,Developed,A,Q-Learning,Baseline,1,10482.804292290994,0.2151452366215489,0.2542569474327622,-0.1537617586162264,0.0192554087623306,0.1252288536206519
NASDAQ,Developed,A,Q-Learning,Baseline,2,10145.651106701866,0.1073497809265363,0.1233771462005628,-0.1408274025500043,0.0058661512109734,0.0416548988670643
NASDAQ,Developed,A,Q-Learning,Baseline,3,9618.052719546084,-0.1037073283327278,-0.1224536580429418,-0.127630107849031,-0.0156289143434543,-0.1224547609238
NASDAQ,Developed,A,Q-Learning,Baseline,4,9202.11866880409,-0.3540944630620687,-0.3434991193165975,-0.2072618426340858,-0.0330749091656096,-0.1595803103219666
NASDAQ,Developed,A,Q-Learning,+RetFore,0,10242.062985195558,0.161788519589672,0.169143286934196,-0.1196714192777147,0.0097216354318574,0.0812360669778283
NASDAQ,Developed,A,Q-Learning,+RetFore,1,11292.134450865697,0.5078079182064538,0.6612092998505519,-0.1707912250595445,0.0503828249163929,0.29499656612061
NASDAQ,Developed,A,Q-Learning,+RetFore,2,11463.173203212107,0.5801059882292414,0.8002920086943717,-0.1078687478858103,0.056789477770746,0.5264683134204617
NASDAQ,Developed,A,Q-Learning,+RetFore,3,9550.329175241435,-0.1675404174218979,-0.1879701995985714,-0.1471196901260225,-0.0184384649553045,-0.1253296886323295
NASDAQ,Developed,A,Q-Learning,+RetFore,4,9642.585264995769,-0.1580349802968048,-0.1843705444089962,-0.1066450709415418,-0.0146140750155046,-0.1370346973033414
NASDAQ,Developed,A,Q-Learning,+VolFore,0,10962.626806757957,0.5706747361664957,0.7034442455116487,-0.0865666691191683,0.03787546039796,0.4375293722504546
NASDAQ,Developed,A,Q-Learning,+VolFore,1,10450.51202839782,0.22506139298099,0.2855852820824663,-0.1076953701556091,0.0179842044679561,0.1669914355817129
NASDAQ,Developed,A,Q-Learning,+VolFore,2,9452.987305941338,-0.2582439043765953,-0.270029686218212,-0.1544708701328274,-0.0224976098988689,-0.1456430580042562
NASDAQ,Developed,A,Q-Learning,+VolFore,3,9212.36864206907,-0.436313366249044,-0.4742635178569814,-0.1294265094034229,-0.032639401051222,-0.252184820570512
NASDAQ,Developed,A,Q-Learning,+VolFore,4,9362.68404141502,-0.3316284814317422,-0.3708775714781707,-0.1351590410413102,-0.0262855626026614,-0.1944787592450661
NASDAQ,Developed,A,PPO,Baseline,0,15848.535356616412,1.142845089912775,1.629759480875125,-0.1990337958200276,0.2047431920097215,1.028685561490411
NASDAQ,Developed,A,PPO,Baseline,1,15320.133172949973,1.081747723020082,1.487530669815538,-0.2005612395550788,0.1883316296452735,0.939023063789024
NASDAQ,Developed,A,PPO,Baseline,2,15495.000270119446,1.1554433793689944,1.64957344362973,-0.1908062083120939,0.1937995996539507,1.0156881233966193
NASDAQ,Developed,A,PPO,Baseline,3,15084.287794155236,1.1163048101721762,1.538984065994479,-0.1861221931657153,0.1808977159140166,0.97192985337316
NASDAQ,Developed,A,PPO,Baseline,4,15849.649613650916,1.07668253481507,1.4691354270452404,-0.2198286911793849,0.2047774525443002,0.9315319644798588
NASDAQ,Developed,A,PPO,+RetFore,0,14913.397607571384,0.93637556598256,1.25028899727254,-0.2309397321286125,0.1754678579353992,0.7597993481559929
NASDAQ,Developed,A,PPO,+RetFore,1,15577.017615740331,1.06478783949503,1.4396516407605386,-0.2151553080927674,0.1963515660904196,0.9126038666210694
NASDAQ,Developed,A,PPO,+RetFore,2,16497.342198064074,1.1319753080779345,1.5651492673024745,-0.2265379453535523,0.2244547340666103,0.9908041397449704
NASDAQ,Developed,A,PPO,+RetFore,3,16449.37003483853,1.1336996167722142,1.5841175970632604,-0.2229003377015735,0.2230132594739347,1.0005066020649631
NASDAQ,Developed,A,PPO,+RetFore,4,16259.885099656003,1.1252065367563442,1.5486905094580377,-0.2210743148515482,0.2172949813169347,0.9829046918538036
NASDAQ,Developed,A,PPO,+VolFore,0,16537.75700547774,1.1005018635570605,1.4948954203133502,-0.2348129539231776,0.2256671880641543,0.961050846185528
NASDAQ,Developed,A,PPO,+VolFore,1,15889.900011966569,1.105671531705174,1.5186568040503925,-0.2151553080927674,0.2060140882170327,0.9575133890131547
NASDAQ,Developed,A,PPO,+VolFore,2,15579.88623989759,1.0886816824923309,1.4962635067130448,-0.2098791145907591,0.1964406782245713,0.9359705876722072
NASDAQ,Developed,A,PPO,+VolFore,3,16398.783578202652,1.143507831568522,1.5750580986755711,-0.2210743148515482,0.2214905158467204,1.00188262935226
NASDAQ,Developed,A,PPO,+VolFore,4,16300.857809354917,1.129681979193392,1.556223515649105,-0.2210743148515482,0.2185348052175673,0.9885128689116384
NASDAQ,Developed,B,VTrule,-,-1,14800.237606858973,1.0530794253109053,1.422969529326961,-0.19439227928326,0.1718518975970167,0.8840469293830208
NASDAQ,Developed,B,Q-Learning,Baseline,0,13178.334697522483,0.8479127242040793,1.1686465522450304,-0.1881979780354556,0.1181058310497158,0.6275616363255384
NASDAQ,Developed,B,Q-Learning,Baseline,1,14340.281081482266,1.059059585609302,1.4852912248583685,-0.1651815982285986,0.1569822481751173,0.95036160115678
NASDAQ,Developed,B,Q-Learning,Baseline,2,13176.760019783296,0.804060687788386,1.1107659779057262,-0.1987000946109595,0.1180517877306435,0.5941204404617232
NASDAQ,Developed,B,Q-Learning,Baseline,3,13111.150735757115,0.8170638891437766,1.106963750451185,-0.1867183854589659,0.1157966338794278,0.6201672834422385
NASDAQ,Developed,B,Q-Learning,Baseline,4,14139.4248369295,0.9794910983450602,1.381269490401921,-0.162049723938729,0.1503997937214254,0.9281089166024338
NASDAQ,Developed,B,Q-Learning,+VolFore,0,12583.842258164006,0.6953589848294953,0.9408007305584164,-0.1933853461599277,0.0974226139528766,0.5037745407648692
NASDAQ,Developed,B,Q-Learning,+VolFore,1,13688.754514375329,0.9310541436579414,1.367197922132669,-0.1606900808785302,0.1354249825484819,0.842771263834327
NASDAQ,Developed,B,Q-Learning,+VolFore,2,13150.903625677924,0.8463749742944485,1.0805944808507904,-0.1659748245710751,0.1171638394435603,0.7059133199606517
NASDAQ,Developed,B,Q-Learning,+VolFore,3,12770.350840476513,0.784651622396584,1.093537968704219,-0.1616673988853891,0.1039729890239749,0.6431289780139365
NASDAQ,Developed,B,Q-Learning,+VolFore,4,12474.938905885889,0.644821183904513,0.8719394612343537,-0.1975628059462048,0.0935710491666426,0.4736268485255661
NASDAQ,Developed,B,PPO,Baseline,0,16838.18891327822,1.1701215490385115,1.610441780102796,-0.2260534428018793,0.2346254042021529,1.037920065684416
NASDAQ,Developed,B,PPO,Baseline,1,16251.80533856231,1.1143214680090814,1.5174413774411926,-0.2318752373236459,0.2170502702321763,0.9360648973839616
NASDAQ,Developed,B,PPO,Baseline,2,16836.90054265771,1.1699501392226344,1.6102598656797609,-0.2260534428018793,0.2345871919149917,1.0377510247413215
NASDAQ,Developed,B,PPO,Baseline,3,16793.228654657218,1.1679300285271337,1.6094614687040538,-0.2263421310913314,0.2332908790562444,1.0307001967790013
NASDAQ,Developed,B,PPO,Baseline,4,16918.146548705023,1.1929326673970209,1.6513763893084483,-0.2236320402463395,0.2369935003424044,1.059747521331411
NASDAQ,Developed,B,PPO,+VolFore,0,15993.776421398106,1.0754539185754932,1.471547035420856,-0.2239853802847222,0.2091969472183343,0.933975900353303
NASDAQ,Developed,B,PPO,+VolFore,1,15886.100667587025,1.0745663550885358,1.4796114742287478,-0.2269573235792655,0.205897438606422,0.9072077312085703
NASDAQ,Developed,B,PPO,+VolFore,2,16016.94873842872,1.1902730082132251,1.695292974794972,-0.1948953366166878,0.2099052855249776,1.0770154338619904
NASDAQ,Developed,B,PPO,+VolFore,3,16863.895807142577,1.1730026127508044,1.6146408986369165,-0.2260534428018793,0.2353874913256857,1.0412913353898603
NASDAQ,Developed,B,PPO,+VolFore,4,16884.208527042007,1.194189773727959,1.654787169445466,-0.2196109627858278,0.2359891777007767,1.0745783120574313
Nifty50,Emerging,A,VTrule,-,-1,10426.31622987718,0.1973637164637808,0.2655067386696162,-0.1576667830374074,0.0174250787494782,0.1105183882976388
Nifty50,Emerging,A,Q-Learning,Baseline,0,9216.006944866149,-0.7563854602344777,-0.6234969209668255,-0.1092262791383761,-0.0332191208233878,-0.3041312135241666
Nifty50,Emerging,A,Q-Learning,Baseline,1,10166.328077242995,0.1720555019400558,0.157692346926916,-0.0680252283604066,0.006849279765754,0.1006873468967266
Nifty50,Emerging,A,Q-Learning,Baseline,2,10002.048232570884,0.0270812966728959,0.0253826290683971,-0.0734966703854534,8.474936357716345e-05,0.0011531048023201
Nifty50,Emerging,A,Q-Learning,Baseline,3,10952.320282560837,0.6350802135189737,0.6056630680215616,-0.0832228742093765,0.038358605302764,0.4609142097856232
Nifty50,Emerging,A,Q-Learning,Baseline,4,9656.70204013642,-0.2371764708011481,-0.2203406506425175,-0.1205189822759855,-0.0143510240269497,-0.1190768769849648
Nifty50,Emerging,A,Q-Learning,+RetFore,0,9734.34009395516,-0.1788900125600441,-0.1509173494226945,-0.0900807233758671,-0.0110796436126227,-0.1229968321443116
Nifty50,Emerging,A,Q-Learning,+RetFore,1,10588.18141943363,0.4433542191300633,0.5857523247043873,-0.1010485085455513,0.0239315226797842,0.2368320227978368
Nifty50,Emerging,A,Q-Learning,+RetFore,2,10665.342968594976,0.5523613823188086,0.779883865979712,-0.0938770779494838,0.0270126429247163,0.2877448202953697
Nifty50,Emerging,A,Q-Learning,+RetFore,3,10839.851068766102,0.969362207424,1.4951761843958749,-0.0394639209139262,0.0339330225035778,0.8598492424695581
Nifty50,Emerging,A,Q-Learning,+RetFore,4,9342.09221442079,-0.4310717344290906,-0.395075995649052,-0.1402022360395808,-0.0277678170791803,-0.1980554509212182
Nifty50,Emerging,A,Q-Learning,+VolFore,0,10231.5655630326,0.1764014493099364,0.2190037610214815,-0.1091965942635081,0.0095177721028349,0.08716180359783
Nifty50,Emerging,A,Q-Learning,+VolFore,1,10447.87410731285,0.3517785298977559,0.3516886184295392,-0.0777833942331337,0.0182950357821023,0.2352049041088763
Nifty50,Emerging,A,Q-Learning,+VolFore,2,10275.695166756834,0.2683285670386352,0.2872057682774382,-0.0444034828473772,0.0113172106914134,0.2548721398737542
Nifty50,Emerging,A,Q-Learning,+VolFore,3,10038.075158791627,0.0561523804275454,0.0662975893827908,-0.1004543264720028,0.0015737690647641,0.0156665135292813
Nifty50,Emerging,A,Q-Learning,+VolFore,4,9727.772444896782,-0.1853368981976729,-0.1720843750091971,-0.0986018409391932,-0.0113557865201061,-0.1151680984028887
Nifty50,Emerging,A,PPO,Baseline,0,10764.824807077996,0.3286547760018968,0.4523422589867413,-0.1354333947072302,0.0309658074369418,0.2286423337733857
Nifty50,Emerging,A,PPO,Baseline,1,10971.275397189813,0.3999897272632239,0.5486570260383228,-0.1279028544281704,0.0391018481427756,0.305715211105232
Nifty50,Emerging,A,PPO,Baseline,2,10987.263164483033,0.43145040252366,0.5900917494231785,-0.1172477738252075,0.0397281542890397,0.3388393057929396
Nifty50,Emerging,A,PPO,Baseline,3,11082.6055472775,0.4402448503503954,0.612490631796063,-0.1286501371516518,0.0434520591849123,0.3377536949949273
Nifty50,Emerging,A,PPO,Baseline,4,10677.082606560012,0.3310419473740221,0.449535908245464,-0.1126969766301975,0.027480269151088,0.2438421151351521
Nifty50,Emerging,A,PPO,+RetFore,0,10740.108779554612,0.3313388741400623,0.4564394226623941,-0.1250973659714636,0.0299856592614282,0.2396985662194412
Nifty50,Emerging,A,PPO,+RetFore,1,10675.251322478378,0.2926539461484122,0.3906589535046497,-0.1371552891399686,0.0274073432690389,0.1998270970131496
Nifty50,Emerging,A,PPO,+RetFore,2,10824.785627818754,0.3349482292106315,0.4570741731415991,-0.1405957150181415,0.0333381673954598,0.2371207926992721
Nifty50,Emerging,A,PPO,+RetFore,3,10873.176909048092,0.3513695099397635,0.4831725869482031,-0.1472078622358341,0.0352471653001511,0.2394380623736253
Nifty50,Emerging,A,PPO,+RetFore,4,10850.346516603357,0.3561570118765866,0.4809989132479125,-0.1402589007249914,0.0343471462272315,0.2448838972033001
Nifty50,Emerging,A,PPO,+VolFore,0,10862.700934933426,0.3765762700689409,0.5194244376080867,-0.1236215888455766,0.0348343194258231,0.2817818453138882
Nifty50,Emerging,A,PPO,+VolFore,1,10783.036578659436,0.3486325947877987,0.4587185599701364,-0.1337272106969448,0.0316871765193937,0.2369538432306564
Nifty50,Emerging,A,PPO,+VolFore,2,10799.3236701376,0.3317161361789657,0.4505411388310877,-0.137548863713391,0.0323317042098125,0.2350561345017484
Nifty50,Emerging,A,PPO,+VolFore,3,10837.7760300193,0.3371574543066167,0.4486438228886504,-0.1392673332940171,0.0338511189172174,0.2430657507134779
Nifty50,Emerging,A,PPO,+VolFore,4,10775.384225630602,0.3150572956612945,0.4219350275200237,-0.1419923050877925,0.031384153543041,0.2210271431498732
Nifty50,Emerging,B,VTrule,-,-1,10426.31622987718,0.1973637164637808,0.2655067386696162,-0.1576667830374074,0.0174250787494782,0.1105183882976388
Nifty50,Emerging,B,Q-Learning,Baseline,0,9167.743278770697,-0.2688953492460087,-0.3609883012559134,-0.1945290581274092,-0.0353173686401842,-0.1815531776073839
Nifty50,Emerging,B,Q-Learning,Baseline,1,8912.152982364396,-0.3751298021622885,-0.4966740070700928,-0.2131276177589285,-0.0465385063052538,-0.2183598108701039
Nifty50,Emerging,B,Q-Learning,Baseline,2,9325.916349249306,-0.1815778657766089,-0.2355469329894541,-0.1962619576665057,-0.0284647599249266,-0.1450345256065867
Nifty50,Emerging,B,Q-Learning,Baseline,3,10115.06032189216,0.0986592283714288,0.1382292646140437,-0.1566511312104595,0.0047451570653693,0.03029124034198
Nifty50,Emerging,B,Q-Learning,Baseline,4,9436.57104981378,-0.1595546441698674,-0.2043633188960857,-0.158591918167776,-0.0237112260756157,-0.1495109356731649
Nifty50,Emerging,B,Q-Learning,+VolFore,0,9421.345998047434,-0.1680131811367962,-0.2277366645286281,-0.1725805886300163,-0.0243633221867843,-0.1411706981650994
Nifty50,Emerging,B,Q-Learning,+VolFore,1,9401.611437995934,-0.1606598430553048,-0.2228800905509683,-0.1883107049360615,-0.0252094826178745,-0.1338717447120187
Nifty50,Emerging,B,Q-Learning,+VolFore,2,9713.404141675806,-0.0446470966620257,-0.0625522138962635,-0.1809029173890731,-0.0119602965095158,-0.066114447915322
Nifty50,Emerging,B,Q-Learning,+VolFore,3,9364.214935127491,-0.2050110769080563,-0.2799129940669355,-0.1965678052593441,-0.026815796226289,-0.1364200825805267
Nifty50,Emerging,B,Q-Learning,+VolFore,4,9401.00220032936,-0.1692342380640634,-0.2297602604911272,-0.181027238973916,-0.025235621513877,-0.1394023444028431
Nifty50,Emerging,B,PPO,Baseline,0,10552.26313258682,0.2330020440538514,0.3122608810334555,-0.1577577131175677,0.0224927877762652,0.1425780542302875
Nifty50,Emerging,B,PPO,Baseline,1,10739.705209281274,0.2866454748347531,0.3881610172895595,-0.1576667830374074,0.0299696441598262,0.1900821693845666
Nifty50,Emerging,B,PPO,Baseline,2,10600.067956697045,0.2465851495011314,0.3314020062572248,-0.1577577131175677,0.0244070169661185,0.1547120358405216
Nifty50,Emerging,B,PPO,Baseline,3,10659.81588328275,0.2657403052704928,0.3607826945375524,-0.1576667830374074,0.0267923774849625,0.1699303871661791
Nifty50,Emerging,B,PPO,Baseline,4,10744.774031631658,0.2872446187890842,0.3881485939066137,-0.1576667830374074,0.0301707674269835,0.1913577917019717
Nifty50,Emerging,B,PPO,+VolFore,0,10600.619380461783,0.2463261669811526,0.3323589618079509,-0.1577577131175674,0.0244290678499081,0.1548518127386125
Nifty50,Emerging,B,PPO,+VolFore,1,10483.077612531048,0.213765001620161,0.2885846395514961,-0.1577577131175675,0.0197133958521678,0.1249599494216273
Nifty50,Emerging,B,PPO,+VolFore,2,10558.09311512,0.2342988807025769,0.3158040842182935,-0.1576667830374075,0.0227265072124076,0.144142645485901
Nifty50,Emerging,B,PPO,+VolFore,3,10404.12618091439,0.1900923499662166,0.2553132805182098,-0.1577577131175675,0.0165285087770914,0.1047714780491838
Nifty50,Emerging,B,PPO,+VolFore,4,10600.230809591108,0.2465422531417519,0.3321727416769419,-0.1576667830374075,0.0244135293601326,0.1548425666437649
Nikkei,Developed,A,VTrule,-,-1,13743.152859991253,0.7655559703045579,1.0035567972436763,-0.2775122888355048,0.1413584482154077,0.5093772560777966
Nikkei,Developed,A,Q-Learning,Baseline,0,11145.308353190034,0.5515652695761651,0.5476678814321911,-0.0909166685397959,0.0461232362737575,0.5073133124434849
Nikkei,Developed,A,Q-Learning,Baseline,1,7020.076516597036,-1.2708974688780097,-1.1228292573274512,-0.317346066333471,-0.1368176534576617,-0.4311307684950503
Nikkei,Developed,A,Q-Learning,Baseline,2,10269.454987632304,0.1596915422049636,0.1749971069710768,-0.0856299755574464,0.0111181059556357,0.129838948138519
Nikkei,Developed,A,Q-Learning,Baseline,3,9136.37528530815,-0.2347278898258862,-0.2248927064459586,-0.2107890124876321,-0.036862773902051,-0.1748799591916067
Nikkei,Developed,A,Q-Learning,Baseline,4,9211.339579458268,-0.2156861645365199,-0.2329844501806455,-0.2344221925335951,-0.0335843956273357,-0.1432645743315427
Nikkei,Developed,A,Q-Learning,+RetFore,0,10181.17383047635,0.1226939093152999,0.1564101822954144,-0.1254565288399082,0.0074944707256099,0.0597375903418601
Nikkei,Developed,A,Q-Learning,+RetFore,1,10392.22446385396,0.1973805590734458,0.2323801131691243,-0.1763974443868403,0.0161272467741127,0.0914256259781981
Nikkei,Developed,A,Q-Learning,+RetFore,2,11312.51479921266,0.4666567262407633,0.6704910797501034,-0.1053174565167737,0.0526212328315494,0.4996439770900549
Nikkei,Developed,A,Q-Learning,+RetFore,3,9344.269054690683,-0.1170724923930118,-0.1181252783700063,-0.2187916201665515,-0.0278091587751408,-0.1271033998187157
Nikkei,Developed,A,Q-Learning,+RetFore,4,7059.226474816438,-0.9201402582136328,-0.8688323586549384,-0.3530108750661189,-0.1348191080934201,-0.3819120531847259
Nikkei,Developed,A,Q-Learning,+VolFore,0,10009.72915997055,0.0634664158192705,0.0675658161230939,-0.2048795676015504,0.0004044640198952,0.0019741549859177
Nikkei,Developed,A,Q-Learning,+VolFore,1,8477.848667820414,-0.4862156126686813,-0.4825174811651273,-0.2200182274588273,-0.0663626973109474,-0.3016236339921631
Nikkei,Developed,A,Q-Learning,+VolFore,2,9738.64004885904,-0.0421608610212237,-0.0389352061541571,-0.1908371815817036,-0.0109525656009557,-0.0573921995185678
Nikkei,Developed,A,Q-Learning,+VolFore,3,8572.092535361646,-0.6074182859178034,-0.5735110027373685,-0.2096715010207228,-0.0620607073262975,-0.2959901895292284
Nikkei,Developed,A,Q-Learning,+VolFore,4,10468.302532153282,0.2487959920398849,0.2788875803386554,-0.0828228348181952,0.0192139931191885,0.2319890783880233
Nikkei,Developed,A,PPO,Baseline,0,16262.219794678427,0.9086476836028976,1.170419452783381,-0.2450792195387534,0.2241012843710781,0.9144034520426872
Nikkei,Developed,A,PPO,Baseline,1,16241.826037029386,0.9373137684177454,1.1816922792657567,-0.2407237678594351,0.2234626947596949,0.9282951024979484
Nikkei,Developed,A,PPO,Baseline,2,16739.56597897158,0.985877527753346,1.2737670294984609,-0.237843343182399,0.2389167935623588,1.0045132664408103
Nikkei,Developed,A,PPO,Baseline,3,16194.54934524583,1.0171889029389862,1.2924804918149209,-0.2180596706836918,0.2219805162435022,1.0179806084568466
Nikkei,Developed,A,PPO,Baseline,4,15699.17265885402,0.9860456425084636,1.2983220931567958,-0.2042787672301429,0.2062954913486383,1.009872411826401
Nikkei,Developed,A,PPO,+RetFore,0,15133.926940686171,0.9545112370012356,1.2183517997427964,-0.200074093397069,0.1880408454526014,0.9398560416239092
Nikkei,Developed,A,PPO,+RetFore,1,14810.591156164404,0.8385283295174522,1.0466352693261318,-0.2171765497042125,0.1774191479706475,0.8169351074573645
Nikkei,Developed,A,PPO,+RetFore,2,16214.086947540138,0.9385411855504344,1.1901484910822284,-0.2433973615357265,0.2225933485226676,0.9145265467024392
Nikkei,Developed,A,PPO,+RetFore,3,16015.537343007476,0.972416676257693,1.2386097318360691,-0.2185281729864857,0.2163452608773426,0.9900108435434176
Nikkei,Developed,A,PPO,+RetFore,4,16314.281955626448,0.978538561837626,1.2848075309983171,-0.2242379137194466,0.2257293879657724,1.0066513027194195
Nikkei,Developed,A,PPO,+VolFore,0,15495.4412926597,0.9576270036608394,1.262931792556241,-0.2013605840854155,0.1997609198952403,0.9920557233262264
Nikkei,Developed,A,PPO,+VolFore,1,14527.109635253417,0.8000615169417064,1.0097462046856138,-0.222583000085496,0.1679946710573814,0.7547506817326501
Nikkei,Developed,A,PPO,+VolFore,2,16794.67063056874,0.997651045055833,1.2649466687492494,-0.2407320267774231,0.2406111199641538,0.9994977535150296
Nikkei,Developed,A,PPO,+VolFore,3,15742.812663531507,0.9341655088139031,1.1897370390194015,-0.2203510660542594,0.2076887681597894,0.9425357992491192
Nikkei,Developed,A,PPO,+VolFore,4,16185.020505677989,0.9738243808915876,1.2676249814171312,-0.2241296409869103,0.2216814702419471,0.989076988054002
Nikkei,Developed,B,VTrule,-,-1,13743.152859991253,0.7655559703045579,1.0035567972436763,-0.2775122888355048,0.1413584482154077,0.5093772560777966
Nikkei,Developed,B,Q-Learning,Baseline,0,11053.30644228994,0.3478468556772081,0.4774844093457037,-0.2693911483072241,0.0425235392761409,0.1578505438771418
Nikkei,Developed,B,Q-Learning,Baseline,1,10758.797864390344,0.2562262453557111,0.3019776344256464,-0.2831163692303886,0.030881360893165,0.1090765644423971
Nikkei,Developed,B,Q-Learning,Baseline,2,12213.850530274032,0.5587924787417805,0.8080059777999627,-0.223577768386186,0.0867181564866597,0.3878657395688981
Nikkei,Developed,B,Q-Learning,Baseline,3,11696.612323164898,0.4379752362003578,0.5422116079884434,-0.2830038019711112,0.067338605353254,0.2379424053104771
Nikkei,Developed,B,Q-Learning,Baseline,4,11156.905557013137,0.3340603129811278,0.4121840143345208,-0.3020426654668279,0.0465757586174484,0.1542025810999521
Nikkei,Developed,B,Q-Learning,+VolFore,0,10903.12338279644,0.3027790907745313,0.4217564504085647,-0.2610131536047059,0.0366096246908873,0.1402596926061087
Nikkei,Developed,B,Q-Learning,+VolFore,1,11562.463406821686,0.4316999866084815,0.5603865105306076,-0.290210930660026,0.0622309868387711,0.2144336420996443
Nikkei,Developed,B,Q-Learning,+VolFore,2,10094.945454847437,0.1115153417608183,0.1400690169881371,-0.2863649534397675,0.0039373323331879,0.0137493512592222
Nikkei,Developed,B,Q-Learning,+VolFore,3,11414.258953044284,0.4004371649794411,0.5212241995801193,-0.2679426875690516,0.0565478031469901,0.2110443978143876
Nikkei,Developed,B,Q-Learning,+VolFore,4,11032.857531015465,0.3171027020398881,0.3973732476678846,-0.3368872289775879,0.0417210733415394,0.1238428463674149
Nikkei,Developed,B,PPO,Baseline,0,15630.663209258022,0.8523799291100222,1.096661655974403,-0.2913063588641605,0.2041036464891577,0.7006494718628263
Nikkei,Developed,B,PPO,Baseline,1,14590.178805565058,0.8005502741881492,1.031528016796075,-0.2918397372481217,0.1701006638611446,0.5828564179248231
Nikkei,Developed,B,PPO,Baseline,2,15914.850372828416,0.8897014287082262,1.146020194893987,-0.2889208748998767,0.2131594797257718,0.7377780501284404
Nikkei,Developed,B,PPO,Baseline,3,14670.744652250649,0.8020314390536998,1.0359376820970936,-0.2951409934359036,0.172783181149162,0.5854258981008014
Nikkei,Developed,B,PPO,Baseline,4,15658.46328747226,0.8637550626512722,1.1088819605155462,-0.2867645715123409,0.2049937385883671,0.7148502951621776
Nikkei,Developed,B,PPO,+VolFore,0,14880.236702972734,0.7990744236900258,1.0102761123946542,-0.2977611540461848,0.179718389233827,0.6035655987729946
Nikkei,Developed,B,PPO,+VolFore,1,14625.893002372712,0.7823082773878436,1.0156112131515536,-0.2968304786382985,0.1712908673060902,0.5770663042801575
Nikkei,Developed,B,PPO,+VolFore,2,14984.53955945051,0.8071654856616214,1.0304747147548563,-0.290311046146479,0.1831500619163648,0.630875277902185
Nikkei,Developed,B,PPO,+VolFore,3,14767.500412812497,0.8130174139786985,1.0515965513952807,-0.2904121909150305,0.1759934088245751,0.6060124689306231
Nikkei,Developed,B,PPO,+VolFore,4,16040.066073100284,0.900852653604859,1.162650817802045,-0.2785386492516706,0.2171195874652933,0.779495370024351
SP500,Developed,A,VTrule,-,-1,14443.989091923017,1.146608794843036,1.4422975083256984,-0.1736414084675483,0.1603594827654997,0.9235094565277362
SP500,Developed,A,Q-Learning,Baseline,0,9908.603924064024,-0.0230673379968048,-0.0233572575780013,-0.1449099451452119,-0.0037070297098428,-0.0255816100551448
SP500,Developed,A,Q-Learning,Baseline,1,10007.179870596105,0.0463815102095015,0.0552174299464295,-0.1378705808257095,0.0002903596685426,0.0021060306470136
SP500,Developed,A,Q-Learning,Baseline,2,9906.2504672028,-0.0190755402226789,-0.0193574480682246,-0.1278782424343539,-0.0038027544178175,-0.0297373059356826
SP500,Developed,A,Q-Learning,Baseline,3,9255.218692241478,-0.4082307881662743,-0.4012514778285137,-0.1674655574389887,-0.030821875584166,-0.1840490430111939
SP500,Developed,A,Q-Learning,Baseline,4,10390.639099311342,0.217962209528834,0.2191260874889076,-0.1653542381739847,0.0156210671708176,0.0944703162327585
SP500,Developed,A,Q-Learning,+RetFore,0,10375.344124560095,0.2055575658747555,0.2387546062498284,-0.1981642343753038,0.0150160869814799,0.0757759695070158
SP500,Developed,A,Q-Learning,+RetFore,1,10186.449661360031,0.1260889060594784,0.1589524968353342,-0.1545404440791312,0.0075003253718177,0.0485330905864924
SP500,Developed,A,Q-Learning,+RetFore,2,10256.416251904911,0.1554747257307111,0.1787072233558629,-0.1975621066906848,0.0102937675741801,0.0521039573152787
SP500,Developed,A,Q-Learning,+RetFore,3,9454.461883169328,-0.2701630495024654,-0.2903413654997953,-0.1769846268890071,-0.0224359349781553,-0.1267677050397087
SP500,Developed,A,Q-Learning,+RetFore,4,10338.285059467067,0.2311865363141989,0.2669017712002046,-0.1117566507291552,0.0135480402357768,0.1212280445706052
SP500,Developed,A,Q-Learning,+VolFore,0,10171.11387719282,0.1506773380018987,0.1363541493537799,-0.1084645419900027,0.0068865130154041,0.0634909149939096
SP500,Developed,A,Q-Learning,+VolFore,1,9934.192442423617,0.0213492687730049,0.0231425218862842,-0.1456690636279321,-0.0026671128540698,-0.0183093979437107
SP500,Developed,A,Q-Learning,+VolFore,2,10148.800177205614,0.1346243418107791,0.1362079438943808,-0.0959894592078162,0.0059924255245622,0.062427953797784
SP500,Developed,A,Q-Learning,+VolFore,3,9897.951308448492,-0.0192528313914771,-0.0211615488919464,-0.1011911989069318,-0.0041404232434628,-0.0409168315836439
SP500,Developed,A,Q-Learning,+VolFore,4,10647.062003812767,0.38900971935777,0.4166660445900552,-0.0819510489618608,0.0256856850331206,0.3134271660727743
SP500,Developed,A,PPO,Baseline,0,14634.914379720958,1.2427148030430704,1.6945413679347507,-0.1543382963745744,0.1665393713830387,1.0790540992999793
SP500,Developed,A,PPO,Baseline,1,14243.134416930145,1.1634187213679292,1.507051425562678,-0.1610668426185732,0.1538054639765746,0.9549169864827526
SP500,Developed,A,PPO,Baseline,2,13898.135984350603,1.225832227134106,1.7419549689137237,-0.1264052055721812,0.1424182282964068,1.1266800892464428
SP500,Developed,A,PPO,Baseline,3,13829.260153361229,1.1848455051911009,1.53734966371122,-0.1446016628697715,0.1401247746121452,0.9690398563215192
SP500,Developed,A,PPO,Baseline,4,14331.287034991155,1.2269739741210202,1.6042706586701927,-0.1536542096870457,0.1566886740492139,1.0197486575039425
SP500,Developed,A,PPO,+RetFore,0,15842.10888689871,1.3097276671802889,1.7248255239809651,-0.1873859027504731,0.2045455666148476,1.0915739317174418
SP500,Developed,A,PPO,+RetFore,1,13379.458580444363,1.0626032591140406,1.369415363503175,-0.1402198488978167,0.1249770917482038,0.8912938698028966
SP500,Developed,A,PPO,+RetFore,2,14306.657606141773,1.1267080660802862,1.4474285610234734,-0.1703052939848477,0.1558841843208767,0.9153220118561348
SP500,Developed,A,PPO,+RetFore,3,14718.388833444817,1.2156844706206489,1.602852428916132,-0.1679262616019634,0.1692261960710308,1.0077411028844372
SP500,Developed,A,PPO,+RetFore,4,14001.450122005495,1.1636940358401529,1.5031168770168073,-0.1536362808094258,0.1458457662785923,0.9492924816277848
SP500,Developed,A,PPO,+VolFore,0,15186.706888420646,1.1924006051253109,1.5458093536066562,-0.1873859025288683,0.1841344361907939,0.9826482873301736
SP500,Developed,A,PPO,+VolFore,1,13056.73167113497,1.0425255699108111,1.317998554962038,-0.1380782118700101,0.1139210116047977,0.8250469792527468
SP500,Developed,A,PPO,+VolFore,2,13880.452941035664,1.085133722485512,1.3837548465047629,-0.1607904757919653,0.1418300585516645,0.8820799730345077
SP500,Developed,A,PPO,+VolFore,3,15118.763097422134,1.2624545956465498,1.6448377070050288,-0.171485365125235,0.1819886858318584,1.0612490791729754
SP500,Developed,A,PPO,+VolFore,4,15046.375198424364,1.228257918256446,1.6307513599046,-0.1714853651252351,0.1796962573102278,1.0478810082595005
SP500,Developed,B,VTrule,-,-1,14443.989091923017,1.146608794843036,1.4422975083256984,-0.1736414084675483,0.1603594827654997,0.9235094565277362
SP500,Developed,B,Q-Learning,Baseline,0,12070.298378867505,0.6966916312552419,0.8498902014789042,-0.1635752709497878,0.0790820649725569,0.4834597828442483
SP500,Developed,B,Q-Learning,Baseline,1,11826.529285754554,0.6001027643570691,0.707659572652761,-0.1774755168712429,0.0702133723985154,0.3956228646966502
SP500,Developed,B,Q-Learning,Baseline,2,12641.3571007463,0.7984113392209968,0.9736055106093896,-0.1846631311248969,0.0994487242074648,0.5385413081708453
SP500,Developed,B,Q-Learning,Baseline,3,12081.432812753232,0.7237604087246574,0.9056953826254924,-0.1684087797097122,0.0794845946072917,0.4719741734595314
SP500,Developed,B,Q-Learning,Baseline,4,11522.92169596352,0.5419635282989544,0.6220945923274914,-0.1830725545673556,0.0590140699794745,0.3223534522616817
SP500,Developed,B,Q-Learning,+VolFore,0,11839.795027287772,0.5897329318354104,0.7359742620236327,-0.1807311551068905,0.0706987861779768,0.3911820634122103
SP500,Developed,B,Q-Learning,+VolFore,1,12972.83019044216,0.9058607128842804,1.1117384763169644,-0.1806436644634536,0.1110200963650898,0.6145806258648826
SP500,Developed,B,Q-Learning,+VolFore,2,11496.396243560745,0.4990093761938958,0.5886401880514376,-0.1817747012494012,0.058027308131296,0.319226535552719
SP500,Developed,B,Q-Learning,+VolFore,3,13187.092407503093,0.9497966674002072,1.2551195380930962,-0.1445529709623166,0.1184063276196254,0.819120678257616
SP500,Developed,B,Q-Learning,+VolFore,4,12344.535544245511,0.787185276126778,0.9419409959334778,-0.1674404431330024,0.0889326616053602,0.5311301137335593
SP500,Developed,B,PPO,Baseline,0,15320.694569032556,1.236113372284236,1.5829344453494074,-0.1871468467756261,0.1883492434123825,1.0064248832212044
SP500,Developed,B,PPO,Baseline,1,15145.98695580916,1.2144421709429605,1.5540762683185667,-0.1865802897684374,0.1828491376179757,0.9800024313603952
SP500,Developed,B,PPO,Baseline,2,15320.694569032556,1.236113372284236,1.5829344453494074,-0.1871468467756261,0.1883492434123825,1.0064248832212044
SP500,Developed,B,PPO,Baseline,3,15316.754417632574,1.235462738995745,1.582028693894288,-0.1871468467756261,0.1882256132889053,1.0057642783239984
SP500,Developed,B,PPO,Baseline,4,15297.849090450703,1.2325833217777498,1.5782344025182609,-0.1871361565878868,0.1876321572723391,1.0026504802305094
SP500,Developed,B,PPO,+VolFore,0,15018.912300093536,1.1886857538168751,1.5135703407717271,-0.1864316488443307,0.1788248255866922,0.9591977901512344
SP500,Developed,B,PPO,+VolFore,1,15080.379998047698,1.203768632986182,1.5298523653855525,-0.1871468467756263,0.1807739601697229,0.9659471334052988
SP500,Developed,B,PPO,+VolFore,2,14663.649864200348,1.1495102564772817,1.478373933909782,-0.1791519243673883,0.1674653192173258,0.934767068831304
SP500,Developed,B,PPO,+VolFore,3,15235.225108345408,1.2246542588282143,1.564686563333019,-0.1848244438752947,0.1856632061238861,1.0045381564797389
SP500,Developed,B,PPO,+VolFore,4,15088.072686837007,1.2151500456347106,1.5280510816827464,-0.1848244438752948,0.1810175612378846,0.9794027101688006
Vietnam,Frontier,A,VTrule,-,-1,10751.396197103551,0.2564269012417792,0.3532875271496088,-0.2019703473352503,0.0296911147468494,0.1470072965583321
Vietnam,Frontier,A,Q-Learning,Baseline,0,9999.013839646885,0.0358161612421397,0.0332005161324298,-0.0795289964537777,-3.982687731274304e-05,-0.0005007843565005
Vietnam,Frontier,A,Q-Learning,Baseline,1,11558.19372358917,0.5742025037491252,0.7552028965144997,-0.0805846453866378,0.0602245888344297,0.7473457076683805
Vietnam,Frontier,A,Q-Learning,Baseline,2,9387.242032838409,-0.1376190781761182,-0.1085814888264913,-0.1822780077100995,-0.0252133266040052,-0.1383234703989465
Vietnam,Frontier,A,Q-Learning,Baseline,3,8653.725524530768,-0.7557753857321617,-0.6198108857664206,-0.147235257242971,-0.0567219684981177,-0.38524718576155
Vietnam,Frontier,A,Q-Learning,Baseline,4,9039.961202392282,-0.5457233722837047,-0.3271590804470893,-0.1125874946456635,-0.0399407496063783,-0.3547529832840275
Vietnam,Frontier,A,Q-Learning,+RetFore,0,11717.051340383834,0.5738722680209607,0.6723190572685086,-0.0965723038896094,0.066085457190766,0.6843106618396847
Vietnam,Frontier,A,Q-Learning,+RetFore,1,9132.929365477949,-0.2879166252348559,-0.2325112851063201,-0.1482741206845678,-0.0359655808417137,-0.242561417160469
Vietnam,Frontier,A,Q-Learning,+RetFore,2,9414.211330497505,-0.1834950847527391,-0.1693618076900176,-0.152730095715366,-0.0240833078570614,-0.1576854106199632
Vietnam,Frontier,A,Q-Learning,+RetFore,3,10710.251303803532,0.2832255877081775,0.3739409635332633,-0.1322095103709555,0.0280979153730318,0.2125256745447566
Vietnam,Frontier,A,Q-Learning,+RetFore,4,9775.578109481385,-0.0661146848420994,-0.0725111986166252,-0.119179160139034,-0.0091245545839763,-0.0765616620662125
Vietnam,Frontier,A,Q-Learning,+VolFore,0,11780.54392169665,0.9229196909785364,1.2142302877348596,-0.0683920282683086,0.0684146883396235,1.000331326192368
Vietnam,Frontier,A,Q-Learning,+VolFore,1,10413.657882587104,0.2455339350495483,0.3066635146741515,-0.1183622394110473,0.0165038487801987,0.1394350838762425
Vietnam,Frontier,A,Q-Learning,+VolFore,2,10967.137848719416,0.441486915207517,0.5897945182560281,-0.1348797094598323,0.0379860716454025,0.2816292517032248
Vietnam,Frontier,A,Q-Learning,+VolFore,3,10093.847590353946,0.0885064713743104,0.0899539083209574,-0.095968531097644,0.0037794493915599,0.039382174013637
Vietnam,Frontier,A,Q-Learning,+VolFore,4,10066.320011945334,0.0834132077347307,0.0841863083381423,-0.1424010772553703,0.002673032172866,0.0187711513449698
Vietnam,Frontier,A,PPO,Baseline,0,13464.720979009504,0.6330021604820805,0.9055318527399208,-0.2413171034501833,0.1276539777669196,0.5289885214984074
Vietnam,Frontier,A,PPO,Baseline,1,13406.92773548079,0.6464549751884979,0.9199679206993894,-0.2192818504900502,0.1256968099201656,0.5732203081955286
Vietnam,Frontier,A,PPO,Baseline,2,12449.582884459547,0.5259729299650322,0.7292895632011958,-0.243900225755283,0.0925162374592039,0.3793200156839978
Vietnam,Frontier,A,PPO,Baseline,3,13240.486096282364,0.5983476977248037,0.8494038225130399,-0.2528614374983139,0.1200320056705401,0.4746947848497692
Vietnam,Frontier,A,PPO,Baseline,4,13128.2862502539,0.642671841322448,0.9161627475282252,-0.212029577070613,0.1161893163013316,0.5479863607051799
Vietnam,Frontier,A,PPO,+RetFore,0,11413.355822955338,0.3562552217079514,0.484480151879634,-0.2352860798763602,0.0548389637295254,0.2330735577646988
Vietnam,Frontier,A,PPO,+RetFore,1,12384.536424818214,0.5277579939727983,0.7473108836727439,-0.208668462356443,0.090207415536891,0.4323001881442359
Vietnam,Frontier,A,PPO,+RetFore,2,12809.518246446984,0.5553991645463381,0.7525918067299618,-0.25167141910299,0.105163940780304,0.4178620725178591
Vietnam,Frontier,A,PPO,+RetFore,3,12712.191681254708,0.5665991633301113,0.7892493879559124,-0.2300656402245548,0.1017651242972188,0.4423308243571226
Vietnam,Frontier,A,PPO,+RetFore,4,12878.449191758693,0.5810000184244272,0.8177118761090011,-0.2191535324879509,0.1075618288645379,0.4908058183819639
Vietnam,Frontier,A,PPO,+VolFore,0,12384.324720973116,0.508515311213506,0.7083464241769214,-0.2295405513090901,0.0901998893276723,0.3929584067514929
Vietnam,Frontier,A,PPO,+VolFore,1,11375.264445858067,0.3493362891148265,0.4731931510509715,-0.2393704602649402,0.0534158224152043,0.2231512708621584
Vietnam,Frontier,A,PPO,+VolFore,2,14005.392969859397,0.7597391808814319,1.0889858305324658,-0.2042806402994709,0.1457260663474491,0.713362098988453
Vietnam,Frontier,A,PPO,+VolFore,3,12874.34674294375,0.5924522233513333,0.8290751888692788,-0.2288400848764715,0.1074193321747845,0.4694078497318348
Vietnam,Frontier,A,PPO,+VolFore,4,12866.762330776932,0.5698662169431186,0.8041962422994539,-0.2398265378531794,0.1071558197752255,0.4468055150776475
Vietnam,Frontier,B,VTrule,-,-1,10751.396197103551,0.2564269012417792,0.3532875271496088,-0.2019703473352503,0.0296911147468494,0.1470072965583321
Vietnam,Frontier,B,Q-Learning,Baseline,0,10358.885017896242,0.1729450010432313,0.248043183802319,-0.1623326261237379,0.0143412826804905,0.0883450420463877
Vietnam,Frontier,B,Q-Learning,Baseline,1,8959.650882873968,-0.2718876764603988,-0.3730475131715908,-0.2292835802937159,-0.0433943553643072,-0.1892606322202799
Vietnam,Frontier,B,Q-Learning,Baseline,2,10181.086899459346,0.1222117645320372,0.1846315398123346,-0.1991999314292346,0.0072740260441406,0.0365162075705241
Vietnam,Frontier,B,Q-Learning,Baseline,3,8623.061028608003,-0.3210070079322757,-0.4050849863015721,-0.211559298510409,-0.0580732558948794,-0.2745010798556209
Vietnam,Frontier,B,Q-Learning,Baseline,4,9214.174547640552,-0.1627394634335215,-0.2303470824991767,-0.2176652888521524,-0.0325113741832032,-0.1493640734106071
Vietnam,Frontier,B,Q-Learning,+VolFore,0,9752.16389959543,-0.0008681284483892,-0.0011646524343738,-0.1876245617432856,-0.010083695509062,-0.053744005663849
Vietnam,Frontier,B,Q-Learning,+VolFore,1,10250.48244739883,0.1419281217246321,0.1933481254504254,-0.1970848052483212,0.0100411013409877,0.0509481252412398
Vietnam,Frontier,B,Q-Learning,+VolFore,2,10038.837062753784,0.0808005039399503,0.1173470403582197,-0.1860659981482508,0.0015666079137344,0.0084196356632434
Vietnam,Frontier,B,Q-Learning,+VolFore,3,8634.193685275393,-0.3426868045313482,-0.468722499389764,-0.2243952491958018,-0.0575823441877535,-0.2566112446402641
Vietnam,Frontier,B,Q-Learning,+VolFore,4,8688.64566093502,-0.3132739901661001,-0.4062587322047493,-0.2186929407840786,-0.0551866201957766,-0.2523475151857396
Vietnam,Frontier,B,PPO,Baseline,0,12108.1556300655,0.4517244119168397,0.629958083932524,-0.2430773246741427,0.0803158016911387,0.3304125623337168
Vietnam,Frontier,B,PPO,Baseline,1,12111.730594265722,0.4482801969620076,0.6172523572226609,-0.2423244698022224,0.0804446035602197,0.3319706161971349
Vietnam,Frontier,B,PPO,Baseline,2,11567.610656857998,0.3781204772891021,0.5235633794858751,-0.2390239058030724,0.0605733498302447,0.2534196302519491
Vietnam,Frontier,B,PPO,Baseline,3,11291.533575615102,0.3324783525151615,0.4506678750010895,-0.2393653938204095,0.0502775151217966,0.2100450458569994
Vietnam,Frontier,B,PPO,Baseline,4,11799.532546381448,0.4103696084763929,0.5611104179234855,-0.2418495931067896,0.0691098333932191,0.2857554255318417
Vietnam,Frontier,B,PPO,+VolFore,0,12207.494442511816,0.4905233059225101,0.6981734254851925,-0.2170385236472653,0.0838864649916832,0.3865049558097367
Vietnam,Frontier,B,PPO,+VolFore,1,10339.292746952158,0.1691857513940238,0.2275995532139914,-0.233864354249626,0.0135660771960721,0.0580083152883306
Vietnam,Frontier,B,PPO,+VolFore,2,11219.579281437567,0.3257990356882876,0.4470243954699048,-0.2355688641051891,0.0475695020542294,0.2019345902724489
Vietnam,Frontier,B,PPO,+VolFore,3,11147.321240627689,0.3195446878144022,0.4435383325330059,-0.223678888301975,0.0448396180381616,0.2004642386161448
Vietnam,Frontier,B,PPO,+VolFore,4,12032.489329416972,0.4615653184737452,0.6577635960412009,-0.2244825452620996,0.0775842960051547,0.3456139358818469
