market,group,window,span,agent,state,seed,NetWorth,Sharpe,Sortino,MaxDD,CAGR,Calmar,Turnover,Skew,Kurt,N
SP500,Developed,0,2020-01-13..2021-09-03,BuyHold,-,-1,13772.590062995756,0.835818118886006,0.9242725016616266,-0.3392496000265327,0.2139795916274876,0.6307438287624259,1.001506791422868,-0.6472298657811502,15.097508538327528,415
SP500,Developed,0,2020-01-13..2021-09-03,VolTarget,-,-1,13182.070185009958,0.9956202369115732,1.2077116992672512,-0.1876475797342772,0.1821766715487998,0.9708447708507858,33.75903384862149,-0.962840643588684,5.562997813901939,415
SP500,Developed,0,2020-01-13..2021-09-03,Const1.5x,-,-1,15301.51669731966,0.8286339904230938,0.9160044568870892,-0.476820541186419,0.2939171350553526,0.6164103885361466,4.821639048689809,-0.6508070320744483,15.102075647409956,415
SP500,Developed,0,2020-01-13..2021-09-03,Q-Learning,Baseline,0,9976.821470308234,0.1118907632059683,0.1043016453491117,-0.3463841445745357,-0.0014047262063596,-0.0040553998453972,173.7802848553978,-1.67028792490141,25.162501560908893,415
SP500,Developed,0,2020-01-13..2021-09-03,Q-Learning,Baseline,1,8973.56230107643,-0.1404941808385842,-0.1381793554944883,-0.3700356808165304,-0.0635004501397569,-0.1716062894244781,193.63178820598145,-1.807326436587008,23.09502084352436,415
SP500,Developed,0,2020-01-13..2021-09-03,Q-Learning,Baseline,2,8718.417127567862,-0.0078136465472137,-0.0077010335785583,-0.4466554679679899,-0.0797221752786573,-0.1784869569405836,178.88323275501023,-0.8970690001398098,30.363545633148483,415
SP500,Developed,0,2020-01-13..2021-09-03,Q-Learning,+VolFore,0,8878.06603760273,-0.3768120479447777,-0.3499991305596693,-0.2303725279520042,-0.0695503873515194,-0.3019039985779365,175.97067957955755,-1.715284388470421,20.23941503480444,415
SP500,Developed,0,2020-01-13..2021-09-03,Q-Learning,+VolFore,1,8784.365429104477,-0.3820817514701987,-0.3756002277163965,-0.1868261059900055,-0.0755115520818486,-0.4041809450628064,177.22971165006425,-1.960044380377195,20.22279177118813,415
SP500,Developed,0,2020-01-13..2021-09-03,Q-Learning,+VolFore,2,7930.53365681942,-0.2308265606961785,-0.2330877611323063,-0.4416352880457152,-0.1310385704162852,-0.2967121830228933,201.79114134260465,-0.8604736271391721,28.39457044563485,415
SP500,Developed,0,2020-01-13..2021-09-03,PPO,Baseline,0,16033.02711008467,0.8341431601783843,0.9243374660584726,-0.533946695612193,0.3310430375007045,0.6199926700932747,7.812951423275133,-0.6298550372118558,15.025249622773469,415
SP500,Developed,0,2020-01-13..2021-09-03,PPO,Baseline,1,14820.48968967751,0.7815147528898959,0.8617211541228469,-0.4605034270358712,0.2691217225493132,0.5844076433502098,10.18042693884391,-0.3412019076776355,17.04539060177075,415
SP500,Developed,0,2020-01-13..2021-09-03,PPO,Baseline,2,14444.84859981422,0.719208066118144,0.7718913261611455,-0.5282745134825857,0.249537279484322,0.4723628967803224,7.209214509716826,-0.7325941614235285,18.13539528237539,415
SP500,Developed,0,2020-01-13..2021-09-03,PPO,+VolFore,0,15285.99288281818,0.8205844335418995,0.9079855329138564,-0.4798066943358389,0.2931217736366447,0.6109163900720075,7.115283026685068,-0.6084146375574182,14.64662353435195,415
SP500,Developed,0,2020-01-13..2021-09-03,PPO,+VolFore,1,15403.97268219116,0.799691589295427,0.8854579588661697,-0.4996258625890721,0.2991585039200342,0.5987650486489821,9.919930706426344,-0.2869925943072638,17.13415965171713,415
SP500,Developed,0,2020-01-13..2021-09-03,PPO,+VolFore,2,15258.226234306923,0.7566331559682625,0.8087183475491939,-0.56758475487729,0.2916983569611509,0.5139291611588497,27.957136255449623,-0.6143249286205847,18.68965472795649,415
SP500,Developed,1,2021-09-07..2023-05-02,BuyHold,-,-1,9100.345366070767,-0.1676536833225043,-0.2572447813676394,-0.254250966192304,-0.0555074858953802,-0.2183176989509592,1.0015065100369096,-0.0402949076058238,3.811941745846113,415
SP500,Developed,1,2021-09-07..2023-05-02,VolTarget,-,-1,8783.378645839462,-0.3358784172672618,-0.5036795048748877,-0.2418101131879392,-0.0755744635321746,-0.3125364052624394,38.346855704792816,-0.2042871550121437,3.803668942385955,415
SP500,Developed,1,2021-09-07..2023-05-02,Const1.5x,-,-1,8407.573016455746,-0.1767840424397021,-0.2712550989056521,-0.3686248280617139,-0.0997403274814165,-0.2705740902087252,4.66004439778996,-0.0404629826207166,3.811957108800821,415
SP500,Developed,1,2021-09-07..2023-05-02,Q-Learning,Baseline,0,8876.980234042101,-0.2961057418664906,-0.3660874846719915,-0.2590753045004009,-0.0696193229309261,-0.268722343354612,206.9612623528812,-0.1474143511429111,7.746957058601016,415
SP500,Developed,1,2021-09-07..2023-05-02,Q-Learning,Baseline,1,9293.469381517436,-0.1824016521772386,-0.2109827743022291,-0.2426181036482934,-0.0434159520720255,-0.1789477018367255,187.1220299078645,-0.703093860205982,10.439110588124551,415
SP500,Developed,1,2021-09-07..2023-05-02,Q-Learning,Baseline,2,8893.830660696429,-0.3093868916912171,-0.3487028120076343,-0.2612536379398951,-0.068549895905448,-0.2623882922577961,161.16854128670437,-0.4951885218173825,14.06075083627216,415
SP500,Developed,1,2021-09-07..2023-05-02,Q-Learning,+VolFore,0,8490.96660981545,-0.2349118091798605,-0.3113610996877001,-0.2628087766857243,-0.094341605064887,-0.3589743320381762,232.043539872088,0.0394037319261532,6.834475978844412,415
SP500,Developed,1,2021-09-07..2023-05-02,Q-Learning,+VolFore,1,9116.3368780522,-0.1967431653201967,-0.2389340888149591,-0.1771644601465478,-0.0545024373263096,-0.3076375322732245,208.854877392238,0.6833103954626119,16.75984285124715,415
SP500,Developed,1,2021-09-07..2023-05-02,Q-Learning,+VolFore,2,7810.092174298359,-0.4612662424915116,-0.574737404735278,-0.2947528038603476,-0.1390569901479872,-0.4717749528632134,238.60872794288025,-0.1153526107389601,8.45031356023657,415
SP500,Developed,1,2021-09-07..2023-05-02,PPO,Baseline,0,8618.493018456467,-0.116654965365619,-0.1811141544284921,-0.3591064202616512,-0.0861260688712,-0.2398343889485663,12.877107998828976,0.0166571993735928,3.7698776804441367,415
SP500,Developed,1,2021-09-07..2023-05-02,PPO,Baseline,1,8484.263786765885,-0.1538618481452691,-0.2379241278973448,-0.3621759740380091,-0.0947747565883684,-0.261681512253379,10.668218580885696,-0.0001325182140267,3.79977017988392,415
SP500,Developed,1,2021-09-07..2023-05-02,PPO,Baseline,2,8676.484059878167,-0.1058082099476087,-0.1651126732373544,-0.3542373019924117,-0.0824060214912925,-0.2326294295591296,15.105509451847649,0.0312274505873481,3.770836549202025,415
SP500,Developed,1,2021-09-07..2023-05-02,PPO,+VolFore,0,8962.854700594027,-0.0101376442188343,-0.0156653024529847,-0.3771784868828832,-0.0641775367922249,-0.1701516364902921,29.23730954345828,0.0242109243056551,3.987215714309548,415
SP500,Developed,1,2021-09-07..2023-05-02,PPO,+VolFore,1,8634.383432480972,-0.1184550852683075,-0.1837969178892411,-0.3513506580673712,-0.0851057412411033,-0.2422245107181276,12.053849935049376,0.0107621853151878,3.789683739406005,415
SP500,Developed,1,2021-09-07..2023-05-02,PPO,+VolFore,2,8148.66322746687,-0.2330143529474516,-0.3525339361933898,-0.3786009866800208,-0.11663770442044,-0.3080755426522693,30.25002558143954,-0.0844518482966254,3.952585657615945,415
SP500,Developed,2,2023-05-03..2024-12-26,BuyHold,-,-1,14736.794359688442,1.9915637189373032,2.8205974377366374,-0.1027661709329137,0.2647752833973744,2.576482912530084,1.0015154250938176,-0.3669095153323463,4.193890873666938,415
SP500,Developed,2,2023-05-03..2024-12-26,VolTarget,-,-1,14724.896397412454,1.5922579354990265,2.200109662833422,-0.13259013752648,0.264156613079699,1.99227950136903,40.61365438588292,-0.5041738742258917,4.231416523673063,415
SP500,Developed,2,2023-05-03..2024-12-26,Const1.5x,-,-1,17675.00129523549,1.9825008155965247,2.8077189088468955,-0.1517414880262189,0.4120261716214439,2.7153165358938347,3.326792526285727,-0.3670849413532869,4.194456671771614,415
SP500,Developed,2,2023-05-03..2024-12-26,Q-Learning,Baseline,0,10295.922475830692,0.2851281867306841,0.2653085621837404,-0.1089472481711516,0.0178229217891277,0.1635922163078871,103.80179012696388,2.35923631433767,37.90890970458721,415
SP500,Developed,2,2023-05-03..2024-12-26,Q-Learning,Baseline,1,10649.876962857788,0.6906864430298096,0.7819351444321735,-0.0999772096551847,0.0388779092630844,0.388867716920517,76.44125748070806,0.7781246310575118,14.780694691216707,415
SP500,Developed,2,2023-05-03..2024-12-26,Q-Learning,Baseline,2,10746.403120735004,0.6134898680858129,0.5982964614871359,-0.1308649729036495,0.0445716647723384,0.3405927788241251,82.40582796600287,1.7646729174576763,28.64342707618488,415
SP500,Developed,2,2023-05-03..2024-12-26,Q-Learning,+VolFore,0,11241.121000435867,0.8255089224152322,1.075521899833959,-0.1422226494073478,0.0734427966691493,0.5163931130145194,124.67527312668734,1.2507032850095925,17.16147572875939,415
SP500,Developed,2,2023-05-03..2024-12-26,Q-Learning,+VolFore,1,10276.916197636485,0.2082592049355192,0.2437464103316506,-0.2025713961370778,0.016684326477862,0.0823626967871097,177.94771780489037,0.5214971880031288,11.947248883845475,415
SP500,Developed,2,2023-05-03..2024-12-26,Q-Learning,+VolFore,2,10840.94836627689,0.6318369901906974,0.7879542485460699,-0.1545335257668939,0.050129059980301,0.3243895441536344,125.68595133246878,0.5335060656645463,11.669354675444422,415
SP500,Developed,2,2023-05-03..2024-12-26,PPO,Baseline,0,18419.007191551213,1.9653156545276325,2.710392210894889,-0.1568100782874258,0.447738462204772,2.855291363232612,17.132431957415722,-0.3922676336896319,5.047900022456702,415
SP500,Developed,2,2023-05-03..2024-12-26,PPO,Baseline,1,17283.814331631605,1.8292541329791936,2.4766922508527185,-0.1606788022764395,0.3930116645205663,2.445945942775726,19.05920361251459,-0.2238114141293294,5.979157837494719,415
SP500,Developed,2,2023-05-03..2024-12-26,PPO,Baseline,2,17675.00129523549,1.9825008155965247,2.8077189088468955,-0.1517414880262189,0.4120261716214439,2.7153165358938347,3.326792526285727,-0.3670849413532869,4.194456671771614,415
SP500,Developed,2,2023-05-03..2024-12-26,PPO,+VolFore,0,18321.219758498548,1.9320016953291737,2.65579722436376,-0.1735374510072854,0.4430775650031262,2.5532100559778983,16.740203570469262,-0.3940982531810573,4.964674608090326,415
SP500,Developed,2,2023-05-03..2024-12-26,PPO,+VolFore,1,18131.919493105965,1.924029860501535,2.684071165728989,-0.1664370110752608,0.4340268769337889,2.607754574100826,12.708003222200016,-0.3494733214635839,4.523951549560973,415
SP500,Developed,2,2023-05-03..2024-12-26,PPO,+VolFore,2,16284.52996351193,1.9263313725609137,2.476220112230592,-0.1194351710890329,0.3436523521405985,2.877312846829227,20.81844338017824,-0.041239262055986,9.876367780398146,415
SP500,Developed,3,2024-12-27..2026-08-26,BuyHold,-,-1,12835.789831915576,0.9842210696081072,1.3014565543558505,-0.1890220618428399,0.1632661039253131,0.8637409958007704,1.0015208201303063,0.8768894832612976,20.877139533422792,415
SP500,Developed,3,2024-12-27..2026-08-26,VolTarget,-,-1,11585.913587356885,0.6141402942474546,0.7884867849058914,-0.1640150927080401,0.0932689140681259,0.5686605575596838,40.6328907294694,-0.6244080179119893,6.055959442375329,415
SP500,Developed,3,2024-12-27..2026-08-26,Const1.5x,-,-1,14245.760538329338,0.9763730934393584,1.291503711848052,-0.2731145517204707,0.2390762475148711,0.8753698622352692,3.677665557103104,0.8753613908979755,20.87936163969961,415
SP500,Developed,3,2024-12-27..2026-08-26,Q-Learning,Baseline,0,9486.918517990638,-0.2046908998360299,-0.1347723872074464,-0.1963666416104332,-0.0314029720378316,-0.1599200952877283,59.858480624118,-4.38763082539759,75.7642114858883,415
SP500,Developed,3,2024-12-27..2026-08-26,Q-Learning,Baseline,1,9666.051639966652,-0.1754687460449627,-0.1562152948971902,-0.1384923687471635,-0.0203648369520099,-0.1470466361149593,105.69275697311484,-0.5140071186010631,22.20451689908229,415
SP500,Developed,3,2024-12-27..2026-08-26,Q-Learning,Baseline,2,8570.742486998468,-0.6698990502224278,-0.7233983152544224,-0.2201340321082346,-0.0891966150850435,-0.4051923013920103,126.89820126932406,-0.0513061453544046,15.334887908156942,415
SP500,Developed,3,2024-12-27..2026-08-26,Q-Learning,+VolFore,0,9997.10458784418,0.0981822377809284,0.1206246096057531,-0.2335919520995329,-0.0001754051711192,-0.0007509041708926,118.49268058763658,4.083336768027617,76.10524784594243,415
SP500,Developed,3,2024-12-27..2026-08-26,Q-Learning,+VolFore,1,9761.694409365286,-0.0423475550169332,-0.0403131984302551,-0.1654665698281471,-0.0145043917105917,-0.0876575354500201,143.16388432308986,-1.8551637852081064,34.06439452618642,415
SP500,Developed,3,2024-12-27..2026-08-26,Q-Learning,+VolFore,2,9052.226059876111,-0.3524142903082175,-0.3875310023317278,-0.1905841182749068,-0.0585359382507888,-0.3071396440601988,153.78140158224076,0.4295002307704173,22.0597632951246,415
SP500,Developed,3,2024-12-26..2026-08-25,PPO,Baseline,0,13125.506879830798,0.7253258440083634,0.9176718705895528,-0.3023433911376564,0.1791012216074881,0.5923768365929033,16.556722014649793,1.89149789717078,39.486217648354575,415
SP500,Developed,3,2024-12-26..2026-08-25,PPO,Baseline,1,13978.75670364343,0.9116851200963132,1.2542293448783777,-0.2731510591148399,0.2249556616643051,0.8235577134222434,19.07149973686347,2.9379191179682587,50.30851537054557,415
SP500,Developed,3,2024-12-26..2026-08-25,PPO,Baseline,2,14156.502976479733,0.9146811957906822,1.205954285990016,-0.2899025218983569,0.2343675344549425,0.8084356525063482,8.40491896634387,1.3000744864694456,27.963954365170935,415
SP500,Developed,3,2024-12-26..2026-08-25,PPO,+VolFore,0,14223.861615936745,0.8931754983446177,1.2100056388546094,-0.2956557413893809,0.2379220662602323,0.8047266903776527,8.706222245151203,2.0524858641587307,35.76715002851242,415
SP500,Developed,3,2024-12-26..2026-08-25,PPO,+VolFore,1,14170.172714709624,0.8985996196290639,1.1617882080087625,-0.3056112531517859,0.2350894282034803,0.769243363188432,23.38701218195512,1.10544632525517,25.70312538899049,415
SP500,Developed,3,2024-12-26..2026-08-25,PPO,+VolFore,2,13718.26935469091,0.8929009841608556,1.176712667593664,-0.2731145517204709,0.211076862382727,0.7728510291827604,11.349573903843114,0.93856338306757,21.793969729204445,415
NASDAQ,Developed,0,2020-01-10..2021-09-02,BuyHold,-,-1,16677.870455449705,1.18955762940994,1.349414155134973,-0.3011567333731763,0.3632199654298564,1.2060828305590927,1.001489069568542,-0.7244611437283399,11.672133282559203,415
NASDAQ,Developed,0,2020-01-10..2021-09-02,VolTarget,-,-1,13893.474381914226,1.1527541688330545,1.3768757462628194,-0.1685057499947785,0.2204231232938585,1.3081044611200547,24.04073293122317,-1.022490120132754,5.5057065208348765,415
NASDAQ,Developed,0,2020-01-10..2021-09-02,Const1.5x,-,-1,20226.38835516408,1.181757591255196,1.3402040190645843,-0.4307627946165551,0.5322016245787475,1.2354865165438744,5.354751691106447,-0.7270936546460336,11.67670000043957,415
NASDAQ,Developed,0,2020-01-10..2021-09-02,Q-Learning,Baseline,0,8899.702559097554,-0.2947069455948055,-0.2710540522475085,-0.2606495146122499,-0.0681774184628909,-0.261567410029718,172.50924425893223,-2.0589676919009303,19.14233745356109,415
NASDAQ,Developed,0,2020-01-10..2021-09-02,Q-Learning,Baseline,1,8687.573217933728,-0.0453924606442558,-0.0431635802706268,-0.4587602052651392,-0.081695784634056,-0.1780794927203027,182.023689993201,-1.166049309340887,23.24342299997276,415
NASDAQ,Developed,0,2020-01-10..2021-09-02,Q-Learning,Baseline,2,9221.39648045344,0.0560751660494611,0.0531447936949665,-0.4504324541249558,-0.0479167577554775,-0.1063794522720568,160.72751891292086,-1.209596650180819,23.5767465482064,415
NASDAQ,Developed,0,2020-01-10..2021-09-02,Q-Learning,+VolFore,0,11566.410685776722,0.5720143304341806,0.6247745370194292,-0.1735255849110613,0.0921537279722664,0.5310670931837962,175.81285720868965,-0.3770101002684683,11.185536738800035,415
NASDAQ,Developed,0,2020-01-10..2021-09-02,Q-Learning,+VolFore,1,10866.229644001063,0.362480846568492,0.3411781878898736,-0.1834256402830459,0.05161185857529,0.2813775571145119,185.8599572849897,-1.5085890972485327,15.23826307130316,415
NASDAQ,Developed,0,2020-01-10..2021-09-02,Q-Learning,+VolFore,2,11380.143330043617,0.4554316206096615,0.4665727070333957,-0.203120890347168,0.0814652481861524,0.4010677978346463,213.0657158096004,-0.6864074019256459,11.781940537308556,415
NASDAQ,Developed,0,2020-01-10..2021-09-02,PPO,Baseline,0,23670.77926843635,1.1867205301937336,1.3488467498018697,-0.5449608969000865,0.6853358224025861,1.2575871522153972,16.522841329308154,-0.7022814484121697,11.961876076318385,415
NASDAQ,Developed,0,2020-01-10..2021-09-02,PPO,Baseline,1,20008.79544044115,1.2533834075426695,1.476555098622081,-0.3365103781097846,0.5221953106044637,1.551795559875864,11.42150271976857,-0.1427814393014577,12.7582205247602,415
NASDAQ,Developed,0,2020-01-10..2021-09-02,PPO,Baseline,2,20654.674608744863,1.172915133975306,1.331874360641612,-0.4428876708699316,0.5517738468780868,1.2458550625106188,9.009620854267077,-0.5345630186230191,12.673778339786056,415
NASDAQ,Developed,0,2020-01-10..2021-09-02,PPO,+VolFore,0,21146.145554916948,1.0919003563945249,1.2107265895398862,-0.5294143285846047,0.5740374618846766,1.0842877324803206,15.364942839874232,-0.7905429078339089,13.53508484416829,415
NASDAQ,Developed,0,2020-01-10..2021-09-02,PPO,+VolFore,1,17911.95018769176,0.9415572832910892,1.002470965313956,-0.5232650706829135,0.4234629354533077,0.8092704045768558,13.82063542123585,-0.9528962186808876,17.081140907992488,415
NASDAQ,Developed,0,2020-01-10..2021-09-02,PPO,+VolFore,2,18471.47201488221,0.969962192588504,1.03599557053411,-0.5004642701694106,0.4502351011042085,0.8996348549535838,28.95237120193843,-0.7202929239472206,17.053771126337086,415
NASDAQ,Developed,1,2021-09-03..2023-05-01,BuyHold,-,-1,7937.156527225993,-0.3684620715268926,-0.5813319911346657,-0.363952799091202,-0.1305990489551469,-0.3588351271947812,1.0015034636027491,0.0265769695706047,3.545360584531404,415
NASDAQ,Developed,1,2021-09-03..2023-05-01,VolTarget,-,-1,8484.43971812716,-0.4427324856661299,-0.69948797393826,-0.2671515075717456,-0.0947633857838974,-0.3547177653792324,27.504515114606804,-0.0220581351545865,3.385587592254613,415
NASDAQ,Developed,1,2021-09-03..2023-05-01,Const1.5x,-,-1,6700.5324660117785,-0.3777580704111076,-0.5959783720809952,-0.5152268178894761,-0.2153745802313621,-0.4180189632076667,5.740397165809203,0.0264190714418445,3.5453338693550496,415
NASDAQ,Developed,1,2021-09-03..2023-05-01,Q-Learning,Baseline,0,5411.4920969359855,-1.2090621655817069,-1.3768510364568447,-0.5056214258807737,-0.3106311402516105,-0.6143551763256241,229.8970031402841,-0.7549907727301011,8.019320574620247,415
NASDAQ,Developed,1,2021-09-03..2023-05-01,Q-Learning,Baseline,1,8700.42177355961,-0.0482481442856404,-0.0635303730482974,-0.2550297119404991,-0.0808733089257761,-0.3171132818607722,162.8177820073837,0.5596648636143196,10.03927209725687,415
NASDAQ,Developed,1,2021-09-03..2023-05-01,Q-Learning,Baseline,2,6428.077315795378,-1.1977890207282025,-1.1887776826950085,-0.3589616667089159,-0.2348590768808769,-0.6542734187566364,136.74528577850396,0.3289434784386332,15.59242779282223,415
NASDAQ,Developed,1,2021-09-03..2023-05-01,Q-Learning,+VolFore,0,5978.3865501764485,-1.0952348117501438,-1.31097879343975,-0.4470860998407103,-0.2677464989403758,-0.5988701036224808,190.171070878618,-0.1298856132143621,6.263253001991258,415
NASDAQ,Developed,1,2021-09-03..2023-05-01,Q-Learning,+VolFore,1,6536.237938750649,-0.8669308233344982,-0.9992687675734878,-0.3609766314956005,-0.2270857829278293,-0.6290872126163322,187.07436918817515,-0.1245211788255916,9.117803629270012,415
NASDAQ,Developed,1,2021-09-03..2023-05-01,Q-Learning,+VolFore,2,10150.703325228253,0.1772548292144213,0.2620205308858671,-0.2368805454027853,0.0091022129976432,0.0384253294508743,225.47958762990493,1.7472355986122028,14.631006060020278,415
NASDAQ,Developed,1,2021-09-03..2023-05-01,PPO,Baseline,0,6874.50000593179,-0.2939666094188147,-0.4625859902662175,-0.5081401367564631,-0.2030966060653435,-0.3996862112907294,16.097445577615463,0.0382352128934904,3.54294314779198,415
NASDAQ,Developed,1,2021-09-03..2023-05-01,PPO,Baseline,1,6629.078865131662,-0.4047495214840081,-0.6283677248650857,-0.5110680202688905,-0.2204538451668202,-0.4313591076397237,10.157776659942312,0.012762737875032,3.6745138008556943,415
NASDAQ,Developed,1,2021-09-03..2023-05-01,PPO,Baseline,2,6083.709996073216,-0.3809643437942827,-0.6001992651272137,-0.5815882722196499,-0.2599587630120734,-0.4469807515538194,9.58683394542544,0.0265846615099529,3.554103546256043,415
NASDAQ,Developed,1,2021-09-03..2023-05-01,PPO,+VolFore,0,5545.058568080727,-0.3889730011256793,-0.6045506370661511,-0.6276849216016332,-0.30037355326215,-0.4785419291182314,21.19033816307592,0.0237717330808755,3.738279129977689,415
NASDAQ,Developed,1,2021-09-03..2023-05-01,PPO,+VolFore,1,6065.243254862888,-0.3860155618138163,-0.6060257421939124,-0.5803789710286705,-0.2613203488693529,-0.4502581277294307,10.958878680081057,0.0273108771311434,3.5727664148063325,415
NASDAQ,Developed,1,2021-09-03..2023-05-01,PPO,+VolFore,2,5454.884946461049,-0.3916028289186397,-0.6087616244755275,-0.6365034490708728,-0.3072878385067167,-0.4827748207096021,17.896926999647153,0.0294625556605717,3.60487824708492,415
NASDAQ,Developed,2,2023-05-02..2024-12-24,BuyHold,-,-1,16556.338359503712,1.8784153008024784,2.6093234029145265,-0.1314731907660796,0.3571936893322867,2.716855712166428,1.0015114352862464,-0.4164060924719587,3.782091218241,415
NASDAQ,Developed,2,2023-05-02..2024-12-24,VolTarget,-,-1,14858.080224922458,1.5657449780865595,2.152801166842881,-0.1260860765469776,0.2710707121181308,2.1498861693502254,28.487781292640147,-0.4580540578432313,3.536611652333172,415
NASDAQ,Developed,2,2023-05-02..2024-12-24,Const1.5x,-,-1,20836.6935584,1.8693273061365527,2.596727836277016,-0.1928764757725579,0.5600433974049446,2.903637652849123,4.055437871977766,-0.4164034230868614,3.782188626349527,415
NASDAQ,Developed,2,2023-05-02..2024-12-24,Q-Learning,Baseline,0,11607.504106435494,0.6357378035945278,0.7090046773575929,-0.1732300594220084,0.0945026084555498,0.5455323906850656,214.896048902908,-0.5584214785713457,13.837211264107244,415
NASDAQ,Developed,2,2023-05-02..2024-12-24,Q-Learning,Baseline,1,11271.24287116046,0.6790847991978212,0.8199932247319474,-0.127121819324063,0.0751843198805399,0.591435209783194,140.4407625825355,0.3136628062812728,14.09592256265416,415
NASDAQ,Developed,2,2023-05-02..2024-12-24,Q-Learning,Baseline,2,10514.1831511245,0.3801337090622874,0.4439952802747249,-0.1044402848674573,0.0308392608227114,0.2952812783070592,117.04288770210316,1.1603289088107531,16.530765590561508,415
NASDAQ,Developed,2,2023-05-02..2024-12-24,Q-Learning,+VolFore,0,13256.949934682169,1.0618323287481677,1.4253647518365002,-0.1713806505676748,0.186240029561465,1.0867039478697498,212.9328728030818,0.4715167127611251,12.470816065895566,415
NASDAQ,Developed,2,2023-05-02..2024-12-24,Q-Learning,+VolFore,1,10659.606219109246,0.3653352808785897,0.4526746674105087,-0.2052129684638606,0.0394527249259677,0.1922525911549463,212.9266468810158,0.2034911230450705,9.221526928600332,415
NASDAQ,Developed,2,2023-05-02..2024-12-24,Q-Learning,+VolFore,2,10167.819486523338,0.1432166946481562,0.1700669705353383,-0.1959446428280731,0.0101326189147841,0.0517116404331759,160.37900048413815,-0.1721002646879,10.12431533983025,415
NASDAQ,Developed,2,2023-05-02..2024-12-24,PPO,Baseline,0,23320.08846720196,1.8722780000532884,2.601869898352874,-0.2224980174102511,0.6701659928206449,3.012008828743641,6.670332993349233,-0.4158986416763391,3.787709317519167,415
NASDAQ,Developed,2,2023-05-02..2024-12-24,PPO,Baseline,1,21240.47673783255,1.8592227203976013,2.5567493305842013,-0.2055869454538086,0.5782872284781257,2.8128596745226844,12.634355042284351,-0.4020483454763862,4.292319511071168,415
NASDAQ,Developed,2,2023-05-02..2024-12-24,PPO,Baseline,2,21301.172370034925,1.809039187992922,2.445784072434878,-0.2165574441485528,0.5810177277416948,2.6829727789936824,11.468339243171023,-0.4308679948012347,4.379387769951928,415
NASDAQ,Developed,2,2023-05-02..2024-12-24,PPO,+VolFore,0,23493.11290084778,1.810996139295277,2.48677972865435,-0.2369502826620402,0.6776616661240491,2.8599318747710925,12.149864764990848,-0.4066220417244846,3.8830703368611776,415
NASDAQ,Developed,2,2023-05-02..2024-12-24,PPO,+VolFore,1,21030.06947511696,1.837993188861482,2.515325384682989,-0.2034467526059442,0.5687977832792745,2.7958066471485163,12.12887054921582,-0.4142003459618537,3.997485858937678,415
NASDAQ,Developed,2,2023-05-02..2024-12-24,PPO,+VolFore,2,21098.801372373127,1.867923227984744,2.5796034474436667,-0.1990931158712016,0.5719017163810916,2.872533858720643,7.757428248775517,-0.4144297260358563,3.9605089303537433,415
NASDAQ,Developed,3,2024-12-26..2026-08-25,BuyHold,-,-1,13042.433166045288,0.8270644795025754,1.178920146162837,-0.2387455204113431,0.174574863421119,0.7312173360137044,1.0015273308840895,0.9547324485534848,16.33109420251264,415
NASDAQ,Developed,3,2024-12-26..2026-08-25,VolTarget,-,-1,11402.368294351416,0.5428499135368775,0.7178623704112321,-0.1730052387309237,0.0827441760603251,0.4782755520400135,28.0169863151248,-0.5383734668194708,5.894370452919636,415
NASDAQ,Developed,3,2024-12-26..2026-08-25,Const1.5x,-,-1,14375.7019744033,0.8188689051573979,1.1670580380887654,-0.3417137689576621,0.2459104683938491,0.7196387466130972,4.5509854645535865,0.953822068247487,16.330709940725527,415
NASDAQ,Developed,3,2024-12-26..2026-08-25,Q-Learning,Baseline,0,10593.432152187,0.2748596043180884,0.2827602700002916,-0.2252933552893699,0.0355389912801906,0.1577454036954891,120.32990846099726,0.496814377207493,16.389733074811467,415
NASDAQ,Developed,3,2024-12-26..2026-08-25,Q-Learning,Baseline,1,9858.104150505813,0.0951756569404887,0.1124059521391097,-0.2745517966244718,-0.0086198156711246,-0.031395954341116,111.91977811824582,4.553310327703324,67.42758425409677,415
NASDAQ,Developed,3,2024-12-26..2026-08-25,Q-Learning,Baseline,2,9600.353635246584,0.0211502749104616,0.0219268258071689,-0.3672132850074555,-0.0244036889956756,-0.0664564436853469,190.7410466294561,-0.6262634422986507,14.754110720525182,415
NASDAQ,Developed,3,2024-12-26..2026-08-25,Q-Learning,+VolFore,0,7033.524009255778,-1.144454645379171,-1.0182727874893849,-0.3359534174296678,-0.1919800377975596,-0.5714483849153862,189.95150547996624,-1.0261950230549115,14.170017708835148,415
NASDAQ,Developed,3,2024-12-26..2026-08-25,Q-Learning,+VolFore,1,11330.393822164451,0.5212775318725389,0.6421850683291478,-0.1835897522144158,0.0785988555959644,0.4281222380198006,209.73113791631707,0.682875326336753,14.664638875826888,415
NASDAQ,Developed,3,2024-12-26..2026-08-25,Q-Learning,+VolFore,2,9110.27488653483,-0.2404350541766604,-0.2635072658589568,-0.1980120698471228,-0.0548833448238965,-0.2771717141585995,187.59232112205612,0.8500827517992403,20.47640052602142,415
NASDAQ,Developed,3,2024-12-26..2026-08-25,PPO,Baseline,0,13702.891565587,0.6796366660087182,0.9429682422598724,-0.3938326768399884,0.2102542987712656,0.5338670738491228,31.149774668189337,1.692414611103111,26.281093372464746,415
NASDAQ,Developed,3,2024-12-26..2026-08-25,PPO,Baseline,1,14280.17499978712,0.7712425448051511,1.069180585923912,-0.3749160750614249,0.2408886471164415,0.6425135200626773,26.35504759009613,2.23242394421466,34.23945457520678,415
NASDAQ,Developed,3,2024-12-26..2026-08-25,PPO,Baseline,2,14996.710731961122,0.8414782921750805,1.1958080667560302,-0.3594788502278387,0.2782416674647245,0.7740140130291397,19.42158472597788,1.235362671130196,19.3150101925011,415
NASDAQ,Developed,3,2024-12-27..2026-08-26,PPO,+VolFore,0,13760.031201354728,0.6673309870366041,0.9192836006460284,-0.4239544975062744,0.2133088869441612,0.5031409931923208,26.810652835248277,1.2399018109467543,20.771044975116,415
NASDAQ,Developed,3,2024-12-27..2026-08-26,PPO,+VolFore,1,15602.834213323542,0.884612679508611,1.2784155727387978,-0.3791747962297975,0.3092926561466804,0.815699406240121,17.208985156626277,1.786547958153326,26.285496126106715,415
NASDAQ,Developed,3,2024-12-27..2026-08-26,PPO,+VolFore,2,14801.683715763866,0.7999526104472591,1.1133472154674269,-0.392991827280925,0.2681459413612375,0.6823193836264554,26.4736190645868,1.7010252783751116,26.46678279816869,415
FTSE100,Developed,0,2020-01-16..2021-09-09,BuyHold,-,-1,9216.716990929704,-0.0807063462437668,-0.0941471129585781,-0.349296558769772,-0.0480966766323243,-0.1376958215723162,1.001491794737579,-0.8506144451994331,13.243209880710245,416
FTSE100,Developed,0,2020-01-16..2021-09-09,VolTarget,-,-1,8567.37080178481,-0.4062156250648893,-0.5166596742880207,-0.2904770760149912,-0.0892091232713411,-0.3071124389396912,25.69818661545834,-0.5956127543135166,5.758545093342963,416
FTSE100,Developed,0,2020-01-16..2021-09-09,Const1.5x,-,-1,8481.8084944036,-0.088529651214751,-0.1032549670581913,-0.4825908636703105,-0.0947169381674045,-0.1962675742488064,4.636967137913603,-0.8519913606945337,13.245310300156635,416
FTSE100,Developed,0,2020-01-16..2021-09-09,Q-Learning,Baseline,0,7134.005029908776,-0.9892998576942048,-0.959260825190902,-0.3036862914510301,-0.184607047423001,-0.6078873252405643,168.6887432662097,-1.1674483713209916,18.32912629060952,416
FTSE100,Developed,0,2020-01-16..2021-09-09,Q-Learning,Baseline,1,6792.622350163113,-0.6409487952058843,-0.6046595916004994,-0.431991125450918,-0.2084151682030876,-0.4824524299777192,160.82097386212692,-1.6257961096641071,42.85712539170655,416
FTSE100,Developed,0,2020-01-16..2021-09-09,Q-Learning,Baseline,2,7499.532670810335,-0.5378537761908883,-0.4827825681097314,-0.4205096003495536,-0.1596095662633762,-0.3795622409817024,128.381629880128,-1.994760897062976,43.87646782895437,416
FTSE100,Developed,0,2020-01-16..2021-09-09,Q-Learning,+VolFore,0,8476.835486948772,-0.4698619483383131,-0.519086474765118,-0.2457313235122779,-0.0950377348850906,-0.3867546616618262,149.6744694186454,-0.1697887119550847,11.897158495014963,416
FTSE100,Developed,0,2020-01-16..2021-09-09,Q-Learning,+VolFore,1,8383.76104783139,-0.2569751453134006,-0.246939346334218,-0.4185583871897755,-0.1010555501705486,-0.241437164474949,169.54303300335968,-1.5277371067919256,38.803947241250384,416
FTSE100,Developed,0,2020-01-16..2021-09-09,Q-Learning,+VolFore,2,7736.080844330378,-0.4150490865669002,-0.3671887198380137,-0.4322229508506728,-0.1436892513429992,-0.3324424375426318,167.13631393616225,-1.9736136340533168,32.468505964161345,416
FTSE100,Developed,0,2020-01-16..2021-09-09,PPO,Baseline,0,7884.381999300127,-0.1057768657779686,-0.1161439830571139,-0.5743736762969724,-0.1338063663840203,-0.2329604783534761,18.45250050264493,-1.1526636000295134,19.136094936394592,416
FTSE100,Developed,0,2020-01-16..2021-09-09,PPO,Baseline,1,9652.95101134151,0.1853983666435971,0.2045454176867306,-0.5570383254665949,-0.0211191196014036,-0.0379132254206667,41.77009820436415,-0.9885856049344248,17.114573948468333,416
FTSE100,Developed,0,2020-01-16..2021-09-09,PPO,Baseline,2,8189.150894286946,-0.0731418754098748,-0.0845518185687033,-0.5355667252266932,-0.1137243536005025,-0.2123439493970677,13.849206818687716,-0.8734290405580512,13.779056297644551,416
FTSE100,Developed,0,2020-01-16..2021-09-09,PPO,+VolFore,0,8382.450053954193,0.0119593645665365,0.0133627780563485,-0.5767563082888676,-0.1011405019635399,-0.1753608942109888,30.25624494291629,-0.9421107676617506,15.22673881105791,416
FTSE100,Developed,0,2020-01-16..2021-09-09,PPO,+VolFore,1,8611.197483798005,0.0296037306545466,0.0325947833051091,-0.565548266817893,-0.0863963451653515,-0.1527656439499238,35.08757540558162,-1.0623944386784034,17.36197336710003,416
FTSE100,Developed,0,2020-01-16..2021-09-09,PPO,+VolFore,2,8636.32366139154,0.0335109691813185,0.0366685128178965,-0.5605702002674812,-0.0847863122629137,-0.1512501239315004,35.91542960426715,-1.0268753837865798,17.59998930916722,416
FTSE100,Developed,1,2021-09-10..2023-05-10,BuyHold,-,-1,10996.60644935272,0.4591681880303505,0.576786073938285,-0.110291397450849,0.0590910661714134,0.5357722137595673,1.001496164973101,-0.5551011080749473,6.046568623123364,416
FTSE100,Developed,1,2021-09-10..2023-05-10,VolTarget,-,-1,9777.916799440904,0.00920631532164,0.010926837732447,-0.1829794406171941,-0.0134804404094744,-0.0736718855622848,31.972447550137154,-1.1245609642261063,7.895073303979883,416
FTSE100,Developed,1,2021-09-10..2023-05-10,Const1.5x,-,-1,11335.179613570775,0.4507284632730762,0.5662562764855203,-0.1690548901834037,0.0786784104223132,0.4654015647609572,3.593034822846649,-0.5559493413325138,6.0464091344638025,416
FTSE100,Developed,1,2021-09-10..2023-05-10,Q-Learning,Baseline,0,10287.15673280148,0.1969079273753005,0.150380418774724,-0.1162235607597381,0.017256064187618,0.1484730296909589,103.79760315175004,-0.967007484963214,14.369284472066902,416
FTSE100,Developed,1,2021-09-10..2023-05-10,Q-Learning,Baseline,1,10327.912387191369,0.2100426926423627,0.1588499990883349,-0.1165933971721493,0.0196896539865498,0.168874520032291,99.62450518356056,-0.5245188623152828,25.39718840017937,416
FTSE100,Developed,1,2021-09-10..2023-05-10,Q-Learning,Baseline,2,10592.707647622194,0.3476731255435834,0.2973966101412019,-0.0908193308113034,0.035409476560283,0.3898892035822625,89.07336114923226,0.0789988759162008,14.88397914727925,416
FTSE100,Developed,1,2021-09-10..2023-05-10,Q-Learning,+VolFore,0,10231.509503448156,0.173262513369785,0.1396008113751038,-0.1373171988350939,0.0139271034779981,0.1014228632396005,113.60481848287078,-0.8543565797492628,27.00458083256178,416
FTSE100,Developed,1,2021-09-10..2023-05-10,Q-Learning,+VolFore,1,9137.627351312378,-0.3261468773828411,-0.2149275007113124,-0.2064587099229195,-0.0530413806895271,-0.2569103561146584,99.35840298928974,-2.574086391307609,30.1548754932523,416
FTSE100,Developed,1,2021-09-10..2023-05-10,Q-Learning,+VolFore,2,10693.5115073667,0.380968588945304,0.3429176170066182,-0.1097074755774891,0.0413528356818309,0.3769372639720016,107.4400585092572,0.789311070874459,20.28784539944426,416
FTSE100,Developed,1,2021-09-10..2023-05-10,PPO,Baseline,0,10471.16216441986,0.237930268874319,0.2644783109633764,-0.1972782535496113,0.0282133543154767,0.1430129971636164,32.40020521977965,-0.5547175085968277,9.248029956902345,416
FTSE100,Developed,1,2021-09-10..2023-05-10,PPO,Baseline,1,11357.946821812748,0.453659274684527,0.5394214144382795,-0.1454390087232343,0.07998718664263,0.5499706532949016,30.129375417682034,-0.4644656190098364,8.523549854833467,416
FTSE100,Developed,1,2021-09-10..2023-05-10,PPO,Baseline,2,10769.842913311502,0.309268324588623,0.3603686086650976,-0.184017888925537,0.0458385704453749,0.2490984475084077,30.478741869321865,-0.5228777741084415,7.866980197356869,416
FTSE100,Developed,1,2021-09-10..2023-05-10,PPO,+VolFore,0,10701.728267235829,0.2885397195325825,0.3348258015199537,-0.1914959396153732,0.0418363135976795,0.218471021795506,24.944767023185538,-0.5256738151188971,8.374459244792833,416
FTSE100,Developed,1,2021-09-10..2023-05-10,PPO,+VolFore,1,10585.047711099456,0.2636725499655292,0.3152993727461358,-0.2149299175154347,0.0349569365785007,0.1626434187591763,26.432589068340405,-0.5706473221457747,6.880914698078669,416
FTSE100,Developed,1,2021-09-10..2023-05-10,PPO,+VolFore,2,12105.836802493492,0.664120055506131,0.7655477908088747,-0.1222109356679012,0.1224193366589605,1.0017052564806794,33.59829594080502,-0.3244857836271401,10.557611752640886,416
FTSE100,Developed,2,2023-05-11..2024-12-31,BuyHold,-,-1,10556.438095168394,0.3784864230124671,0.5708040984081826,-0.0669607087431077,0.0332655673108726,0.4967923418791449,1.0014998401422597,-0.0024268285968254,4.069697674067257,416
FTSE100,Developed,2,2023-05-11..2024-12-31,VolTarget,-,-1,9775.623075078303,-0.0175929907016221,-0.0261110428313259,-0.133113842625175,-0.0136202977396572,-0.1023206713212182,34.851302013756175,0.0488174590639734,4.573047848257519,416
FTSE100,Developed,2,2023-05-11..2024-12-31,Const1.5x,-,-1,10755.684411851043,0.3695580656294174,0.5572976150619913,-0.1001685619235308,0.0450074765886248,0.4493173878500364,2.9710347439765745,-0.0024875809897763,4.070369476552353,416
FTSE100,Developed,2,2023-05-11..2024-12-31,Q-Learning,Baseline,0,9414.06280616591,-0.5477661028695868,-0.3397397740119445,-0.1035742324681365,-0.0358312253314716,-0.3459472928476566,58.67871861355968,-2.1010763205850567,37.57420547211162,416
FTSE100,Developed,2,2023-05-11..2024-12-31,Q-Learning,Baseline,1,10070.314763397344,0.1231684698652288,0.1048763298650718,-0.0403274558826081,0.0042433455593526,0.1052222478799479,52.28748336098203,0.963351407554934,20.73744234018672,416
FTSE100,Developed,2,2023-05-11..2024-12-31,Q-Learning,Baseline,2,10513.256045746202,0.6928478987233742,0.6921446968437082,-0.033463799619821,0.0307092527990555,0.9176857722979056,69.32089957451333,1.3993980229710885,22.44244253950228,416
FTSE100,Developed,2,2023-05-11..2024-12-31,Q-Learning,+VolFore,0,9677.611649889112,-0.4902051142080578,-0.4731863877038297,-0.0554865151536785,-0.0196086247599343,-0.3533944185406447,91.07178151768537,1.8727612733057355,24.95185799493173,416
FTSE100,Developed,2,2023-05-11..2024-12-31,Q-Learning,+VolFore,1,9385.499552638794,-0.8472139040143507,-0.661571301345329,-0.070468220584319,-0.0376001490972904,-0.5335759692096427,77.57929405947952,-0.5190288885324075,19.93242192083159,416
FTSE100,Developed,2,2023-05-11..2024-12-31,Q-Learning,+VolFore,2,9435.376064230688,-0.6842997908056778,-0.6051066195374568,-0.0839960533948993,-0.0345126773547559,-0.4108845113482535,87.6742016749172,1.901563088219048,33.0951606447436,416
FTSE100,Developed,2,2023-05-11..2024-12-31,PPO,Baseline,0,10805.793930703723,0.3824399546231613,0.5593516945619581,-0.1151918239251945,0.0479469290967307,0.4162355231691717,29.062036262059618,0.0822538004566579,5.777161568220814,416
FTSE100,Developed,2,2023-05-11..2024-12-31,PPO,Baseline,1,11356.520781062978,0.5829486111581194,0.8464316557268637,-0.109247412939486,0.0799052409780127,0.7314154068027421,41.1972459999034,0.2351665892464127,6.375320555491906,416
FTSE100,Developed,2,2023-05-11..2024-12-31,PPO,Baseline,2,11140.270087204544,0.6249885379729442,0.98221404705129,-0.0838210746527464,0.0674311187910636,0.8044649757786153,18.33272421742714,0.4462363226625611,5.966321998938024,416
FTSE100,Developed,2,2023-05-11..2024-12-31,PPO,+VolFore,0,10904.120834712694,0.4027642989673816,0.5933675651312896,-0.1174361950242453,0.0536992116697339,0.4572628707715722,17.701033594999206,-0.0060510933236127,4.954113755145816,416
FTSE100,Developed,2,2023-05-11..2024-12-31,PPO,+VolFore,1,11087.119262648175,0.4675301602315381,0.7109507324612929,-0.1092777859332156,0.0643505615259436,0.5888713884144962,17.814541104520984,0.1480731043320544,4.691349027320904,416
FTSE100,Developed,2,2023-05-11..2024-12-31,PPO,+VolFore,2,10880.554933109512,0.4393374973170996,0.6258974797186435,-0.1167191355005061,0.0523224448666546,0.4482764941827336,30.80461843446155,0.1487017410833215,7.697538082576244,416
FTSE100,Developed,3,2025-01-02..2026-08-25,BuyHold,-,-1,13159.374788667528,1.4228078610790096,1.6667000017021312,-0.1343433128094449,0.1804724019302606,1.3433672145996771,1.00151111716887,-1.0828085118854929,10.89237834658151,416
FTSE100,Developed,3,2025-01-02..2026-08-25,VolTarget,-,-1,13864.109714470382,1.3479074131458788,1.6966362054138155,-0.1705826879543296,0.2182815728203042,1.2796232456922323,31.620194287054304,-1.007694850951872,8.65038079110081,416
FTSE100,Developed,3,2025-01-02..2026-08-25,Const1.5x,-,-1,14917.274156229756,1.4146049898872235,1.656637965217343,-0.1970576949898554,0.2733958248908184,1.3873897434124831,3.1407753047754694,-1.0851617406174163,10.899911785172025,416
FTSE100,Developed,3,2025-01-02..2026-08-25,Q-Learning,Baseline,0,10359.327458250533,0.2691239225458942,0.1138695897508263,-0.1399735931226794,0.0215629091465665,0.1540498365824885,42.56681296311638,-4.8219679927418095,55.18687756655535,416
FTSE100,Developed,3,2025-01-02..2026-08-25,Q-Learning,Baseline,1,10872.915890229471,0.613236229983772,0.4780480007783155,-0.072659150547718,0.0518759036403133,0.713962429350595,64.49655570263867,3.080684059423292,41.170424707626005,416
FTSE100,Developed,3,2025-01-02..2026-08-25,Q-Learning,Baseline,2,11341.09520887456,0.6813316244549751,0.3881531512619677,-0.1109910169199605,0.0790185692056362,0.7119366179148288,42.68725566958028,0.0270787263334066,43.07541934322786,416
FTSE100,Developed,3,2025-01-02..2026-08-25,Q-Learning,+VolFore,0,8962.365012263923,-0.6933478259808447,-0.4900937520048218,-0.1576396720128059,-0.0640595730372071,-0.406367078913973,82.58521231542552,-2.8097326282948827,38.73993362248315,416
FTSE100,Developed,3,2025-01-02..2026-08-25,Q-Learning,+VolFore,1,10935.245304990389,0.5437049919361255,0.4772109460275057,-0.0697105406975995,0.0555157620939681,0.7963754338672544,81.42544170934825,2.4759163802443576,34.02747642189424,416
FTSE100,Developed,3,2025-01-02..2026-08-25,Q-Learning,+VolFore,2,10529.111607506327,0.403567701584817,0.3668045237097295,-0.1127342249819595,0.0316483608020221,0.2807342739687613,105.53584723310222,1.1918672522678089,27.578016015656925,416
FTSE100,Developed,3,2025-01-02..2026-08-25,PPO,Baseline,0,13057.59537061093,0.967689494503548,0.9508799875732532,-0.2064497330470256,0.1749463944190481,0.8474043140484515,26.96042007688095,-2.149169103938164,29.290190776978704,416
FTSE100,Developed,3,2025-01-02..2026-08-25,PPO,Baseline,1,13615.154043679238,1.0845628253390998,1.1389021779268529,-0.2182352991265564,0.2050138824660909,0.939416690543093,23.919058623320492,-1.656785999861974,20.6915686381304,416
FTSE100,Developed,3,2025-01-02..2026-08-25,PPO,Baseline,2,14125.9340551817,1.1641894676480726,1.2519084509002931,-0.2195414563989,0.2321337702024304,1.0573573392880893,11.693000742492108,-1.506859097681264,18.07087248842669,416
FTSE100,Developed,3,2025-01-02..2026-08-25,PPO,+VolFore,0,14143.869356597568,1.2226427111465572,1.3255000605082354,-0.2043901833963823,0.2330789290636727,1.1403626396797777,10.763629610355336,-1.509436619493227,17.204801558803727,416
FTSE100,Developed,3,2025-01-02..2026-08-25,PPO,+VolFore,1,14127.284009295428,1.122860378304292,1.1836448185511836,-0.2277411348812824,0.2322049269301425,1.019600288942827,15.614155017992736,-1.66660039400434,19.53924817060153,416
FTSE100,Developed,3,2025-01-02..2026-08-25,PPO,+VolFore,2,13632.31672323607,1.2081288036353022,1.307444363370892,-0.1792813007676773,0.205931603765805,1.1486507677201316,16.286046062561425,-1.1907114847882594,23.448616507568108,416
Nikkei,Developed,0,2020-01-16..2021-09-09,BuyHold,-,-1,12519.595783538423,0.7215844768966115,1.0339162217374624,-0.3126902937728233,0.1504643404005265,0.4811928716577343,1.001497729376935,0.2402736635191786,7.547858234838184,403
Nikkei,Developed,0,2020-01-16..2021-09-09,VolTarget,-,-1,11744.521889467456,0.6605586710827004,0.9646480470636845,-0.2324902300996444,0.1055048663969637,0.453803440907134,14.914879618709367,-0.1003825048124098,4.516344273260468,403
Nikkei,Developed,0,2020-01-16..2021-09-09,Const1.5x,-,-1,13502.258441440928,0.7132811962084764,1.0217277071729882,-0.4342757988774253,0.2059869717774891,0.4743229355848927,4.589280241817637,0.2386268813668358,7.54563999091662,403
Nikkei,Developed,0,2020-01-16..2021-09-09,Q-Learning,Baseline,0,10684.367332496457,0.3599413545399088,0.3957602229852534,-0.1315379529558874,0.0421552640577329,0.3204798547499796,123.98514750712994,1.2338196386050164,15.163435089103258,403
Nikkei,Developed,0,2020-01-16..2021-09-09,Q-Learning,Baseline,1,8946.963157178472,-0.1402959950435361,-0.1569112831526803,-0.3729887431718532,-0.067052751985975,-0.1797715164687985,130.92164215857127,1.4338631505321842,33.28003006861324,403
Nikkei,Developed,0,2020-01-16..2021-09-09,Q-Learning,Baseline,2,8591.789569773922,-0.6153666495461922,-0.544518117169891,-0.1917355941211887,-0.0903300478649985,-0.4711177821653358,143.13373653230084,-0.1066893132379708,32.34524221972494,403
Nikkei,Developed,0,2020-01-16..2021-09-09,Q-Learning,+VolFore,0,8307.939955034988,-0.7560921102987249,-0.7368599258414847,-0.1876802568800895,-0.109194314755372,-0.581810343666331,133.41936480210978,0.0060882764423767,24.18657695328743,403
Nikkei,Developed,0,2020-01-16..2021-09-09,Q-Learning,+VolFore,1,7980.222316573281,-0.8250115143116097,-0.7772390848981604,-0.2307726351487319,-0.1312783649790022,-0.5688645228400893,148.22056942044924,-0.5931138283824822,29.043352674360225,403
Nikkei,Developed,0,2020-01-16..2021-09-09,Q-Learning,+VolFore,2,6525.3928023505205,-1.3138683021877855,-1.3242604653617116,-0.3672907392276019,-0.2337709568883883,-0.6364738663963133,141.74579732402884,0.3660496768893218,21.066771450486005,403
Nikkei,Developed,0,2020-01-16..2021-09-09,PPO,Baseline,0,13589.22504737815,0.674521382978878,0.937460340934993,-0.5190162258842664,0.2108262758787873,0.4062036317249791,14.637493805042862,0.1983415994840679,9.014024946509256,403
Nikkei,Developed,0,2020-01-16..2021-09-09,PPO,Baseline,1,13694.581012307088,0.6936005716991387,0.9553186412887312,-0.5193263605309311,0.2166732857875628,0.4172198876360342,49.65247955335084,0.5377224321663259,11.769404990576454,403
Nikkei,Developed,0,2020-01-16..2021-09-09,PPO,Baseline,2,12337.494607450895,0.5388805680242126,0.7208567431846215,-0.5038396727106972,0.1399976477846247,0.2778615011222687,5.78861690927896,0.087804290887123,10.307511316049975,403
Nikkei,Developed,0,2020-01-16..2021-09-09,PPO,+VolFore,0,12997.827792397977,0.6221218100987075,0.8629133740187774,-0.4762680730761667,0.1776827329369168,0.3730729456394361,24.775029014594114,0.3773493808868938,9.416713384221437,403
Nikkei,Developed,0,2020-01-16..2021-09-09,PPO,+VolFore,1,12219.75635873726,0.5274718484877341,0.7161649467682849,-0.4677766042078465,0.1331994136527461,0.2847500547361216,24.843574610526712,0.4088152890839799,10.841466023961372,403
Nikkei,Developed,0,2020-01-16..2021-09-09,PPO,+VolFore,2,12293.70354769407,0.521525909921417,0.6977585975373671,-0.5056840990104645,0.1374720047369133,0.2718535247709987,23.81377606964255,0.4207071198002567,11.689035849196967,403
Nikkei,Developed,1,2021-09-10..2023-05-09,BuyHold,-,-1,9610.67050616533,-0.0368063562859721,-0.0581452092049959,-0.1940838299070114,-0.0244660243401381,-0.126059055778805,1.0015012509303636,0.0068557974153668,3.2571428084929024,403
Nikkei,Developed,1,2021-09-10..2023-05-09,VolTarget,-,-1,9330.764694040405,-0.193633298224802,-0.2984761394559469,-0.1750575168065665,-0.0422867310910477,-0.2415590707683338,13.538727954296444,-0.1239934332496723,3.0495958588112124,403
Nikkei,Developed,1,2021-09-10..2023-05-09,Const1.5x,-,-1,9183.185536327785,-0.0460381338575985,-0.0727285566250238,-0.2829843643062894,-0.0517635410581596,-0.1829201453757713,4.293251038239131,0.0068125294460505,3.2570610385626457,403
Nikkei,Developed,1,2021-09-10..2023-05-09,Q-Learning,Baseline,0,6656.8806962954495,-1.3048410687282777,-1.4001677745238146,-0.3881395564886092,-0.2241764510348249,-0.5775666182089492,149.57808662669925,-0.5054330635561164,7.25596535625,403
Nikkei,Developed,1,2021-09-10..2023-05-09,Q-Learning,Baseline,1,6287.12414778133,-2.21349193997024,-1.855770218641216,-0.3878733084927847,-0.2513445970959068,-0.6480069434835433,129.77753837282802,-1.1024318871482806,11.296006745180335,403
Nikkei,Developed,1,2021-09-10..2023-05-09,Q-Learning,Baseline,2,7775.3312465257295,-0.9139227390686896,-1.1019075156989433,-0.268585672767739,-0.1452589511786388,-0.5408291130395162,164.8609146856899,0.7691548367967725,11.650748706159806,403
Nikkei,Developed,1,2021-09-10..2023-05-09,Q-Learning,+VolFore,0,8333.30552347556,-0.8569229849489315,-0.9081404155283216,-0.1845795924044436,-0.1074987895812424,-0.5823980223399393,141.68301520278473,1.9163995405347412,32.593320502947925,403
Nikkei,Developed,1,2021-09-10..2023-05-09,Q-Learning,+VolFore,1,6750.941416001486,-1.939014701610843,-1.6942942585441576,-0.3572717800101366,-0.2173566584462766,-0.608379028535367,113.38322401330376,0.5051824938443414,39.77887964522848,403
Nikkei,Developed,1,2021-09-10..2023-05-09,Q-Learning,+VolFore,2,6889.935636600088,-1.686148651920616,-1.500770329526686,-0.3232555031236539,-0.2073440812959127,-0.6414247531493893,117.4211564588102,0.0288892552289923,29.407424438533184,403
Nikkei,Developed,1,2021-09-10..2023-05-09,PPO,Baseline,0,9609.497061139387,0.0445854656465386,0.0712691234749515,-0.2560738484483812,-0.0245403229368434,-0.0958329914805589,21.97423070160388,0.1831422155692153,3.9558281240146345,403
Nikkei,Developed,1,2021-09-10..2023-05-09,PPO,Baseline,1,9044.345482641642,0.0132280619123028,0.0207472897904453,-0.347055201371807,-0.060731617639679,-0.174991233093323,21.06922015518609,0.0376110304316341,3.375957229407229,403
Nikkei,Developed,1,2021-09-10..2023-05-09,PPO,Baseline,2,10061.277150499564,0.146093519633666,0.2312749596244583,-0.2438462477147555,0.003817844400312,0.0156567691160965,17.740594725833205,0.1187488773691924,3.900169662274255,403
Nikkei,Developed,1,2021-09-10..2023-05-09,PPO,+VolFore,0,8659.367979814984,-0.1006254971022407,-0.1553508352529826,-0.3390074902818864,-0.0858736229023097,-0.2533089249168272,24.988560802142484,0.0337554802910189,3.5944404989013754,403
Nikkei,Developed,1,2021-09-10..2023-05-09,PPO,+VolFore,1,10010.819221079257,0.1575930566452916,0.2518984364160025,-0.2884282131476782,0.0006747250184144,0.0023393169865344,17.472087307306914,0.1610200911371919,3.9288042772795535,403
Nikkei,Developed,1,2021-09-10..2023-05-09,PPO,+VolFore,2,9469.959462782515,0.0099151663523162,0.0154307092424925,-0.2630904663289765,-0.033399874690477,-0.1269520524874733,24.78552068006912,0.0801268632237201,3.548720981107812,403
Nikkei,Developed,2,2023-05-10..2024-12-25,BuyHold,-,-1,13416.459975520962,0.9181152451772052,1.107892000993422,-0.2549638743276768,0.2012011639956865,0.7891359688718718,1.001504255125656,-0.987868258913258,22.30208599914529,403
Nikkei,Developed,2,2023-05-10..2024-12-25,VolTarget,-,-1,12347.64459083636,0.8548552398268465,1.1152734666210455,-0.183074086728704,0.1405825648512257,0.7678998560773158,13.884713795498362,-0.7926079446632975,7.746653088846369,403
Nikkei,Developed,2,2023-05-10..2024-12-25,Const1.5x,-,-1,14976.58211195639,0.9102368399456516,1.098066883646536,-0.3635751089413661,0.286517949967773,0.788057110953632,4.410736462600683,-0.9924534119618784,22.30108525326425,403
Nikkei,Developed,2,2023-05-10..2024-12-25,Q-Learning,Baseline,0,12617.99861030831,1.062105632371745,0.9417464639023678,-0.1312966159788827,0.1560964265803008,1.1888838521490754,70.17118671711948,0.3986586223824619,29.06659806526945,403
Nikkei,Developed,2,2023-05-10..2024-12-25,Q-Learning,Baseline,1,9593.44393180075,-0.0480563667249384,-0.0316509436543657,-0.2385319094173997,-0.0255570961797977,-0.1071433010456014,80.5952037996066,-6.257394552054726,93.91007590558456,403
Nikkei,Developed,2,2023-05-10..2024-12-25,Q-Learning,Baseline,2,7919.820613316149,-0.6394534045359579,-0.4179186373262632,-0.3268717956217063,-0.1353856429465295,-0.414185759553263,111.36266799482618,-4.884247610126561,57.94013166346377,403
Nikkei,Developed,2,2023-05-10..2024-12-25,Q-Learning,+VolFore,0,9193.526734035207,-0.3356042367376483,-0.3312980693145228,-0.1741655506606097,-0.0510976221536542,-0.2933853564011229,140.5992253157482,-0.8659292091068332,19.488964662330016,403
Nikkei,Developed,2,2023-05-10..2024-12-25,Q-Learning,+VolFore,1,8706.005276520023,-0.1717268357544866,-0.1411737673791961,-0.3290967038175001,-0.0828057777120468,-0.2516153360129521,142.05836365732176,-5.816160898485529,132.4538307678923,403
Nikkei,Developed,2,2023-05-10..2024-12-25,Q-Learning,+VolFore,2,8306.95192641775,-0.5121587318987566,-0.4170709169205203,-0.2996782336424252,-0.1092603974961348,-0.3645923701824112,135.73200384216298,-5.077871968317643,78.42217182108199,403
Nikkei,Developed,2,2023-05-10..2024-12-25,PPO,Baseline,0,14786.673301650537,0.8169846958120885,0.9268126732745868,-0.4292474187366137,0.2763177608234444,0.6437260860789225,45.91621702968104,-1.2798885005053715,36.44100884042687,403
Nikkei,Developed,2,2023-05-10..2024-12-25,PPO,Baseline,1,14460.724145215012,0.7888566591547538,0.8883488090850912,-0.4326467406179605,0.2586950403838901,0.5979359511960992,27.349732807504346,-1.3688012195543922,38.66105966974322,403
Nikkei,Developed,2,2023-05-10..2024-12-25,PPO,Baseline,2,15020.612666980423,0.8620601711556038,1.0161015752554043,-0.4039842190781254,0.2888759105411405,0.7150673142619972,11.228076698434863,-1.0984743317825407,26.622254965546027,403
Nikkei,Developed,2,2023-05-10..2024-12-25,PPO,+VolFore,0,15953.38361599639,0.9167207181632692,1.0660820294351412,-0.4429838144634526,0.3382336615106773,0.7635350332598191,28.33880789177174,-1.194059344450489,31.649456940472,403
Nikkei,Developed,2,2023-05-10..2024-12-25,PPO,+VolFore,1,14996.874678411335,0.8474058527555796,1.018484095110599,-0.4096530492962023,0.2876049977817891,0.702069710637336,13.232507534444892,-1.0033256714420289,24.0733911115356,403
Nikkei,Developed,2,2023-05-10..2024-12-25,PPO,+VolFore,2,14760.86436215941,0.9361470576215808,1.0903841674606072,-0.3429176211925175,0.2749277430288124,0.8017311623471907,22.68885121662569,-1.0896118296320745,31.232353285836403,403
Nikkei,Developed,3,2024-12-26..2026-08-26,BuyHold,-,-1,16721.663089029018,1.315410670483972,1.9569539558028124,-0.2270205161734654,0.3780765166568154,1.6653847988181971,1.0014778578813457,0.2577740892911504,6.44790058740494,403
Nikkei,Developed,3,2024-12-26..2026-08-26,VolTarget,-,-1,14355.443771523836,1.296838566782512,1.9749926342275304,-0.18737332140986,0.2529711216067529,1.3500914628718903,13.791126019727429,0.0482298183187586,5.0211703319122005,403
Nikkei,Developed,3,2024-12-26..2026-08-26,Const1.5x,-,-1,20569.00944269658,1.306971486988104,1.9436307335092664,-0.3250666333873545,0.5680890446225264,1.7476079864026983,5.1817683771113785,0.2567740312240696,6.446305510968961,403
Nikkei,Developed,3,2024-12-26..2026-08-26,Q-Learning,Baseline,0,9000.69883690777,-0.3480494067383195,-0.2463105829016194,-0.2402895389447251,-0.0635615598806743,-0.2645207118027355,94.96541086551927,-1.662624236496147,37.60366760183342,403
Nikkei,Developed,3,2024-12-26..2026-08-26,Q-Learning,Baseline,1,7488.919375857432,-0.6054615312725361,-0.5130630121909484,-0.3102865849613595,-0.1650366868182611,-0.5318846989091762,180.8934279171931,-2.0344159129836124,23.483155157352076,403
Nikkei,Developed,3,2024-12-26..2026-08-26,Q-Learning,Baseline,2,9310.60362667469,-0.1305746537711131,-0.0954301465912209,-0.2907759754134717,-0.0435780325166899,-0.1498680640812014,93.59140918437696,-0.6761997360549721,22.69508328848022,403
Nikkei,Developed,3,2024-12-26..2026-08-26,Q-Learning,+VolFore,0,7208.733451342292,-0.7794110902468739,-0.8753389982733853,-0.3109709665627006,-0.1846618346913857,-0.5938233936497054,164.9361909791797,0.4913963447926567,14.020583030828089,403
Nikkei,Developed,3,2024-12-26..2026-08-26,Q-Learning,+VolFore,1,5799.7820804054445,-1.2897351174149123,-1.2825440511902728,-0.4248318717955548,-0.2880899814584706,-0.6781270440943573,212.1288786179666,-0.7572914213610982,10.79579444080314,403
Nikkei,Developed,3,2024-12-26..2026-08-26,Q-Learning,+VolFore,2,8384.932800913448,-0.4140639677705763,-0.4792279870052722,-0.2390591865723865,-0.1040538239095636,-0.435263858298209,156.19257854577938,0.6404690646814704,16.038105017266833,403
Nikkei,Developed,3,2024-12-26..2026-08-26,PPO,Baseline,0,21317.468384586817,1.2160545374328464,1.7136288091460123,-0.3733142231579082,0.6034407485211652,1.6164418901990223,20.263631692346728,0.3207507292089515,8.69572629751958,403
Nikkei,Developed,3,2024-12-26..2026-08-26,PPO,Baseline,1,21454.141129911608,1.2589619439216493,1.7293296503675015,-0.3424958033198094,0.6098454044878605,1.7805923417888707,20.237346659896943,0.4006979041463412,10.166232575471255,403
Nikkei,Developed,3,2024-12-26..2026-08-26,PPO,Baseline,2,20835.12547374065,1.255168787685089,1.8135243074814509,-0.3519138459612406,0.5807130017419548,1.650156731270709,11.112585307493582,0.2957894481937263,7.672092830523241,403
Nikkei,Developed,3,2024-12-26..2026-08-26,PPO,+VolFore,0,19916.35416612481,1.1983922820986856,1.634885164986778,-0.357236347614362,0.5368654278915121,1.5028297973462588,26.7635262998103,0.1625915182287276,9.207772297291127,403
Nikkei,Developed,3,2024-12-26..2026-08-26,PPO,+VolFore,1,21654.333019475387,1.3193956749331082,1.8732143820742164,-0.3354019574371778,0.6191990074033413,1.8461401123977448,24.13134186498811,0.3056688556711239,8.064526208304994,403
Nikkei,Developed,3,2024-12-26..2026-08-26,PPO,+VolFore,2,21572.46132332502,1.255556338632304,1.7068560128699155,-0.3596961401717991,0.6153776496416099,1.7108263918149935,33.66511609501137,0.3349333399790294,9.776017445441838,403
DAX,Developed,0,2020-01-21..2021-09-13,BuyHold,-,-1,11565.29379622234,0.4609678167769268,0.5351878696383243,-0.3877938965162447,0.0914012352731779,0.2356953941102407,1.0015090043428143,-0.6527980307899187,14.77993635535552,418
DAX,Developed,0,2020-01-21..2021-09-13,VolTarget,-,-1,9946.06241519046,0.0739707284792537,0.0865781136269136,-0.2609172162403695,-0.0032474745639291,-0.0124463790113603,18.989661419106888,-0.9955374173282068,7.238446858505105,418
DAX,Developed,0,2020-01-21..2021-09-13,Const1.5x,-,-1,11811.887150635072,0.4535169550433083,0.5264734500186895,-0.5283899808017797,0.1053380829310279,0.1993567000853961,4.848257708586235,-0.6532843793407312,14.781113145888876,418
DAX,Developed,0,2020-01-21..2021-09-13,Q-Learning,Baseline,0,8909.624963963299,-0.1404450798030711,-0.1336213807117291,-0.3572345231906941,-0.067081181152217,-0.1877791109125836,129.22101587408343,-0.6271950121897913,22.80204329401245,418
DAX,Developed,0,2020-01-21..2021-09-13,Q-Learning,Baseline,1,8085.777045979303,-0.2319004705328303,-0.1889287647475337,-0.473638113036697,-0.119963030985059,-0.2532799360585053,136.56415782514307,-1.5878289100223533,33.84901335113676,418
DAX,Developed,0,2020-01-21..2021-09-13,Q-Learning,Baseline,2,8646.695538264914,-0.2003599859309194,-0.1968349765383051,-0.383245695231347,-0.0837380096401475,-0.2184969346867169,165.13261021044528,1.4465582392844456,54.796675997997305,418
DAX,Developed,0,2020-01-21..2021-09-13,Q-Learning,+VolFore,0,10292.20074656504,0.188081236580684,0.2149171262090022,-0.1921067805007697,0.0174729230488606,0.0909542234960293,155.4566799846016,-0.229227056648544,13.735651625614198,418
DAX,Developed,0,2020-01-21..2021-09-13,Q-Learning,+VolFore,1,10586.86648689414,0.2645458728197636,0.252388098970852,-0.3468406268039923,0.0348941409089118,0.1006056909490327,146.22790909097114,-0.2195250346871399,30.257188101056187,418
DAX,Developed,0,2020-01-21..2021-09-13,Q-Learning,+VolFore,2,10328.283861347169,0.1977419834413667,0.2149176430100868,-0.2287866838807707,0.0196168111467001,0.0857428011712316,148.06502864244683,0.9411709263704632,26.0882594066706,418
DAX,Developed,0,2020-01-21..2021-09-13,PPO,Baseline,0,11540.341479437731,0.4281316727150191,0.4742781243980051,-0.6215847048536867,0.0899844238785829,0.1447661488060898,31.910162675991383,-0.7691011792513199,20.236627749039982,418
DAX,Developed,0,2020-01-21..2021-09-13,PPO,Baseline,1,12544.875157436518,0.5294174050554304,0.5985426628439781,-0.6292236982748195,0.1460955021685122,0.2321837250708116,38.80497792271081,-0.730150241352638,18.794448798391887,418
DAX,Developed,0,2020-01-21..2021-09-13,PPO,Baseline,2,10961.305691947267,0.362067113446068,0.3984955712049581,-0.6269047789353097,0.0567553515313448,0.0905326509516222,19.37578698396165,-0.8984491106953073,21.819394217575315,418
DAX,Developed,0,2020-01-21..2021-09-13,PPO,+VolFore,0,11700.57213685612,0.4400647969755797,0.5011664380724107,-0.5819171996202399,0.0990613367830648,0.1702327012288727,9.310918934092184,-0.6944185843420797,16.885645559788845,418
DAX,Developed,0,2020-01-21..2021-09-13,PPO,+VolFore,1,11308.798498549844,0.4045823606289205,0.4517927319068759,-0.6269047789353097,0.0767784886793043,0.1224723295451296,17.42262279389531,-0.7397916893651305,19.304738923115416,418
DAX,Developed,0,2020-01-21..2021-09-13,PPO,+VolFore,2,11722.48538594506,0.44535089777347,0.4828165386213483,-0.6125664559117203,0.1002988394574535,0.163735442072173,17.828134875497607,-0.8053954366733559,23.60489832108012,418
DAX,Developed,1,2021-09-14..2023-05-03,BuyHold,-,-1,10043.343164610911,0.1162044689881838,0.1677354638344338,-0.2640281589449507,0.0026045494265067,0.0098646653330638,1.0015148284698014,0.2191404205868135,6.674730388772336,418
DAX,Developed,1,2021-09-14..2023-05-03,VolTarget,-,-1,9344.061313558232,-0.1443830676273919,-0.1862698983030311,-0.2843676787988264,-0.0399823550516533,-0.1406009122429063,21.095798285010893,-0.6834593634427955,6.995821215236189,418
DAX,Developed,1,2021-09-14..2023-05-03,Const1.5x,-,-1,9755.645537139662,0.1075230616265109,0.1551839379502996,-0.3814228982245315,-0.0147686510548632,-0.0387198857844415,4.490756229686446,0.2188422193613122,6.6756240265181805,418
DAX,Developed,1,2021-09-14..2023-05-03,Q-Learning,Baseline,0,8692.387631272848,-0.2211966851927677,-0.250664859093147,-0.2995439049510041,-0.0808290304922341,-0.2698403444569682,141.37566255921726,1.9133640450565963,33.099831112874526,418
DAX,Developed,1,2021-09-14..2023-05-03,Q-Learning,Baseline,1,7013.344479133375,-0.8477251963925095,-0.8314848566338445,-0.3366629714089189,-0.1921430410892947,-0.570728168543794,131.6628898418436,2.290362069591437,49.00457394676742,418
DAX,Developed,1,2021-09-14..2023-05-03,Q-Learning,Baseline,2,9279.44809558936,-0.1198976897933419,-0.1311259603189246,-0.2367178571079268,-0.0439804344760529,-0.1857926352206505,157.85062800607523,0.8424195173337898,15.599831109928138,418
DAX,Developed,1,2021-09-14..2023-05-03,Q-Learning,+VolFore,0,7582.11944729985,-1.058397712054191,-1.1557399206440178,-0.2480136125499549,-0.1533532694397654,-0.6183260179247568,125.8350027804752,0.9421056253950832,16.165165048330426,418
DAX,Developed,1,2021-09-14..2023-05-03,Q-Learning,+VolFore,1,6848.7005002021815,-0.9604474609037296,-0.9903945977611336,-0.3738504419863148,-0.2036032138507998,-0.5446114033421642,132.217324713558,2.6850188106955786,56.806924742106,418
DAX,Developed,1,2021-09-14..2023-05-03,Q-Learning,+VolFore,2,7389.394855722987,-0.7651479284697249,-0.7898758813865447,-0.4172857466051022,-0.1663626300607797,-0.3986779596807512,154.11867541528372,0.2549241237158446,19.729764446826703,418
DAX,Developed,1,2021-09-14..2023-05-03,PPO,Baseline,0,8931.333678563653,-0.0066725919208619,-0.0092254002233997,-0.4348411622181774,-0.0657147291945629,-0.1511235248732962,49.87291034527004,0.4831748719005617,9.71392137903798,418
DAX,Developed,1,2021-09-14..2023-05-03,PPO,Baseline,1,8625.447837555865,-0.0499197836344391,-0.0682367357392806,-0.4346877318576892,-0.0850928272401446,-0.1957562199335479,35.35245890210074,0.3673920213269402,9.053401219490755,418
DAX,Developed,1,2021-09-14..2023-05-03,PPO,Baseline,2,9947.434030623996,0.1682617830358963,0.2420858774337176,-0.4124136095137393,-0.0031648054827693,-0.0076738628642569,23.81981922644605,0.5990206163138978,9.889911044298708,418
DAX,Developed,1,2021-09-14..2023-05-03,PPO,+VolFore,0,9153.620419539868,0.0561876244532356,0.0788730967658922,-0.4440871053404807,-0.0517982744839319,-0.1166398975806821,23.33625621453491,0.3220857236794063,8.110526483687142,418
DAX,Developed,1,2021-09-14..2023-05-03,PPO,+VolFore,1,9096.56764407417,0.0263700893958482,0.0368746412857615,-0.4343381460063118,-0.0553571419086897,-0.1274517157140461,36.61690783836049,0.4993327145332394,9.46983618676684,418
DAX,Developed,1,2021-09-14..2023-05-03,PPO,+VolFore,2,10098.915671728617,0.1779029336679098,0.2370951637454962,-0.3103421466920077,0.0059374315370619,0.0191318891111985,38.94483133574719,0.9522722873244738,14.535140505404833,418
DAX,Developed,2,2023-05-04..2024-12-18,BuyHold,-,-1,12846.246521085042,1.3356000752829609,1.9659246913158008,-0.1082189980874026,0.1625764375462104,1.5022910987718057,1.0014831030718332,-0.3257641846488819,3.4532885657958894,418
DAX,Developed,2,2023-05-04..2024-12-18,VolTarget,-,-1,13205.319496491156,1.2709765951546952,1.8925314372574424,-0.1166402125650032,0.1820130137370204,1.5604653809596287,22.50088281716709,-0.2915663093910006,3.396676006830164,418
DAX,Developed,2,2023-05-04..2024-12-18,Const1.5x,-,-1,14393.47478202462,1.3263147705770972,1.9520372275883189,-0.1593879420865574,0.2448753885538956,1.5363482666673556,3.3200982894537656,-0.3260344261298792,3.4540669032813307,418
DAX,Developed,2,2023-05-04..2024-12-18,Q-Learning,Baseline,0,9601.2407272098,-0.2061249587654021,-0.1932308373844876,-0.1382357731653176,-0.024176869292211,-0.1748958951683426,89.21251798147848,-0.2571050205886782,11.54424704984322,418
DAX,Developed,2,2023-05-04..2024-12-18,Q-Learning,Baseline,1,10070.82125676065,0.0970346528107449,0.10833965823142,-0.1131890662012991,0.0042534250915438,0.0375780562050206,75.695956203721,0.8613331278091538,14.721767850452537,418
DAX,Developed,2,2023-05-04..2024-12-18,Q-Learning,Baseline,2,8688.741894471976,-1.2873765790776537,-0.7637896610768169,-0.1457990423180932,-0.0810609115909452,-0.5559769824381746,79.16292388181965,-5.240918437848365,70.84564116288117,418
DAX,Developed,2,2023-05-04..2024-12-18,Q-Learning,+VolFore,0,10262.42865733153,0.2576494015489186,0.2401841014424712,-0.1076475307691784,0.0157017497199489,0.1458626092731411,85.09548793287155,1.4660020302131422,18.98826656636664,418
DAX,Developed,2,2023-05-04..2024-12-18,Q-Learning,+VolFore,1,9413.240183672073,-0.6639915170477378,-0.4870270759655233,-0.0746147176431494,-0.0357139611450113,-0.4786449948834145,67.56140590930688,-0.5061683833009626,39.68641300116869,418
DAX,Developed,2,2023-05-04..2024-12-18,Q-Learning,+VolFore,2,10589.745136893273,0.6102862804011974,0.6471125026955836,-0.0480876810675775,0.0350633720736557,0.7291549788739466,80.61147816866112,2.164597114037101,23.35198763245381,418
DAX,Developed,2,2023-05-04..2024-12-18,PPO,Baseline,0,14417.822879800931,1.314574430005519,1.9236108145214992,-0.1617725812099748,0.2461414811532791,1.521527809661856,11.117331340107368,-0.3369455149746266,3.559720580322839,418
DAX,Developed,2,2023-05-04..2024-12-18,PPO,Baseline,1,14609.348126547258,1.389591676833748,2.01365982080906,-0.1589657939428588,0.2560711799937318,1.6108571136012269,26.27675736781775,-0.2949329630208581,4.110209757893903,418
DAX,Developed,2,2023-05-04..2024-12-18,PPO,Baseline,2,14404.84571144751,1.345514786897566,1.9325255634461724,-0.161883771631369,0.2454667790730569,1.5163149251952277,23.83844555161869,-0.3206899912523688,4.006618845948698,418
DAX,Developed,2,2023-05-04..2024-12-18,PPO,+VolFore,0,14699.497648537405,1.2905085566989811,1.7994929993932025,-0.1803006314458069,0.2607270463304842,1.4460684038558402,35.94788552929661,-0.3706922966307673,4.649279046532982,418
DAX,Developed,2,2023-05-04..2024-12-18,PPO,+VolFore,1,14719.311249525545,1.4718161680910808,2.1380883150872108,-0.1362915585039871,0.261748813410313,1.920506422272184,25.943490506605382,-0.2175406646755216,4.726999750924594,418
DAX,Developed,2,2023-05-04..2024-12-18,PPO,+VolFore,2,13466.374484881118,1.2757855008512633,1.6188558997000644,-0.1077523572927752,0.1960118896891149,1.819096070025731,39.35815232323189,-0.4591139064720681,9.448900525581305,418
DAX,Developed,3,2024-12-19..2026-08-19,BuyHold,-,-1,13045.643402134838,0.999317579539424,1.4376234948283684,-0.1600633120097166,0.1733961157051782,1.083297062437199,1.001510963454614,-0.0862739295604232,5.908924686996301,418
DAX,Developed,3,2024-12-19..2026-08-19,VolTarget,-,-1,12269.971225559082,0.8434588414330824,1.2338597756713785,-0.1235596022841851,0.1309238131083143,1.0596004736736857,24.372503068828458,-0.30075239710881,3.79407269369274,418
DAX,Developed,3,2024-12-19..2026-08-19,Const1.5x,-,-1,14559.598085079497,0.9905793152379312,1.424625411012414,-0.2333131587418993,0.2534968840457661,1.0865091596702794,4.0418061378827845,-0.0875274633380342,5.910350843219265,418
DAX,Developed,3,2024-12-19..2026-08-19,Q-Learning,Baseline,0,9717.72576742325,-0.0477396383199233,-0.0402586875026816,-0.1783831524776828,-0.0170736530593491,-0.0957133721548591,83.93946076223847,0.4595516162199556,35.3876518830112,418
DAX,Developed,3,2024-12-19..2026-08-19,Q-Learning,Baseline,1,9954.40523620158,0.0488931803961222,0.045058909597796,-0.1275553152666834,-0.0027447118825227,-0.0215178166175421,91.29412478120908,1.0632454636333954,33.776743104353926,418
DAX,Developed,3,2024-12-19..2026-08-19,Q-Learning,Baseline,2,9883.709704038296,0.005731978758844,0.0046030714965551,-0.1589701653099975,-0.0070103674115088,-0.0440986357269886,64.2039356107349,0.7327710288128538,51.14992068192022,418
DAX,Developed,3,2024-12-19..2026-08-19,Q-Learning,+VolFore,0,8872.30472446199,-0.5074255321687982,-0.5163470754684457,-0.2074624005231417,-0.0694334039577729,-0.3346794589398054,110.60102107396617,1.2802938403974835,22.69630626439034,418
DAX,Developed,3,2024-12-19..2026-08-19,Q-Learning,+VolFore,1,8291.66272936504,-0.7113406062708103,-0.681781621071066,-0.2189072232998938,-0.1065536613110906,-0.4867526055301966,144.30354396235137,-0.5319765160207529,17.82675231093149,418
DAX,Developed,3,2024-12-19..2026-08-19,Q-Learning,+VolFore,2,7189.163958688027,-1.381024653620772,-1.1713706732018323,-0.3188122785578406,-0.1800227574819484,-0.5646669516485484,151.22573631658818,-1.0683733245507356,18.338534595064523,418
DAX,Developed,3,2024-12-19..2026-08-19,PPO,Baseline,0,14508.885299527494,0.8788754411317882,1.1897895048443008,-0.2979733156780766,0.2508691603438824,0.8419182092603006,38.92455136715596,-0.0285181516640893,8.376955064624592,418
DAX,Developed,3,2024-12-19..2026-08-19,PPO,Baseline,1,14798.141932730436,0.9535151285309368,1.3002279247080115,-0.274261465120161,0.2658086131921937,0.9691795858917582,23.66109383942374,-0.1784167001357736,8.091086901632533,418
DAX,Developed,3,2024-12-19..2026-08-19,PPO,Baseline,2,14187.839340432693,0.93813334172403,1.225380953881541,-0.2596779486721011,0.2341481552183526,0.9016867100760758,22.32485944262101,-0.3398441345512501,10.553224126022558,418
DAX,Developed,3,2024-12-19..2026-08-19,PPO,+VolFore,0,14608.17356040722,0.916955306130516,1.247244035315334,-0.2927411842564326,0.2560104428497596,0.8745282748621646,19.07550081719626,-0.1976220389442643,7.790486689831042,418
DAX,Developed,3,2024-12-19..2026-08-19,PPO,+VolFore,1,14434.91240410631,0.9155696788217644,1.2341463869891764,-0.2738662616807206,0.2470296215365064,0.902008228467357,11.137642406037456,-0.2653447297525783,8.429647454270187,418
DAX,Developed,3,2024-12-19..2026-08-19,PPO,+VolFore,2,13356.052386076388,0.8018914583365926,1.0153382911790687,-0.2887503861418136,0.1901092670669693,0.6583861916393863,28.96849315224079,-0.2890652060646518,11.431749917263607,418
ASX200,Developed,0,2020-01-29..2021-09-16,BuyHold,-,-1,10593.69432676734,0.2668160285622622,0.2959544751793316,-0.365305410122164,0.0354677589809193,0.0970907027327114,1.001509473784843,-1.0424419626442951,11.994215230781776,416
ASX200,Developed,0,2020-01-29..2021-09-16,VolTarget,-,-1,10187.703187351464,0.1537983835784811,0.1889334938049411,-0.2820063511406553,0.0113014543409943,0.0400751766591154,21.521379881215065,-0.9963108382390192,5.931388010692803,416
ASX200,Developed,0,2020-01-29..2021-09-16,Const1.5x,-,-1,10456.496697347364,0.2592839942078751,0.2878298127933036,-0.5030335420339013,0.0273428535857178,0.0543559252035339,4.513993101270118,-1.0456153662328818,11.998286438390627,416
ASX200,Developed,0,2020-01-29..2021-09-16,Q-Learning,Baseline,0,7203.488635677082,-0.3243521007191619,-0.2948651969276524,-0.5272434686062193,-0.179816926369235,-0.3410510268514931,154.78046385008167,-2.0136480112517936,27.96325879013956,416
ASX200,Developed,0,2020-01-29..2021-09-16,Q-Learning,Baseline,1,7933.366032147738,-0.4481537286798182,-0.3818885907355744,-0.3717912936038469,-0.1305582337793366,-0.3511600083838934,125.86456622254065,-1.8481597560953769,25.30201529370127,416
ASX200,Developed,0,2020-01-29..2021-09-16,Q-Learning,Baseline,2,6334.272637913041,-0.5670219364298694,-0.4285984940971816,-0.5270363119767842,-0.2411392930279107,-0.4575382901474069,97.83957711305148,-2.3132491395948387,32.663888933635725,416
ASX200,Developed,0,2020-01-29..2021-09-16,Q-Learning,+VolFore,0,6712.891243876704,-0.6925511738999273,-0.5717411230420856,-0.4212269555244249,-0.2140433118422882,-0.5081424847925449,116.79061014938554,-2.2281669636245924,28.293068705616232,416
ASX200,Developed,0,2020-01-29..2021-09-16,Q-Learning,+VolFore,1,5850.990176539824,-0.8673202137755042,-0.8010495960826013,-0.4946434478422484,-0.2766760320321391,-0.5593443787409011,178.0103606493568,-1.7351176484161566,25.444405930440123,416
ASX200,Developed,0,2020-01-29..2021-09-16,Q-Learning,+VolFore,2,8157.021343316877,-0.6505265861788929,-0.6100870555188668,-0.2824537088965799,-0.1158273410298238,-0.4100754827468872,118.36987774520802,-1.3160684695481744,16.800585369096954,416
ASX200,Developed,0,2020-01-29..2021-09-16,PPO,Baseline,0,9929.637444780485,0.2267055171139539,0.2424427707783252,-0.6075945300062766,-0.0042580643326308,-0.0070080689050638,22.100550791791537,-1.1532029502757422,14.356676696277518,416
ASX200,Developed,0,2020-01-29..2021-09-16,PPO,Baseline,1,10080.77189231201,0.2458964344546988,0.2572830288300317,-0.5994193392987895,0.0048734081246795,0.0081302150350577,37.25300191955859,-1.2065343049600945,14.790062688297084,416
ASX200,Developed,0,2020-01-29..2021-09-16,PPO,Baseline,2,10023.391303740278,0.2122815514325959,0.2290139791641476,-0.5550039710144637,0.0014129217300291,0.0025457867039113,10.94868170266278,-1.1440739372403612,13.676031657935257,416
ASX200,Developed,0,2020-01-29..2021-09-16,PPO,+VolFore,0,9635.082494846733,0.1800036674570181,0.1896894214584895,-0.6051655145599042,-0.0222145426731588,-0.0367082098015403,19.7511709175556,-1.2722965717523596,15.530118480805411,416
ASX200,Developed,0,2020-01-29..2021-09-16,PPO,+VolFore,1,10587.517028482089,0.2982341679030011,0.3282676524344471,-0.5546623368318773,0.0351028350751123,0.0632868553425668,13.242828824654778,-0.9040592020801635,13.001811548571975,416
ASX200,Developed,0,2020-01-29..2021-09-16,PPO,+VolFore,2,9364.799802090349,0.1346232642419657,0.135763337323676,-0.5740696012921637,-0.0388834172162382,-0.0677329319104311,28.25632687200472,-1.3004735623123052,17.389949845760047,416
ASX200,Developed,1,2021-09-17..2023-05-16,BuyHold,-,-1,9756.741285171003,-0.0309482463949223,-0.0422784810492324,-0.1526972832377303,-0.0147720880015227,-0.0967410008102614,1.0015368287181692,-0.3494637838078023,4.338640800632672,416
ASX200,Developed,1,2021-09-17..2023-05-16,VolTarget,-,-1,9302.093910985528,-0.1754793731998673,-0.2383882053920761,-0.1858667698291333,-0.0427776969304433,-0.2301524741057184,37.21052005313967,-0.4802230544518475,4.0831570992750335,416
ASX200,Developed,1,2021-09-17..2023-05-16,Const1.5x,-,-1,9482.49530448435,-0.0399284468264092,-0.0545414019333805,-0.224266564959039,-0.0316018139504519,-0.1409118383566578,3.642700978321284,-0.3497452200314583,4.33887186701662,416
ASX200,Developed,1,2021-09-17..2023-05-16,Q-Learning,Baseline,0,9617.941600438608,-0.1370778349298453,-0.1430508130026797,-0.1687599877080042,-0.0232661147769341,-0.1378651130092066,120.68932655978244,0.3977739149869666,10.257277668253128,416
ASX200,Developed,1,2021-09-17..2023-05-16,Q-Learning,Baseline,1,9089.323368843488,-0.3028811429387426,-0.2801175493804328,-0.2388839117996819,-0.0560696888671781,-0.2347152156230642,86.4354419552743,-0.1559268466036356,11.744451215184016,416
ASX200,Developed,1,2021-09-17..2023-05-16,Q-Learning,Baseline,2,7630.889742149448,-1.045176334943951,-0.9817117467922294,-0.2913970164305096,-0.1507447557209031,-0.5173174302432656,123.39822768424102,-0.9513291892606334,10.25864737519784,416
ASX200,Developed,1,2021-09-16..2023-05-15,Q-Learning,+VolFore,0,7635.836173092772,-1.2882355245718144,-1.3344519021945789,-0.3013352461891382,-0.1504121238849857,-0.499152109773703,179.82686657754786,-1.0623522537009875,10.382265588298164,416
ASX200,Developed,1,2021-09-16..2023-05-15,Q-Learning,+VolFore,1,8760.348964044773,-0.5066933012043923,-0.5603987445563671,-0.1770986088499681,-0.0768660254554132,-0.4340295271325223,165.91793819213817,0.2532741668109294,12.029511094855392,416
ASX200,Developed,1,2021-09-16..2023-05-15,Q-Learning,+VolFore,2,7932.253868611397,-0.8174501496478986,-0.9178694410578516,-0.2712681618789536,-0.130631893181605,-0.4815599894816061,194.4803362832702,0.354765806312007,15.521656297548407,416
ASX200,Developed,1,2021-09-16..2023-05-15,PPO,Baseline,0,9432.965883808827,-0.0249178659858664,-0.0332935983926131,-0.2618185857501166,-0.0346617243932658,-0.1323883264200927,19.636328512562244,-0.2704799161110134,5.679576452345783,416
ASX200,Developed,1,2021-09-16..2023-05-15,PPO,Baseline,1,8889.665434492097,-0.1542242373816229,-0.1995934514723134,-0.2774868645573915,-0.0686549484824237,-0.2474169312182943,34.36514647548288,-0.3008051708124564,5.41808153897011,416
ASX200,Developed,1,2021-09-16..2023-05-15,PPO,Baseline,2,9025.38620280956,-0.117175166521907,-0.1569067413985428,-0.2748129514850657,-0.0600878949697145,-0.2186501569332379,16.815432759774342,-0.3015525498634583,5.155030435475495,416
ASX200,Developed,1,2021-09-16..2023-05-15,PPO,+VolFore,0,9073.63507381327,-0.1248558633511503,-0.1634572785133596,-0.2647310347889843,-0.0570545999108053,-0.2155191209676935,38.5619152174952,-0.2504243533152467,5.808950103882231,416
ASX200,Developed,1,2021-09-16..2023-05-15,PPO,+VolFore,1,8664.984878377207,-0.1996322301829192,-0.2592868267383375,-0.2901978069258573,-0.0829520226395236,-0.2858464835346988,25.182254434467595,-0.3536378579196585,5.185772760051637,416
ASX200,Developed,1,2021-09-16..2023-05-15,PPO,+VolFore,2,9438.053700033892,-0.0641647869570073,-0.0840048455860861,-0.2238219857171523,-0.0343471083750398,-0.1534572587444176,30.764301461581105,-0.2475863982098129,5.949877562889306,416
ASX200,Developed,2,2023-05-16..2025-01-03,BuyHold,-,-1,11386.850063642947,0.7536331446764214,1.037843654244748,-0.0916053070649861,0.0816471991801532,0.8912933299960475,1.0015119284424376,-0.6035171799087685,4.576301921822251,416
ASX200,Developed,2,2023-05-16..2025-01-03,VolTarget,-,-1,10816.274584227542,0.3795710609255557,0.5258719403444467,-0.1494405537648536,0.0485610475555708,0.324952272538131,41.05450977636625,-0.4761242897184691,3.5538340256239294,416
ASX200,Developed,2,2023-05-16..2025-01-03,Const1.5x,-,-1,12023.49960471889,0.7443933962937405,1.025044332900883,-0.135502556697674,0.1177997114191873,0.8693541604616829,3.2219842932950584,-0.603837632482275,4.57824631094424,416
ASX200,Developed,2,2023-05-16..2025-01-03,Q-Learning,Baseline,0,9980.213368323995,-0.0012689732985593,-0.0011120548579198,-0.0598521530463098,-0.0011962074105519,-0.0199860380896639,58.26280613790852,3.386050670163999,45.62664564769508,416
ASX200,Developed,2,2023-05-16..2025-01-03,Q-Learning,Baseline,1,9103.43593927205,-0.8978220742074707,-0.7402080735732919,-0.1333163129281755,-0.0551842763544371,-0.4139349127045977,94.06364662406985,0.243135167298099,18.26654486690542,416
ASX200,Developed,2,2023-05-16..2025-01-03,Q-Learning,Baseline,2,10431.032526012516,0.3795852356147727,0.3505176078789965,-0.0905025929632501,0.0258302237564866,0.2854086596909991,83.7642029140679,0.667250744429543,17.5062629590325,416
ASX200,Developed,2,2023-05-16..2025-01-03,Q-Learning,+VolFore,0,9769.438922615138,-0.1748413242468545,-0.1730925394994348,-0.0936446871585165,-0.0139974343732969,-0.1494738761789376,115.58774752884824,0.4365082630179487,15.17950921520033,416
ASX200,Developed,2,2023-05-16..2025-01-03,Q-Learning,+VolFore,1,8301.057685776073,-1.4399477537267404,-1.1419375325030712,-0.1876931631481861,-0.1064250308621549,-0.5670160227283506,110.72527398598297,-1.715448283497733,18.41128059979562,416
ASX200,Developed,2,2023-05-16..2025-01-03,Q-Learning,+VolFore,2,9705.387269483104,-0.2925172519025634,-0.2708765615729794,-0.0809950018309358,-0.0179091559865147,-0.2211143352237483,101.5606989907829,0.5877275314565813,13.357581677002049,416
ASX200,Developed,2,2023-05-16..2025-01-03,PPO,Baseline,0,12118.938960533482,1.1025097964723278,1.339684074039079,-0.0809927368949664,0.1231533005397882,1.5205474621505406,26.14777824954361,-1.5320386393055774,23.519296942363138,416
ASX200,Developed,2,2023-05-16..2025-01-03,PPO,Baseline,1,12804.129109097052,1.0515727015835097,1.309198275995319,-0.1035579757531621,0.1611101146080396,1.555748009120044,28.742891355646297,-1.1134978665052182,12.324025701233904,416
ASX200,Developed,2,2023-05-16..2025-01-03,PPO,Baseline,2,12143.426849350331,0.8152011325954157,1.071388728873074,-0.1256284360769143,0.1245242352832662,0.9912105823401062,19.66742543468292,-0.8284219653486862,7.121002628092554,416
ASX200,Developed,2,2023-05-16..2025-01-03,PPO,+VolFore,0,12370.549258406822,0.904260965709681,1.2448179324392676,-0.1178089099390103,0.1371877981523031,1.1644942493921786,19.068237455837203,-0.5555146396937382,5.54728954769647,416
ASX200,Developed,2,2023-05-16..2025-01-03,PPO,+VolFore,1,12161.937255383724,0.7821855894885467,1.082859859394588,-0.1340932356255456,0.125559799633472,0.9363619204712198,6.5468364317337375,-0.5771055596742953,4.561462788678313,416
ASX200,Developed,2,2023-05-16..2025-01-03,PPO,+VolFore,2,12200.451804461452,1.037199803687997,1.4919750469145605,-0.0963416592800727,0.1277124987676199,1.3256207098844337,20.12391129399277,-0.2697129698353366,4.710851050200653,416
ASX200,Developed,3,2025-01-06..2026-08-27,BuyHold,-,-1,10888.118612597287,0.4678635411864046,0.6683743321232946,-0.1417167334064669,0.0527644585123858,0.3723234175930119,1.001505111264706,0.0232387645513975,7.424281646962719,416
ASX200,Developed,3,2025-01-06..2026-08-27,VolTarget,-,-1,9864.739750141278,0.0281770573202027,0.0405504556049569,-0.184349884470133,-0.0081960132058266,-0.0444590091788749,38.23209750611871,-0.2604232479275781,3.820598914544288,416
ASX200,Developed,3,2025-01-06..2026-08-27,Const1.5x,-,-1,11217.514038169127,0.4594474630045053,0.6563113141706072,-0.2064527127221313,0.0718977372132372,0.3482528093959099,3.2769488489379306,0.0220843718339633,7.424568587017262,416
ASX200,Developed,3,2025-01-06..2026-08-27,Q-Learning,Baseline,0,10027.907665517823,0.0615632553030373,0.0622858491442128,-0.1050812075534782,0.0016855764414502,0.0160407030017847,45.48816078765995,7.197049460002419,114.88796416450974,416
ASX200,Developed,3,2025-01-06..2026-08-27,Q-Learning,Baseline,1,9178.024747222818,-0.3605194808716866,-0.270744950594656,-0.2115972079900385,-0.0505136187525631,-0.2387253557461988,55.70711414551166,0.1389501870740776,22.370826836170448,416
ASX200,Developed,3,2025-01-06..2026-08-27,Q-Learning,Baseline,2,10654.649016651434,0.3419140747486712,0.2874006650758477,-0.1515743938442887,0.0390641542103358,0.2577226483927649,113.0441109947839,0.7101367973664984,51.93153003345217,416
ASX200,Developed,3,2025-01-06..2026-08-27,Q-Learning,+VolFore,0,8815.74664581638,-0.5146314687070497,-0.4283950053324998,-0.1863297858600348,-0.0733426630280641,-0.3936174921746717,112.8823891451203,-0.3229940352494793,55.2193552604793,416
ASX200,Developed,3,2025-01-06..2026-08-27,Q-Learning,+VolFore,1,9005.652111532127,-0.4326342605987451,-0.3449857905028842,-0.201112402776778,-0.0613303797727525,-0.3049557308532603,97.7157646689631,0.3237607428165712,73.01893293726155,416
ASX200,Developed,3,2025-01-06..2026-08-27,Q-Learning,+VolFore,2,9348.976153618863,-0.2839679980676562,-0.2704457450669918,-0.1887203942679685,-0.03986515149692,-0.2112392338482683,120.88221275966806,-0.7144717679392852,26.498602819000627,416
ASX200,Developed,3,2025-01-06..2026-08-27,PPO,Baseline,0,10891.057019248552,0.3460759818215433,0.4661372283360007,-0.2403582930746694,0.0529361432029049,0.2202384720141095,25.693231645464856,0.0794543790154967,11.802088518359378,416
ASX200,Developed,3,2025-01-06..2026-08-27,PPO,Baseline,1,10726.822664337838,0.311575574561368,0.4054606778930784,-0.229002015376773,0.0433119709276839,0.1891335797033678,19.05273518359995,-0.0001710565572161,15.18547884389949,416
ASX200,Developed,3,2025-01-06..2026-08-27,PPO,Baseline,2,10709.158547670577,0.3149511721834887,0.4214767524255701,-0.2133056341476325,0.0422733882510339,0.1981822393944722,13.33969437334,0.0063551317782758,12.281211607097488,416
ASX200,Developed,3,2025-01-06..2026-08-27,PPO,+VolFore,0,10819.865789345304,0.3308601742860008,0.4424282512004724,-0.2294220492855122,0.0487714216160655,0.2125838460938758,21.350810478676134,0.1214677595717669,13.021041990950115,416
ASX200,Developed,3,2025-01-06..2026-08-27,PPO,+VolFore,1,10853.801181728071,0.3426126044367137,0.4514864483939956,-0.2276910737364393,0.0507580066378439,0.2229248859196615,17.707916788068466,0.072910134031914,13.86422433890042,416
ASX200,Developed,3,2025-01-06..2026-08-27,PPO,+VolFore,2,11373.985805781178,0.5790757108756889,0.8530232985103302,-0.1523960946971972,0.0809085667692377,0.5309097121515337,24.14915042052133,1.9918880940985089,23.92140891013151,416
Nifty50,Emerging,0,2020-02-04..2021-09-23,BuyHold,-,-1,14855.539793692837,1.0654696649367996,1.0995978245550508,-0.3762703768336058,0.2784665651545683,0.7400703916613974,1.001490853469934,-1.4870078463690573,17.1186724755595,405
Nifty50,Emerging,0,2020-02-04..2021-09-23,VolTarget,-,-1,15255.867577597375,1.487139193740321,1.7512908467610986,-0.2589090095507509,0.2997427171287912,1.1577145100038646,15.792735898582253,-0.9173467421486052,7.08980598942193,405
Nifty50,Emerging,0,2020-02-04..2021-09-23,Const1.5x,-,-1,17237.13041644673,1.0580471952384365,1.091715379624964,-0.5170414354363201,0.402075366598279,0.7776463142807862,4.6677394162245,-1.4889384363211553,17.128184892266347,405
Nifty50,Emerging,0,2020-02-04..2021-09-23,Q-Learning,Baseline,0,7905.399713025909,-0.4829703470888802,-0.4243282076149515,-0.3663463990361539,-0.1357440473019905,-0.3705346842735683,137.68495786361404,-2.301129722920372,23.48183721728504,405
Nifty50,Emerging,0,2020-02-04..2021-09-23,Q-Learning,Baseline,1,7165.27228095758,-0.3994829798857517,-0.3010862796406136,-0.4908317196519388,-0.186899115656183,-0.3807804348674473,169.27039757191164,-4.092567491548433,56.395633713280176,405
Nifty50,Emerging,0,2020-02-04..2021-09-23,Q-Learning,Baseline,2,9364.644394417515,-0.2314966578014775,-0.2588200974756762,-0.1394159716162087,-0.0399254908939493,-0.2863767359709108,129.57737656758863,2.348042108650509,32.874005172736354,405
Nifty50,Emerging,0,2020-02-04..2021-09-23,Q-Learning,+VolFore,0,13066.236820560762,1.301952926072167,2.057543705773467,-0.0698413852364773,0.1805745846760784,2.585495463213994,101.7851362052407,6.17519988620892,73.74787414392013,405
Nifty50,Emerging,0,2020-02-04..2021-09-23,Q-Learning,+VolFore,1,11104.342573676004,0.4291206507365591,0.3994213955164017,-0.1789825770374002,0.0671781933106914,0.375333702432268,117.53153608673924,0.8708249130086578,52.90415148255243,405
Nifty50,Emerging,0,2020-02-04..2021-09-23,Q-Learning,+VolFore,2,10291.71415443311,0.2058283972319858,0.2016472263349994,-0.0914744260289726,0.0180075426623897,0.1968587663669998,136.7055261946305,0.3958181693944015,21.7052610860384,405
Nifty50,Emerging,0,2020-02-04..2021-09-23,PPO,Baseline,0,16595.964283764853,0.8859016984309339,0.8867697407825088,-0.6275371533958827,0.3694723576697707,0.5887657099978905,20.52099932616981,-1.5982288314674156,19.91267356447305,405
Nifty50,Emerging,0,2020-02-04..2021-09-23,PPO,Baseline,1,14352.285343303338,0.7216330749754408,0.6961747184477564,-0.62276908234496,0.2514090134523989,0.4036953994333593,23.43449728890076,-1.836186230308784,24.718810306279547,405
Nifty50,Emerging,0,2020-02-04..2021-09-23,PPO,Baseline,2,14956.218058262924,0.7660322007102107,0.7454129667083558,-0.6180933803189765,0.2838375550207745,0.4592146818880938,23.5825007799499,-1.7189516845131514,22.169564418076774,405
Nifty50,Emerging,0,2020-02-04..2021-09-23,PPO,+VolFore,0,16166.24446121803,0.9046214476192842,0.9045532099279284,-0.5680345215487765,0.3473534423600521,0.6115005852326773,7.291652318687618,-1.6423089944799658,20.01780598633871,405
Nifty50,Emerging,0,2020-02-04..2021-09-23,PPO,+VolFore,1,15536.888086966654,0.8584247614215379,0.8427663796412166,-0.5633453312709533,0.314551722111712,0.5583639459680959,13.094502736500845,-1.700415701900136,21.87980015087643,405
Nifty50,Emerging,0,2020-02-04..2021-09-23,PPO,+VolFore,2,12936.681778133128,0.588870634150675,0.5526285795449974,-0.606762496984492,0.1732952550610411,0.2856064043542637,19.9514238343242,-1.9542026577998692,27.2224777484554,405
Nifty50,Emerging,1,2021-09-24..2023-05-16,BuyHold,-,-1,10227.316402133209,0.1677930652474188,0.2410223045793238,-0.1722975608467007,0.0140490935797576,0.0815397125219673,1.0015043633262035,-0.3581617975355273,4.555167467091642,405
Nifty50,Emerging,1,2021-09-24..2023-05-16,VolTarget,-,-1,10057.755382221983,0.105527327643743,0.1524099521452278,-0.2149354231658471,0.00358090055138,0.0166603554622093,26.20095409489912,-0.3862724550232766,3.9106410398656064,405
Nifty50,Emerging,1,2021-09-24..2023-05-16,Const1.5x,-,-1,10155.043104290047,0.1587260721654256,0.2279738551745304,-0.2554769421996669,0.0095952677254071,0.0375582533701632,3.789074001481683,-0.3587093089876541,4.554346113916246,405
Nifty50,Emerging,1,2021-09-24..2023-05-16,Q-Learning,Baseline,0,7609.253418148918,-1.1565007100522238,-1.0343337680965283,-0.2700774389930741,-0.1559848607225429,-0.5775560568980568,153.35413011887752,-2.1467028363421465,33.66649789041737,405
Nifty50,Emerging,1,2021-09-24..2023-05-16,Q-Learning,Baseline,1,8502.815739923053,-0.6438667093792899,-0.4692135432539682,-0.207964734471364,-0.0957670290076402,-0.4604964839380809,106.4253210580824,-3.582310850428614,43.00743938234994,405
Nifty50,Emerging,1,2021-09-24..2023-05-16,Q-Learning,Baseline,2,9665.222185007637,-0.1016698563837662,-0.0956588498901695,-0.1684162339430145,-0.0209133174781031,-0.1241763753312235,104.28198519282084,-0.8021326214205013,15.362779214380302,405
Nifty50,Emerging,1,2021-09-24..2023-05-16,Q-Learning,+VolFore,0,7236.78736994036,-1.622570046170776,-1.4331427261862422,-0.3121767063650685,-0.1818714681168119,-0.5825914118766555,128.09675229966328,-2.050662602748708,20.563095846569556,405
Nifty50,Emerging,1,2021-09-24..2023-05-16,Q-Learning,+VolFore,1,7405.51662358969,-1.702009672648422,-1.5328129111871869,-0.2903647872023571,-0.1700835707171191,-0.5857582537995594,112.57847181691342,-1.5258250140231893,23.57023025404237,405
Nifty50,Emerging,1,2021-09-24..2023-05-16,Q-Learning,+VolFore,2,7838.717718433654,-1.3340636700306132,-1.1345400228690123,-0.2713242879816997,-0.1402761374710981,-0.5170054568798591,116.49374406011928,-2.1404587694448747,22.9801260692104,405
Nifty50,Emerging,1,2021-09-24..2023-05-16,PPO,Baseline,0,9948.333055816043,0.1325127272699199,0.1865380433679877,-0.31155833814877,-0.003210063688528,-0.0103032507734873,18.91354662953848,-0.3891618035740219,5.31487243999299,405
Nifty50,Emerging,1,2021-09-24..2023-05-16,PPO,Baseline,1,10232.264082514592,0.1803073829511288,0.259328741238769,-0.2493402426245982,0.0143535559287286,0.0575661424629378,7.74975090509467,-0.2821626414861025,4.680885809959928,405
Nifty50,Emerging,1,2021-09-24..2023-05-16,PPO,Baseline,2,10072.620337466393,0.154187402085698,0.2214429415083404,-0.2958977775005497,0.0045012818034169,0.0152122866262263,5.755975021140367,-0.358991251158251,4.553927003114984,405
Nifty50,Emerging,1,2021-09-24..2023-05-16,PPO,+VolFore,0,9594.49761405139,0.0569824577092167,0.0777889066794504,-0.3086222013451403,-0.0253663765334485,-0.0821923258365928,22.755410626851933,-0.4384206435863609,5.689312843850678,405
Nifty50,Emerging,1,2021-09-24..2023-05-16,PPO,+VolFore,1,10351.24318232854,0.2090307053283656,0.2951404981568402,-0.2206617223414635,0.0216583688793132,0.0981519071336705,16.326726425878135,-0.2422825836175495,5.453904963855293,405
Nifty50,Emerging,1,2021-09-24..2023-05-16,PPO,+VolFore,2,9875.165175704811,0.1083925753778987,0.1549745345679191,-0.3027704818967049,-0.0077668191869887,-0.0256524980186571,8.191535394569254,-0.3838344628972176,4.552681311559429,405
Nifty50,Emerging,2,2023-05-17..2025-01-07,BuyHold,-,-1,13019.749789788548,1.377145088023498,1.710128092390651,-0.1093280759386879,0.1779657735221544,1.6278140083644317,1.0015088061511674,-0.9132519709412608,12.20076088936568,405
Nifty50,Emerging,2,2023-05-17..2025-01-07,VolTarget,-,-1,13353.091472944434,1.203614949215351,1.5905116497117695,-0.1393289573049531,0.1965954278280048,1.4110162856978827,27.259061637217005,-0.4707044998583067,6.990650424973293,405
Nifty50,Emerging,2,2023-05-17..2025-01-07,Const1.5x,-,-1,14677.211701281834,1.368749848210438,1.700299676649757,-0.1603926257405059,0.2689190951040889,1.6766300436872192,3.19256486354361,-0.9150506280580276,12.20827132945414,405
Nifty50,Emerging,2,2023-05-17..2025-01-07,Q-Learning,Baseline,0,12348.011391713286,1.498997300971714,1.806941168125881,-0.0534095355637718,0.1398647506334143,2.618722465088556,124.17959650450815,2.0494446963032096,18.17394086536495,405
Nifty50,Emerging,2,2023-05-17..2025-01-07,Q-Learning,Baseline,1,12351.842525373626,1.4268757359940114,1.6747012076134242,-0.0448473818199722,0.1400842496409813,3.1235769838290266,82.74962246371092,3.552949165614333,51.98826694298931,405
Nifty50,Emerging,2,2023-05-17..2025-01-07,Q-Learning,Baseline,2,11534.646838426845,1.1273194406842304,1.84237664034655,-0.0535828255175442,0.0926609664127762,1.7293034758069568,102.56103689559076,6.219567412417961,71.52064427016123,405
Nifty50,Emerging,2,2023-05-17..2025-01-07,Q-Learning,+VolFore,0,10705.463153413926,0.4222212153179374,0.3469237586950059,-0.0892611681103098,0.0432197571419834,0.4841943933344882,127.21295564881748,-2.793796589682405,68.41165750827834,405
Nifty50,Emerging,2,2023-05-17..2025-01-07,Q-Learning,+VolFore,1,10974.26495660734,0.7457265116491666,0.8700541388982149,-0.0665906866082172,0.0594015860025829,0.8920404493075273,88.18020775368917,1.5085995602985212,21.963638681089197,405
Nifty50,Emerging,2,2023-05-17..2025-01-07,Q-Learning,+VolFore,2,11151.337418922903,1.065092698048699,1.6873901882038604,-0.0498818936357561,0.0699792427598828,1.4028986804205397,106.65013267285002,2.581522563768254,21.527995610790214,405
Nifty50,Emerging,2,2023-05-17..2025-01-07,PPO,Baseline,0,15177.922234181022,1.4440048953165847,1.8437382849341293,-0.1627732908221441,0.2956169303779796,1.816126766762812,11.961174005546026,-0.5860160001103056,12.56779281780043,405
Nifty50,Emerging,2,2023-05-17..2025-01-07,PPO,Baseline,1,15089.058015015216,1.397649945880174,1.7897616795965636,-0.1719903372299767,0.2909033707910797,1.6913936880093865,11.69467472756978,-0.6448761449927808,11.035248121838206,405
Nifty50,Emerging,2,2023-05-17..2025-01-07,PPO,Baseline,2,14900.37932406912,1.4049343217145265,1.7653757528381246,-0.1603926257405059,0.2808603668043135,1.7510802975253816,4.557358677067676,-0.7665918456976912,12.374796937538369,405
Nifty50,Emerging,2,2023-05-17..2025-01-07,PPO,+VolFore,0,15246.839608305165,1.458982515140244,1.8652712166363143,-0.1555666914922825,0.2992652606233306,1.9237103890986391,13.368480024251255,-0.6552521124160645,11.987204631990814,405
Nifty50,Emerging,2,2023-05-17..2025-01-07,PPO,+VolFore,1,15092.933428278278,1.3846170182990676,1.7788327950514642,-0.1755200333975599,0.2911091507055223,1.658552275024298,11.307731141161614,-0.6079818828368028,10.745717626640936,405
Nifty50,Emerging,2,2023-05-17..2025-01-07,PPO,+VolFore,2,15128.35078480688,1.4394217285382491,1.8311270106001956,-0.160392625740506,0.2929888433263683,1.826697717378594,4.156572224386773,-0.589602858128672,12.790192778753225,405
Nifty50,Emerging,3,2025-01-08..2026-08-28,BuyHold,-,-1,10190.017808751894,0.1547117255875059,0.2299670619674947,-0.1518180937429943,0.011752072202612,0.0774089037267798,1.0015149236906846,0.1075583347461673,5.811448843218376,405
Nifty50,Emerging,3,2025-01-08..2026-08-28,VolTarget,-,-1,9443.014429339772,-0.1546771597366469,-0.2429792474287948,-0.1698007905413404,-0.0349463892461151,-0.2058081657599888,24.178468633358545,0.1611730793050961,5.1799481181284825,405
Nifty50,Emerging,3,2025-01-08..2026-08-28,Const1.5x,-,-1,10150.97470614264,0.1460031785549697,0.2169754337335287,-0.2215825998014739,0.0093441967595908,0.042170264126879,3.349650147402084,0.1069371179135583,5.811983911262022,405
Nifty50,Emerging,3,2025-01-08..2026-08-28,Q-Learning,Baseline,0,8496.724026826643,-0.822986419617702,-0.6863154308690756,-0.216478424961274,-0.0961691812961831,-0.4442437222690559,104.0363066430612,-1.9961803622363252,26.488351510165742,405
Nifty50,Emerging,3,2025-01-08..2026-08-28,Q-Learning,Baseline,1,9611.930059418171,-0.2767771387676304,-0.2341358751752787,-0.0989112146377515,-0.0242676176055949,-0.2453474835409344,68.60957566948697,0.9327987719492338,28.244259925129843,405
Nifty50,Emerging,3,2025-01-08..2026-08-28,Q-Learning,Baseline,2,9734.881460916517,-0.1214221808903745,-0.1120373359374719,-0.1414503334726972,-0.0165393989512326,-0.1169272531570821,87.02665874030635,0.259700102246208,25.254135697547547,405
Nifty50,Emerging,3,2025-01-08..2026-08-28,Q-Learning,+VolFore,0,9402.54633792372,-0.3267754935952202,-0.3726464677567828,-0.1744552335427306,-0.0375154924479561,-0.2150436629839033,130.40664266494684,1.9302677586317305,38.26807787919039,405
Nifty50,Emerging,3,2025-01-08..2026-08-28,Q-Learning,+VolFore,1,9413.667986320172,-0.5076531468251584,-0.51109689685503,-0.1070251865271025,-0.0368090211048945,-0.3439285863354166,95.85813012660128,0.5229068636984529,20.76676851349452,405
Nifty50,Emerging,3,2025-01-08..2026-08-28,Q-Learning,+VolFore,2,10405.810347628922,0.2647404464650015,0.2915967140497669,-0.1190853681840844,0.0249979017351504,0.2099158117922457,116.71009064517126,1.6600537892596017,37.00239155253605,405
Nifty50,Emerging,3,2025-01-08..2026-08-28,PPO,Baseline,0,10183.405851601276,0.1625751045447848,0.2394146124728739,-0.2550274610162275,0.0113445444828792,0.0444836192840931,12.602868953015934,0.1188737066449029,6.237330838140754,405
Nifty50,Emerging,3,2025-01-08..2026-08-28,PPO,Baseline,1,10420.00023938575,0.2343925421850925,0.3395805614760011,-0.1884215523525387,0.0258652397805174,0.1372732548768415,5.517731029619293,0.0419948429635197,6.175605737137395,405
Nifty50,Emerging,3,2025-01-08..2026-08-28,PPO,Baseline,2,10234.313281358043,0.1722994815378444,0.2536360276935576,-0.2250995484644669,0.0144796398569113,0.0643254949004605,4.729065045894525,0.1669296528811425,6.557657601370934,405
Nifty50,Emerging,3,2025-01-08..2026-08-28,PPO,+VolFore,0,9975.256698239264,0.0994907152391359,0.1366580604405412,-0.2485014159026146,-0.0015365126648304,-0.0061831143265051,8.46393785686641,-0.2213614614545647,6.654681087248315,405
Nifty50,Emerging,3,2025-01-08..2026-08-28,PPO,+VolFore,1,10238.407925851476,0.1737959972335306,0.2552481634724324,-0.2295673670088892,0.0147315481051242,0.0641709154789828,4.769150825776408,0.149457756136415,6.462033705008183,405
Nifty50,Emerging,3,2025-01-08..2026-08-28,PPO,+VolFore,2,10110.200111957776,0.1241316606272967,0.1562106129552594,-0.201206460691765,0.0068257832800375,0.0339242748793255,9.797628098607568,-0.5027702236420313,9.940751542051364,405
Bovespa,Emerging,0,2020-01-24..2021-09-17,BuyHold,-,-1,9399.363092985264,0.0858043201734982,0.096986547714244,-0.4638165168198985,-0.0374463451315389,-0.0807352558037488,1.0015557241991997,-1.0402988365023744,15.580079647550484,408
Bovespa,Emerging,0,2020-01-24..2021-09-17,VolTarget,-,-1,9805.22499833462,0.0271571105333127,0.0347070475100394,-0.2262298875671662,-0.0120460779496424,-0.0532470668625194,8.80573707275902,-0.9077157581155076,6.520781740092781,408
Bovespa,Emerging,0,2020-01-24..2021-09-17,Const1.5x,-,-1,8283.676535598752,0.0782007039718655,0.0883551678213444,-0.6271209534162278,-0.1095403341298142,-0.1746717814688234,6.067916630869591,-1.0449445529106285,15.585247204493792,408
Bovespa,Emerging,0,2020-01-24..2021-09-17,Q-Learning,Baseline,0,5860.896262647106,-0.4859565821311128,-0.4109273598959861,-0.564450564323894,-0.2804945713409665,-0.4969338132852247,179.40878417506528,-1.6461705918172045,32.53672018492406,408
Bovespa,Emerging,0,2020-01-24..2021-09-17,Q-Learning,Baseline,1,6605.813224556321,-0.4887560714547636,-0.3766092073180374,-0.4896821347166199,-0.2254491423987707,-0.4603989535554085,125.03031612372344,-1.7050553959715715,34.16140590609286,408
Bovespa,Emerging,0,2020-01-24..2021-09-17,Q-Learning,Baseline,2,9642.533020938854,-0.0519813704321875,-0.054436950864684,-0.1744874892782443,-0.0221785172469279,-0.1271066329084154,114.7727550387299,0.3256583823562429,17.938969066881217,408
Bovespa,Emerging,0,2020-01-24..2021-09-17,Q-Learning,+VolFore,0,8152.0986667281,-0.3954446062780533,-0.4125169196508871,-0.2795864210183312,-0.1182817736765111,-0.4230597939816716,168.37941787102852,-0.3648376257376375,12.33039806177379,408
Bovespa,Emerging,0,2020-01-24..2021-09-17,Q-Learning,+VolFore,1,7135.042202865604,-0.3939122068161859,-0.3668490948607533,-0.4072469262366145,-0.1877827672418869,-0.4611029700745296,198.15898324828416,0.5793804097579593,57.99117202783406,408
Bovespa,Emerging,0,2020-01-24..2021-09-17,Q-Learning,+VolFore,2,7412.119763039863,-0.3902234100009599,-0.3787473416882259,-0.3594735738769608,-0.1684914327976453,-0.4687171604298434,198.8711814620668,0.2936264609893529,45.20371679006964,408
Bovespa,Emerging,0,2020-01-24..2021-09-17,PPO,Baseline,0,6387.887001111911,-0.0088590136954053,-0.009656944989918,-0.7416392794390253,-0.2412942066437937,-0.3253525175014772,34.907034261578175,-1.1415425030679267,17.730124826309098,408
Bovespa,Emerging,0,2020-01-24..2021-09-17,PPO,Baseline,1,7874.274786879041,0.169410663451656,0.1855531958054375,-0.7416392794390254,-0.1369191154385047,-0.1846168605604135,30.70535024373973,-1.137099652450272,17.947666429941126,408
Bovespa,Emerging,0,2020-01-24..2021-09-17,PPO,Baseline,2,6674.347388000891,-0.0116456937729331,-0.0122866647485077,-0.7317188325654005,-0.2205077827386492,-0.3013558937184237,19.66378549714469,-1.3068591060445276,21.80309549300519,408
Bovespa,Emerging,0,2020-01-24..2021-09-17,PPO,+VolFore,0,7633.032310475883,0.1355198046651524,0.1461357653928894,-0.747678891249205,-0.1533082014254433,-0.2050455124780832,41.688107059164864,-1.1749970811955883,18.80476988111193,408
Bovespa,Emerging,0,2020-01-24..2021-09-17,PPO,+VolFore,1,7357.21645028797,0.0808345590059659,0.0857869748144003,-0.7305700987112961,-0.172291744236804,-0.2358319133789977,32.036722517035365,-1.2852817402354808,21.279941643088787,408
Bovespa,Emerging,0,2020-01-24..2021-09-17,PPO,+VolFore,2,8618.440868942675,0.1848423136621927,0.2022110119305636,-0.6807073421114099,-0.0875370441431347,-0.1285971793274402,38.36030275104781,-1.0364085871807434,17.534200508857822,408
Bovespa,Emerging,1,2021-09-20..2023-05-11,BuyHold,-,-1,9931.227296795045,0.0856974732472413,0.1343936538019257,-0.2093361849140413,-0.0042429511063692,-0.0202685986089375,1.0014852545550412,0.0038967143021386,3.438355878428569,408
Bovespa,Emerging,1,2021-09-20..2023-05-11,VolTarget,-,-1,9325.551531497624,-0.1878223072237633,-0.2821577778423142,-0.1968541794581678,-0.0421106250215101,-0.2139178611152877,20.612916434086312,-0.1217224993214668,3.5152964801857323,408
Bovespa,Emerging,1,2021-09-20..2023-05-11,Const1.5x,-,-1,9585.269177971555,0.0763944838670602,0.1198063909141902,-0.3003906539206252,-0.0257604898260556,-0.0857566288756,4.689940158200272,0.0039575117728922,3.438099654253956,408
Bovespa,Emerging,1,2021-09-20..2023-05-11,Q-Learning,Baseline,0,8656.21610518649,-1.2564703800687511,-0.607548813859868,-0.1501552383639366,-0.0850749412913947,-0.5665799090180853,37.56119478047826,-5.287021957041799,71.46523078062313,408
Bovespa,Emerging,1,2021-09-20..2023-05-11,Q-Learning,Baseline,1,9805.59223315266,-0.1722990841157914,-0.1067613168376643,-0.0649869194800978,-0.0120232799318975,-0.1850107687500815,48.99822178526662,-0.528053553335373,51.055371904205934,408
Bovespa,Emerging,1,2021-09-20..2023-05-11,Q-Learning,Baseline,2,9203.108926583003,-0.2532713036696881,-0.2123566513637417,-0.1952241419757642,-0.0498793606419798,-0.2554979119740043,123.9182761182904,-0.6229809143547418,16.69689832671131,408
Bovespa,Emerging,1,2021-09-20..2023-05-11,Q-Learning,+VolFore,0,8145.65854797172,-1.0543513606716008,-0.8668094330049086,-0.1998485617155644,-0.1187110108916164,-0.5940048298169815,103.15361007578746,-0.8316067354489807,21.293644995416624,408
Bovespa,Emerging,1,2021-09-20..2023-05-11,Q-Learning,+VolFore,1,8169.353992553467,-1.0100189222626814,-0.7525616098580236,-0.2119276348928584,-0.1171323384851628,-0.552699691778409,105.30124049325369,-2.550210011749905,32.233561917061635,408
Bovespa,Emerging,1,2021-09-20..2023-05-11,Q-Learning,+VolFore,2,8987.854536104423,-0.4102621143927528,-0.3635131149330107,-0.1800056301005774,-0.0636337060583409,-0.3535095320209282,149.89822215337026,-0.6310037690027493,13.551597488367678,408
Bovespa,Emerging,1,2021-09-20..2023-05-11,PPO,Baseline,0,10598.910777236037,0.2780905334103812,0.4039839644515043,-0.3037048990608058,0.0364882431494033,0.120143742370049,56.2492557709565,0.1034249877874123,4.891991015057146,408
Bovespa,Emerging,1,2021-09-20..2023-05-11,PPO,Baseline,1,9566.73235147546,0.1006579528212789,0.1506443531137144,-0.3102711288938892,-0.0269217655716016,-0.0867685165148638,50.76641339419661,0.138178636690309,4.605604286895273,408
Bovespa,Emerging,1,2021-09-20..2023-05-11,PPO,Baseline,2,9779.735576037,0.1431670317031902,0.2220167737128772,-0.3380240979914605,-0.0136292687019212,-0.0403204055061934,27.993373116019463,0.0987392211234134,4.145343463014793,408
Bovespa,Emerging,1,2021-09-20..2023-05-11,PPO,+VolFore,0,9593.134796348711,0.1182250999993072,0.1839531368655884,-0.3465145316814137,-0.025267993325172,-0.0729204434875781,31.378509740251253,0.0937185243954913,4.004568506130998,408
Bovespa,Emerging,1,2021-09-20..2023-05-11,PPO,+VolFore,1,9358.48705523952,0.0891164282718755,0.1389118667838663,-0.3606824617750649,-0.0400276281041573,-0.1109774728359515,28.63488082912226,0.0711238409974605,3.751744244812762,408
Bovespa,Emerging,1,2021-09-20..2023-05-11,PPO,+VolFore,2,9609.911514801955,0.120418884552433,0.1847447031164246,-0.3394730835209318,-0.0242180563046705,-0.0713401370542119,37.29039316121375,0.1126576094782611,4.177114971209585,408
Bovespa,Emerging,2,2023-05-12..2024-12-27,BuyHold,-,-1,11071.80812868486,0.5227204960301861,0.8730271875339982,-0.1243228681267473,0.0647427259706086,0.5207628085291799,1.0014967192526771,0.0013802836353782,3.324092802618464,408
Bovespa,Emerging,2,2023-05-12..2024-12-27,VolTarget,-,-1,10671.29356758654,0.3754527550947963,0.643330274170765,-0.1145182253695031,0.0408438418608381,0.3566580055593353,18.97508758331921,0.0786596375106113,3.012300539762756,408
Bovespa,Emerging,2,2023-05-12..2024-12-27,Const1.5x,-,-1,11478.3285249861,0.513333798829114,0.8573261662929692,-0.1833982789522748,0.0886629608912346,0.4834448905260646,3.611417637287212,0.0013078220594741,3.3243508700540216,408
Bovespa,Emerging,2,2023-05-12..2024-12-27,Q-Learning,Baseline,0,8591.123049068214,-0.9867745338887128,-0.6192846330539274,-0.1905150340312799,-0.0893201384825455,-0.4688351181115266,74.99852799638818,0.2473989928124642,30.81107786666328,408
Bovespa,Emerging,2,2023-05-12..2024-12-27,Q-Learning,Baseline,1,10795.191953809655,0.7696368681524549,0.5435295330395244,-0.0300984764257838,0.0482731382620711,1.603839927894626,50.20720777601974,6.174373847895644,81.74795151764003,408
Bovespa,Emerging,2,2023-05-12..2024-12-27,Q-Learning,Baseline,2,10567.005315049788,0.5394257800871295,0.529141276079924,-0.0366998180887531,0.0345647235626822,0.941822749043352,46.44657146572147,5.651816956540454,71.13313427233022,408
Bovespa,Emerging,2,2023-05-12..2024-12-27,Q-Learning,+VolFore,0,9641.609514738086,-0.180144379379433,-0.2132301303158242,-0.0867317644069831,-0.0222362195930886,-0.2563791910019292,121.33964015608184,0.6497720545904772,18.64935308894126,408
Bovespa,Emerging,2,2023-05-12..2024-12-27,Q-Learning,+VolFore,1,10609.46489736292,0.4176699110322693,0.4611967324267771,-0.065935628313255,0.037124041559317,0.5630346219251992,87.69693467747408,0.6005852113967771,15.454134746645682,408
Bovespa,Emerging,2,2023-05-12..2024-12-27,Q-Learning,+VolFore,2,10121.164879276472,0.1239514964981274,0.1471463989545422,-0.1062732276886737,0.007448150790035,0.0700849212163219,112.4152697849288,0.9578078401334904,18.70658844126805,408
Bovespa,Emerging,2,2023-05-12..2024-12-27,PPO,Baseline,0,10437.148231320172,0.2373243574627278,0.3393572166980949,-0.184286291429077,0.0267127724233997,0.1449525746929216,34.21116292798466,-0.3687602785955791,6.444688669154718,408
Bovespa,Emerging,2,2023-05-12..2024-12-27,PPO,Baseline,1,10150.821061828756,0.1363357726475089,0.1810626868432593,-0.1537452254656616,0.0092659282132776,0.060268071318331,17.85797125525697,-0.8471337903354798,11.3176773000072,408
Bovespa,Emerging,2,2023-05-12..2024-12-27,PPO,Baseline,2,10399.14623266564,0.2286750093364384,0.3207173169480707,-0.1635080880625714,0.0244078586328297,0.1492761546042914,24.692237309461422,-0.4388565982226771,6.665736105383986,408
Bovespa,Emerging,2,2023-05-12..2024-12-27,PPO,+VolFore,0,10266.09911334202,0.1853454880708823,0.2471974302201444,-0.1559254697642923,0.0163126249632552,0.1046180908597544,20.41261578552773,-0.6524171229355195,10.251284366801274,408
Bovespa,Emerging,2,2023-05-12..2024-12-27,PPO,+VolFore,1,10960.880575005896,0.4001432729622022,0.6251021906991417,-0.1770303263985269,0.0581573435868032,0.3285162761071351,10.448339595975506,-0.2578548555657984,4.777056295253144,408
Bovespa,Emerging,2,2023-05-12..2024-12-27,PPO,+VolFore,2,10756.169228933555,0.3524868689471779,0.518247557845371,-0.1590592748240555,0.0459367736226996,0.2888028609034217,21.398480004308848,-0.3627119921260223,6.283236832186082,408
Bovespa,Emerging,3,2024-12-30..2026-08-19,BuyHold,-,-1,13931.938854167754,1.3140386490657077,2.0289861446374013,-0.1627025476071822,0.2266787409061055,1.3932095362882069,1.0015065223118025,-0.0185235856397854,4.278273486985031,408
Bovespa,Emerging,3,2024-12-30..2026-08-19,VolTarget,-,-1,13064.52524646318,1.1829741217570762,1.7963031166796974,-0.1408479030097627,0.1790428068224836,1.2711783632930782,20.607116387607707,-0.1061760415652706,4.443648791742444,408
Bovespa,Emerging,3,2024-12-30..2026-08-19,Const1.5x,-,-1,16111.000674429106,1.305159065563378,2.0151837873619254,-0.2370749899800465,0.3415776941478814,1.440800204927519,3.898795311010058,-0.0185941040833358,4.278278774071057,408
Bovespa,Emerging,3,2024-12-30..2026-08-19,Q-Learning,Baseline,0,9107.323923605409,-0.7222178216235791,-0.4346918373095608,-0.13964610989197,-0.0559844188001721,-0.4009021006247912,85.03921750189538,-0.6903083368088743,40.1267550895875,408
Bovespa,Emerging,3,2024-12-30..2026-08-19,Q-Learning,Baseline,1,10383.922141687704,0.3795922896124944,0.3207581338004087,-0.0606534070040085,0.0234835736133023,0.3871764963073408,49.304265876931474,3.753104473150681,76.1567421032542,408
Bovespa,Emerging,3,2024-12-30..2026-08-19,Q-Learning,Baseline,2,9411.50528264752,-0.4852403567190578,-0.5133778143713958,-0.0776832825042483,-0.0366804079750109,-0.4721789140737295,74.66168089364115,-0.1622553345990316,19.27827468904104,408
Bovespa,Emerging,3,2024-12-30..2026-08-19,Q-Learning,+VolFore,0,9514.394338800372,-0.4465312966341661,-0.3681544954140675,-0.0880734485486587,-0.0302052543012087,-0.3429552810592861,77.81502207229696,0.2061423620088141,22.32735230111909,408
Bovespa,Emerging,3,2024-12-30..2026-08-19,Q-Learning,+VolFore,1,9064.089935363336,-0.4478976214317121,-0.5191633621524266,-0.1530694117704816,-0.0587480958942395,-0.3838003636020043,177.61911433606605,0.5621352851502863,9.57396305957241,408
Bovespa,Emerging,3,2024-12-30..2026-08-19,Q-Learning,+VolFore,2,8671.728574369585,-0.9297163072552456,-0.858584250950723,-0.1392721743067,-0.0840650693223897,-0.6036027637269534,91.65290429940616,-0.0006235605349503,19.862982027884,408
Bovespa,Emerging,3,2024-12-30..2026-08-19,PPO,Baseline,0,14399.865374193432,1.0231475972109856,1.517926799759538,-0.2723662431812457,0.2519024125041718,0.9248664943240372,22.71984334992361,0.0152009272012521,4.825334372443624,408
Bovespa,Emerging,3,2024-12-30..2026-08-19,PPO,Baseline,1,14663.28437579328,1.1252772202485892,1.699804761972208,-0.2397488348000126,0.2659635884988196,1.109342569775427,23.696941381341876,0.101252026349154,5.106492065541754,408
Bovespa,Emerging,3,2024-12-30..2026-08-19,PPO,Baseline,2,15254.24284704131,1.1556944408643126,1.7491687451563978,-0.2537484021909308,0.2971606147280392,1.1710836882561817,22.03683048901888,0.0927473569994772,4.763235607554433,408
Bovespa,Emerging,3,2024-12-30..2026-08-19,PPO,+VolFore,0,15033.025502831875,1.1676904063101998,1.781775417405302,-0.2546848259261358,0.2855377074546696,1.1211414202444896,26.10810399803566,0.0216514936482293,4.434939143327608,408
Bovespa,Emerging,3,2024-12-30..2026-08-19,PPO,+VolFore,1,14988.780088723155,1.1849448107746727,1.805229057455087,-0.2358550356413485,0.2832051652104976,1.200759459891079,16.0617773645323,0.0478183471208588,4.579088553637347,408
Bovespa,Emerging,3,2024-12-30..2026-08-19,PPO,+VolFore,2,14007.689911370842,1.031316513298672,1.5128423897553014,-0.2359763003987668,0.230783927378009,0.9779962097339374,25.33543725857548,0.2170618147372286,6.258024917537993,408
KOSPI,Emerging,0,2020-01-03..2021-08-20,BuyHold,-,-1,14040.53754710845,0.982968103645528,1.28353514530753,-0.3570889779916473,0.2344672132367591,0.656607253897338,1.0015194442361866,-0.0196319085700836,9.182039331208946,405
KOSPI,Emerging,0,2020-01-03..2021-08-20,VolTarget,-,-1,12013.357108025326,0.6732952033685855,0.8730786296251503,-0.2939623918882793,0.1205903054416615,0.4102235822298035,20.86581322335055,-0.6358994080863689,5.474583321258207,405
KOSPI,Emerging,0,2020-01-03..2021-08-20,Const1.5x,-,-1,15962.695207314177,0.9748100759042064,1.2723989488304557,-0.4898717541161333,0.3367984411394886,0.6875237004560111,4.744611967839568,-0.0223651330514023,9.179054386984935,405
KOSPI,Emerging,0,2020-01-03..2021-08-20,Q-Learning,Baseline,0,7976.981680945131,-0.6567856216500976,-0.6320163454473764,-0.2228111953977129,-0.1308950345271754,-0.5874706353643643,143.6294149177489,-1.0392050055289497,16.51286862923644,405
KOSPI,Emerging,0,2020-01-03..2021-08-20,Q-Learning,Baseline,1,9883.228028850412,0.0574099477999789,0.0659329684749828,-0.2233860428478155,-0.0072640537613914,-0.0325179392085283,185.70229748569665,0.0898338315911466,10.464142011111354,405
KOSPI,Emerging,0,2020-01-03..2021-08-20,Q-Learning,Baseline,2,9840.202139517369,0.077509664470821,0.0818102006944146,-0.3623790704902546,-0.0099487703180245,-0.0274540422672248,154.83163623723095,2.5204160610696897,41.15353174831924,405
KOSPI,Emerging,0,2020-01-03..2021-08-20,Q-Learning,+VolFore,0,8691.689777353567,-0.3217306459401368,-0.3101033342694059,-0.3022490376729537,-0.0833519528651512,-0.2757724342370475,135.07388834420766,-0.2175625562421028,18.96408087872988,405
KOSPI,Emerging,0,2020-01-03..2021-08-20,Q-Learning,+VolFore,1,10617.551608630743,0.3149854564243262,0.3133444754809276,-0.2347170832198694,0.0378941494012972,0.1614460646890312,138.26300901594553,-0.4726951885156794,12.119871995216895,405
KOSPI,Emerging,0,2020-01-03..2021-08-20,Q-Learning,+VolFore,2,9380.80308988698,-0.2241566897395222,-0.2250218822761875,-0.1530084817872394,-0.0388975872198523,-0.2542185032179184,142.44410997891242,-0.2962819921742317,11.128980083154213,405
KOSPI,Emerging,0,2020-01-03..2021-08-20,PPO,Baseline,0,15173.333962833489,0.8303863437696684,1.024453380009421,-0.5544739904987727,0.2953738147963949,0.5327099554844061,15.923581583343449,-0.0958048098169552,12.681052529101278,405
KOSPI,Emerging,0,2020-01-03..2021-08-20,PPO,Baseline,1,14726.93513040722,0.7708682677989327,0.9310763257856022,-0.5791102603265302,0.2715856299145534,0.4689705027173087,35.325200227472905,0.0928204058553228,13.565808136529482,405
KOSPI,Emerging,0,2020-01-03..2021-08-20,PPO,Baseline,2,15093.917807749009,0.8662026029953513,1.0713991503890046,-0.5192040302798235,0.2911614169127361,0.5607842002983966,17.128212235730537,0.1595233404767913,13.771064674820654,405
KOSPI,Emerging,0,2020-01-03..2021-08-20,PPO,+VolFore,0,15928.799848627814,0.9108910219095516,1.1637777707204378,-0.5376953800333955,0.3350358585197288,0.6230960334795831,12.052329847900223,0.0303455636577072,10.526880697446494,405
KOSPI,Emerging,0,2020-01-03..2021-08-20,PPO,+VolFore,1,17001.69211947314,0.9853041465886596,1.284594266426481,-0.5468542835304291,0.3901577700579344,0.7134583778669644,9.590154166103414,-0.0207562028081631,9.240882922267586,405
KOSPI,Emerging,0,2020-01-03..2021-08-20,PPO,+VolFore,2,15277.233961019396,0.8731320841791191,1.0712667403765552,-0.5066704416992918,0.3008722807817283,0.5938224455566362,31.792872542923384,0.5531550261599235,14.42204304518205,405
KOSPI,Emerging,1,2021-08-23..2023-04-17,BuyHold,-,-1,8323.381219929324,-0.5709258159629258,-0.8802959804931767,-0.32788383698664,-0.1076588889902352,-0.328344605148358,1.0014814155304044,-0.1778676231058027,3.128843569158071,405
KOSPI,Emerging,1,2021-08-23..2023-04-17,VolTarget,-,-1,7797.119445650229,-0.8100919773577241,-1.2222436961500072,-0.36209743472529,-0.1431108022597419,-0.395227329815025,18.70685235866541,-0.2041963779407617,3.1642681653978944,405
KOSPI,Emerging,1,2021-08-23..2023-04-17,Const1.5x,-,-1,7426.716681674475,-0.5803730886945454,-0.8948329801751495,-0.4571891068252168,-0.1686097148587048,-0.368796439681568,4.130856941870419,-0.1780094207022763,3.1289331131691696,405
KOSPI,Emerging,1,2021-08-23..2023-04-17,Q-Learning,Baseline,0,7231.180030269992,-1.24669508441678,-1.1158926536701856,-0.365078395174737,-0.1822649918565669,-0.4992489127405922,129.7387326826812,-0.8864460779757566,12.40191941905063,405
KOSPI,Emerging,1,2021-08-23..2023-04-17,Q-Learning,Baseline,1,7614.361205136599,-1.6555473077392442,-1.1418620730963809,-0.3254165036738305,-0.1556332515487491,-0.4782586309889934,94.82536964203896,-2.83400728827784,20.090017001795683,405
KOSPI,Emerging,1,2021-08-23..2023-04-17,Q-Learning,Baseline,2,7769.1417838387615,-0.9618834122575056,-0.8664471180481296,-0.3291511094523145,-0.1450205338785564,-0.4405895338448663,155.99135164703,-0.8010950047776767,9.844724592568006,405
KOSPI,Emerging,1,2021-08-23..2023-04-17,Q-Learning,+VolFore,0,7543.907613077827,-1.3801426759933455,-1.3554325247332173,-0.3128885706071416,-0.1604910556067778,-0.5129335830159649,163.87341877883662,-0.5984276802810831,10.430937542222978,405
KOSPI,Emerging,1,2021-08-23..2023-04-17,Q-Learning,+VolFore,1,8402.887725804825,-0.6635868423857282,-0.6334403945042714,-0.2570720279585651,-0.1023777908089683,-0.3982455486174925,170.29522580643317,-0.6169878994188085,13.078057418038536,405
KOSPI,Emerging,1,2021-08-23..2023-04-17,Q-Learning,+VolFore,2,6070.050094639086,-1.754737462111381,-1.814436520670944,-0.4576903600030815,-0.2664500563542969,-0.5821622643568916,175.27148143099592,-0.813238426577283,9.075786801978776,405
KOSPI,Emerging,1,2021-08-23..2023-04-17,PPO,Baseline,0,7261.534418833342,-0.5667263182740396,-0.8584999329514184,-0.4827450876959119,-0.180136097100122,-0.3731495186404034,20.01001633698974,-0.1560796573421133,3.351406885864792,405
KOSPI,Emerging,1,2021-08-23..2023-04-17,PPO,Baseline,1,7431.624129439648,-0.6105311618889152,-0.9103103828454802,-0.4397719765775847,-0.1682687702175751,-0.3826273141065106,12.15063237167458,-0.2270254380120403,3.329659862416672,405
KOSPI,Emerging,1,2021-08-23..2023-04-17,PPO,Baseline,2,6976.195864445151,-0.585113246055869,-0.902125739612088,-0.5140337869819607,-0.2002841136695278,-0.389632196834888,6.357969019290005,-0.1780817845805234,3.128978474858749,405
KOSPI,Emerging,1,2021-08-23..2023-04-17,PPO,+VolFore,0,6976.195864445151,-0.585113246055869,-0.902125739612088,-0.5140337869819607,-0.2002841136695278,-0.389632196834888,6.357969019290005,-0.1780817845805234,3.128978474858749,405
KOSPI,Emerging,1,2021-08-23..2023-04-17,PPO,+VolFore,1,7358.371818702619,-0.6098584445629783,-0.9321795664541322,-0.4597373900955805,-0.1733668885902787,-0.3770998233444929,6.206200337536807,-0.2100507270925091,3.090823692745834,405
KOSPI,Emerging,1,2021-08-23..2023-04-17,PPO,+VolFore,2,7980.6581201471745,-0.511639182925352,-0.7482339828796154,-0.3736266453744217,-0.1306464365574811,-0.3496710905781545,19.98396356205024,-0.1722753642466871,3.815000239208548,405
KOSPI,Emerging,2,2023-04-18..2024-12-13,BuyHold,-,-1,9687.402404943092,-0.0190218707809117,-0.0249817466428483,-0.1835716885207004,-0.0195193238234834,-0.1063307963263409,1.0015021860196462,-0.8722955840240567,12.655341221599448,405
KOSPI,Emerging,2,2023-04-18..2024-12-13,VolTarget,-,-1,8903.805938039002,-0.3086134913392674,-0.4171303596855432,-0.2157979886555764,-0.0695304830368694,-0.3222017196254833,19.00652182586713,-0.6188867975794193,7.862380516671966,405
KOSPI,Emerging,2,2023-04-18..2024-12-13,Const1.5x,-,-1,9312.165899759017,-0.0274794904492508,-0.036083848706793,-0.2695598734249935,-0.0432684575356165,-0.1605152020057456,3.950094364118685,-0.8736697184394024,12.662252708922756,405
KOSPI,Emerging,2,2023-04-18..2024-12-13,Q-Learning,Baseline,0,9732.824281298212,-0.1193000138874143,-0.0842711759999277,-0.1170537420906803,-0.0166683991636904,-0.1423995411495278,71.76637127767277,-2.094850729381668,29.514424323190045,405
KOSPI,Emerging,2,2023-04-18..2024-12-13,Q-Learning,Baseline,1,9358.969477190736,-0.3034479906666758,-0.2716268791472372,-0.1717553659702176,-0.0402866492034118,-0.2345583148194799,82.75066645768725,4.696978137504986,90.99585765076218,405
KOSPI,Emerging,2,2023-04-18..2024-12-13,Q-Learning,Baseline,2,10891.555447925795,0.4929520074638762,0.5431985550017276,-0.0980525978640541,0.0544386621976966,0.5551985707978733,101.49277452614548,1.2117616522245445,14.002169991794888,405
KOSPI,Emerging,2,2023-04-18..2024-12-13,Q-Learning,+VolFore,0,7832.958372330319,-1.1863407370799368,-1.1161273348256566,-0.2797913352606048,-0.1406682603425402,-0.5027613175047592,128.22558447448404,0.7278778640272536,26.19534441040877,405
KOSPI,Emerging,2,2023-04-18..2024-12-13,Q-Learning,+VolFore,1,8718.509950683023,-0.657219784098739,-0.6597112897795399,-0.207173976024008,-0.0815973428092055,-0.3938590375818043,131.78365495696977,-0.4406987286090909,17.300648718326737,405
KOSPI,Emerging,2,2023-04-18..2024-12-13,Q-Learning,+VolFore,2,7841.976399879019,-0.8796222778693704,-0.916747361169759,-0.2385804412572322,-0.1400543198031092,-0.5870318583723243,162.6357982309791,1.2906563584787,22.33716603964213,405
KOSPI,Emerging,2,2023-04-18..2024-12-13,PPO,Baseline,0,10311.496604675607,0.1993503017271663,0.2730818451148094,-0.192044949658837,0.0192216571977286,0.1000893657020156,12.65219762635452,-0.5111806388294627,12.028074094872885,405
KOSPI,Emerging,2,2023-04-18..2024-12-13,PPO,Baseline,1,9312.165899759017,-0.0274794904492508,-0.036083848706793,-0.2695598734249935,-0.0432684575356165,-0.1605152020057456,3.950094364118685,-0.8736697184394024,12.662252708922756,405
KOSPI,Emerging,2,2023-04-18..2024-12-13,PPO,Baseline,2,9595.933397579978,0.0441598036755863,0.0587250857656442,-0.2487478693988626,-0.025275851165342,-0.1016123323038842,8.599733336529244,-0.7870400275903664,12.350156475433671,405
KOSPI,Emerging,2,2023-04-18..2024-12-13,PPO,+VolFore,0,9290.256932205892,0.04093441017384,0.0528497909966719,-0.3092740585830962,-0.0446662083660499,-0.1444227445733362,15.61806526199008,-0.9727089568462236,14.947425162393737,405
KOSPI,Emerging,2,2023-04-18..2024-12-13,PPO,+VolFore,1,8999.968116219028,-0.0597220981772227,-0.0765920528251908,-0.3007916157750934,-0.0633057721624767,-0.2104638854348954,13.457804140605695,-0.9692233549220972,14.16185582797136,405
KOSPI,Emerging,2,2023-04-18..2024-12-13,PPO,+VolFore,2,9840.687446544607,0.0718154753274216,0.0960899835146626,-0.2005118855700124,-0.0099184634768766,-0.0494657134594844,6.197380674257237,-0.7517341158578537,12.160676520145966,405
KOSPI,Emerging,3,2024-12-16..2026-08-19,BuyHold,-,-1,25959.8210162242,1.588483937710939,1.8405009567603616,-0.3863042960479462,0.8078099629298376,2.091123425734528,1.0015242089759298,-0.0147902482276559,10.063555481120906,405
KOSPI,Emerging,3,2024-12-16..2026-08-19,VolTarget,-,-1,21554.826495462126,2.334409848294203,2.9485465714425727,-0.1365185361685518,0.6107481460877515,4.473737876365894,14.415428065860068,-0.5516933784005329,5.390642204200064,405
KOSPI,Emerging,3,2024-12-16..2026-08-19,Const1.5x,-,-1,36999.16124206624,1.58087577612611,1.831243339515251,-0.5343211046184337,1.2525312323071307,2.3441545195921782,6.789484074251024,-0.0160829210025998,10.063757008970155,405
KOSPI,Emerging,3,2024-12-16..2026-08-19,Q-Learning,Baseline,0,9879.549941168243,0.1391413956899308,0.1060752543856954,-0.3871666466279698,-0.0074933844496868,-0.0193544162828362,127.65177721530809,-3.0810767629569,36.61009350037288,405
KOSPI,Emerging,3,2024-12-16..2026-08-19,Q-Learning,Baseline,1,12426.5058221074,0.5493745307791867,0.4717728460985181,-0.3744544861579513,0.1443568284690226,0.3855123487764678,114.74877062369208,1.297018066881234,33.31562094302019,405
KOSPI,Emerging,3,2024-12-16..2026-08-19,Q-Learning,Baseline,2,16095.931096034576,0.9467013793505468,0.9923272261655044,-0.2982858844040846,0.3437130885238708,1.152294179824796,102.13152142875846,1.3362703508075724,24.51603133611613,405
KOSPI,Emerging,3,2024-12-16..2026-08-19,Q-Learning,+VolFore,0,9999.71933215916,0.1564620779259222,0.129079024170613,-0.3841032624816374,-1.7420855267125113e-05,-4.535461415903122e-05,152.79300506356444,-1.9203440061775348,24.04440145834013,405
KOSPI,Emerging,3,2024-12-16..2026-08-19,Q-Learning,+VolFore,1,11244.700416213174,0.3819371742617679,0.3347265485376378,-0.3619299124575942,0.075530740747004,0.208688859768243,144.89749160379338,0.7265638819032079,39.12283859788276,405
KOSPI,Emerging,3,2024-12-16..2026-08-19,Q-Learning,+VolFore,2,10465.07485978669,0.282583048946703,0.2979361078385771,-0.3897242089422343,0.0286173982305977,0.0734298705954035,112.1881243104594,3.984430260781188,61.73150091638952,405
KOSPI,Emerging,3,2024-12-16..2026-08-19,PPO,Baseline,0,39645.22680724441,1.4754884004081474,1.729811075789903,-0.6344105763986231,1.3512072252064669,2.129862387974006,17.498152467918366,0.3501161430571174,11.788270054808647,405
KOSPI,Emerging,3,2024-12-16..2026-08-19,PPO,Baseline,1,38570.07188548245,1.4576275128177505,1.7013409382435996,-0.6344105764045527,1.311423841705648,2.0671531819912605,22.75114050660628,0.3571628648948114,11.999701421711212,405
KOSPI,Emerging,3,2024-12-16..2026-08-19,PPO,Baseline,2,43037.49822495985,1.58165187628849,1.830843255793068,-0.5978359985501337,1.4741286986553228,2.4657743967039463,11.810662548831612,-0.0168962433593449,10.079382904565406,405
KOSPI,Emerging,3,2024-12-16..2026-08-19,PPO,+VolFore,0,36566.47020226748,1.4654467669155342,1.6700877664350804,-0.5978359985501336,1.2361442596132657,2.0676979349003464,15.8624142918101,0.0153361437413415,10.909750375058904,405
KOSPI,Emerging,3,2024-12-16..2026-08-19,PPO,+VolFore,1,28339.51101690256,1.2153722564218448,1.3411465469585848,-0.6547861271267434,0.908953076539106,1.38816789006554,17.329160448081936,0.158189002049211,12.721298837206392,405
KOSPI,Emerging,3,2024-12-16..2026-08-19,PPO,+VolFore,2,33395.56675626199,1.3202672417106602,1.4769823347441051,-0.6547861271267436,1.1137237735005583,1.7008970217282564,30.420698141900044,0.0770871657366225,11.478177779071611,405
MexIPC,Emerging,0,2020-01-24..2021-09-15,BuyHold,-,-1,11544.143288731831,0.5159473002671733,0.6942318886981178,-0.2729289130869504,0.091108232931824,0.3338167140337553,1.0015388685300912,-0.4606156415697795,5.390318119022711,414
MexIPC,Emerging,0,2020-01-24..2021-09-15,VolTarget,-,-1,11422.899962337053,0.5322446101052144,0.7720356076270238,-0.2057462178455267,0.084135297699373,0.4089275544405508,15.857805773203898,-0.3234105953811039,3.5818421612351368,414
MexIPC,Emerging,0,2020-01-24..2021-09-15,Const1.5x,-,-1,11999.423472047456,0.5072745044258811,0.6824260648061716,-0.3847294499127812,0.1170393489643246,0.3042120871967391,4.554418780932999,-0.4615739731146105,5.391005000604148,414
MexIPC,Emerging,0,2020-01-24..2021-09-15,Q-Learning,Baseline,0,7741.854464815285,-0.6530894830897571,-0.5294500656841631,-0.3568435074645019,-0.1439414450971634,-0.403374146049383,138.3999967756101,-2.8348377391995454,31.653410675891298,414
MexIPC,Emerging,0,2020-01-24..2021-09-15,Q-Learning,Baseline,1,7698.676420836737,-0.6325758430444388,-0.60997133855613,-0.3367972211115686,-0.1468438000703007,-0.4360006284648671,141.82476527904075,-0.7663852043230802,14.14274308815354,414
MexIPC,Emerging,0,2020-01-24..2021-09-15,Q-Learning,Baseline,2,8420.35698339695,-0.2993970497613892,-0.2774846376638296,-0.3719349596040711,-0.0991374712715473,-0.2665451813855137,118.63386344921982,-0.7670888521434813,14.359249500450844,414
MexIPC,Emerging,0,2020-01-24..2021-09-15,Q-Learning,+VolFore,0,6348.452953428761,-0.9056437819302644,-0.8515095022314988,-0.4481100658522444,-0.2411180098531832,-0.5380776470487703,137.03030037391753,-1.119000191382569,18.13639986486596,414
MexIPC,Emerging,0,2020-01-24..2021-09-15,Q-Learning,+VolFore,1,6881.724546043354,-0.6637908707950806,-0.64686464352269,-0.4410012650786188,-0.2030242658184453,-0.4603711642001551,165.9686554139017,-1.5401401236371988,20.05588843837748,414
MexIPC,Emerging,0,2020-01-24..2021-09-15,Q-Learning,+VolFore,2,7749.817616357866,-0.514878014332606,-0.4574225801241325,-0.398451558071205,-0.1434068706452888,-0.359910427604104,139.75841418275428,-1.7582406359503893,20.872978589118237,414
MexIPC,Emerging,0,2020-01-24..2021-09-15,PPO,Baseline,0,11602.320420093012,0.4280242009281035,0.5594971237765329,-0.4794282210304542,0.0944438934458218,0.1969927703518011,18.295585559713988,-0.5431292364148826,6.175352066003189,414
MexIPC,Emerging,0,2020-01-24..2021-09-15,PPO,Baseline,1,11956.60518946908,0.4846589693514437,0.5940705264829972,-0.4771579507976461,0.1146172352958043,0.2402081639925795,41.81968697717861,-0.7779588531743994,8.666145357816022,414
MexIPC,Emerging,0,2020-01-24..2021-09-15,PPO,Baseline,2,11409.958564272543,0.4065510278491857,0.5230026152321942,-0.4303686504664141,0.0833893001200434,0.1937624871827353,10.352822501827546,-0.6099100007591239,6.465282448102662,414
MexIPC,Emerging,0,2020-01-24..2021-09-15,PPO,+VolFore,0,11512.860981981532,0.4234914849060173,0.5446071910105371,-0.4277718768464049,0.089311892336702,0.2087839270662512,10.087852812766888,-0.6144160496054705,6.702300587891069,414
MexIPC,Emerging,0,2020-01-24..2021-09-15,PPO,+VolFore,1,11803.605698257532,0.4681101651935594,0.6049511378007717,-0.4175655896475897,0.1059344947456042,0.2536954609568174,9.097790569571776,-0.5697622650179619,6.944820351865213,414
MexIPC,Emerging,0,2020-01-24..2021-09-15,PPO,+VolFore,2,10627.254259767144,0.2763709695777729,0.3335197301064156,-0.420398167435441,0.0376326732781557,0.0895167395891309,10.15450036137487,-0.8671931300328661,8.90898734123708,414
MexIPC,Emerging,1,2021-09-17..2023-05-11,BuyHold,-,-1,10706.049540928316,0.3465378087811803,0.5935114686101426,-0.2116734825913421,0.0422975971176549,0.1998247328840666,1.0015268525501466,0.0598245208492142,2.8205580385799567,414
MexIPC,Emerging,1,2021-09-17..2023-05-11,VolTarget,-,-1,9684.281073004977,-0.0317082689571762,-0.0518456815881458,-0.2488560410527348,-0.0192920096109749,-0.0775227699086047,20.457411818199464,-0.0187371919206407,3.0392697476588237,414
MexIPC,Emerging,1,2021-09-17..2023-05-11,Const1.5x,-,-1,10877.483765020734,0.3370286673502318,0.5771570706862145,-0.3043972049968735,0.0524006976173385,0.1721457909500339,3.913874489633765,0.059606122487705,2.8206501302324254,414
MexIPC,Emerging,1,2021-09-17..2023-05-11,Q-Learning,Baseline,0,9349.086635123464,-0.4400686897746205,-0.337640883644919,-0.137756970825502,-0.0400464843697926,-0.2907038687735749,90.70884990872096,-0.3425922503156616,20.076873064156487,414
MexIPC,Emerging,1,2021-09-17..2023-05-11,Q-Learning,Baseline,1,9818.63589461915,-0.0478120532225894,-0.0458824072679969,-0.1239410554122558,-0.011052511958681,-0.0891755514089237,81.60417383861684,1.4549869794503931,18.483768553082086,414
MexIPC,Emerging,1,2021-09-17..2023-05-11,Q-Learning,Baseline,2,8727.616255480121,-1.0265104403969303,-0.900970416070741,-0.18300660357374,-0.0793169980557804,-0.4334105792165434,94.69369264102222,0.3172772241218528,15.818897912611424,414
MexIPC,Emerging,1,2021-09-17..2023-05-11,Q-Learning,+VolFore,0,8953.278995522283,-0.4884932472913525,-0.6265435898143586,-0.2693165820347012,-0.064934241939664,-0.2411074782281924,142.494678616174,1.0156658779598913,10.945805535473507,414
MexIPC,Emerging,1,2021-09-17..2023-05-11,Q-Learning,+VolFore,1,8130.683071789012,-1.028845370716558,-1.0563168419485192,-0.2923404045770792,-0.1180853933315158,-0.4039311415127264,115.75807030537446,-0.032048270127377,11.075727155325506,414
MexIPC,Emerging,1,2021-09-17..2023-05-11,Q-Learning,+VolFore,2,9629.813259407048,-0.1386324473164645,-0.1513467997707621,-0.2375683275334988,-0.0226451010867526,-0.0953203708666266,126.6499383131006,0.4794575277493233,14.80037001433346,414
MexIPC,Emerging,1,2021-09-17..2023-05-11,PPO,Baseline,0,10914.413310141888,0.3322739441341414,0.5689808197573345,-0.3476054422167053,0.0545688504114891,0.156985028955078,5.972869462639464,0.0594969646681236,2.8206948841487938,414
MexIPC,Emerging,1,2021-09-17..2023-05-11,PPO,Baseline,1,10455.934437491953,0.2332368490499007,0.3774430667331623,-0.3443091596299663,0.0274428713648571,0.0797041571425827,19.871520563151456,-0.033735564314664,3.141384348978911,414
MexIPC,Emerging,1,2021-09-17..2023-05-11,PPO,Baseline,2,10804.11448531621,0.3242925976024,0.5307532735200414,-0.3138840007962634,0.0480845519919901,0.1531921087722078,19.217419090368963,0.0293574290742582,3.1865486580999547,414
MexIPC,Emerging,1,2021-09-17..2023-05-11,PPO,+VolFore,0,10544.636868427971,0.2541210121533336,0.4171670333965067,-0.3481807464321582,0.0327268552937847,0.0939938684980314,20.97426572772314,0.0186959046972471,3.170735380711148,414
MexIPC,Emerging,1,2021-09-17..2023-05-11,PPO,+VolFore,1,10209.407109493071,0.1730911535846328,0.2782211305978483,-0.353635806798925,0.0126640141614005,0.0358108933481539,20.01444309689053,-0.034230570132567,3.1947542164993425,414
MexIPC,Emerging,1,2021-09-17..2023-05-11,PPO,+VolFore,2,10771.760942433744,0.3063645880833545,0.500890694482528,-0.3477132500151155,0.0461776116115857,0.1328037157325628,17.855402009947923,0.0203304570413076,3.1980899244541288,414
MexIPC,Emerging,2,2023-05-12..2025-01-03,BuyHold,-,-1,8896.375897268683,-0.40059282958918,-0.5839576010075598,-0.1681798273467242,-0.0685474395887701,-0.4075841952616783,1.0014959769368588,-0.3555104816865018,7.407442751401223,414
MexIPC,Emerging,2,2023-05-12..2025-01-03,VolTarget,-,-1,8161.03178897725,-0.6044198502461243,-0.7997640409603504,-0.2279768518674713,-0.1160879504561545,-0.509209375884926,22.067155243197764,-1.10933689875249,14.150723824568768,414
MexIPC,Emerging,2,2023-05-12..2025-01-03,Const1.5x,-,-1,8248.385189889379,-0.4094072538330562,-0.5967824782738089,-0.2484751688025815,-0.1103548851121482,-0.4441284239528305,3.662166778141102,-0.3558691097893511,7.406172635418229,414
MexIPC,Emerging,2,2023-05-12..2025-01-03,Q-Learning,Baseline,0,7961.508737513096,-1.0112484203356469,-0.6130822935045891,-0.2572964372892819,-0.1292739662862605,-0.5024320105156125,78.71839294407772,-8.207661171515182,133.32237954819004,414
MexIPC,Emerging,2,2023-05-12..2025-01-03,Q-Learning,Baseline,1,8317.66882896277,-1.1265623978382484,-0.837826618784956,-0.2011239397294578,-0.1058246912011016,-0.5261665585057934,67.64291065684169,-3.79086960976225,53.543505771139415,414
MexIPC,Emerging,2,2023-05-12..2025-01-03,Q-Learning,Baseline,2,8419.794098900154,-0.9017742199971592,-0.634865676572812,-0.1754105579232179,-0.0991740396288628,-0.5653823852023131,90.03124318387748,-4.182079849757405,90.10811202574556,414
MexIPC,Emerging,2,2023-05-12..2025-01-03,Q-Learning,+VolFore,0,7719.583029921013,-1.1401610967518856,-0.8922108487424982,-0.2627543060638297,-0.1454376970361809,-0.553512135402633,117.81146870092718,-7.356915874896852,120.67364436737148,414
MexIPC,Emerging,2,2023-05-12..2025-01-03,Q-Learning,+VolFore,1,8121.776637075322,-0.881431542470154,-0.6844591481525156,-0.2411753563166486,-0.1186721381994976,-0.492057480546214,118.21765959159302,-6.774536611165909,110.864649521362,414
MexIPC,Emerging,2,2023-05-12..2025-01-03,Q-Learning,+VolFore,2,7841.835146802146,-1.0105703788019422,-0.8372990705198174,-0.2333232235374145,-0.1372452094573947,-0.5882192409998078,115.33092345888063,-6.208058491747464,100.78846842842404,414
MexIPC,Emerging,2,2023-05-12..2025-01-03,PPO,Baseline,0,7756.089083389366,-0.4222049526303916,-0.5992860121892081,-0.2973140466977103,-0.1429860125422822,-0.4809258564469384,14.687763620920286,-0.538757595481674,9.002937815374747,414
MexIPC,Emerging,2,2023-05-12..2025-01-03,PPO,Baseline,1,8021.0080908302625,-0.4341731981802582,-0.616969479143789,-0.2655140620375187,-0.125328346963463,-0.4720215042519344,15.290178411863614,-0.4996265987070803,9.230944149735716,414
MexIPC,Emerging,2,2023-05-12..2025-01-03,PPO,Baseline,2,7912.389626533381,-0.4604981346052398,-0.6528712445564174,-0.270085713604385,-0.1325399685803938,-0.4907329855071285,12.765182012393876,-0.5365149319728946,8.661462940563244,414
MexIPC,Emerging,2,2023-05-12..2025-01-03,PPO,+VolFore,0,8289.250705309854,-0.3575092157742798,-0.5121403096248108,-0.2539476726642743,-0.1076810445938371,-0.4240284758812117,13.246509757661745,-0.4737670799580637,9.43434460019333,414
MexIPC,Emerging,2,2023-05-12..2025-01-03,PPO,+VolFore,1,8308.058580937708,-0.3869078311507778,-0.5667622205532479,-0.2430382215574962,-0.1064521810057167,-0.4380059248421345,3.998035175202664,-0.2994360810450062,7.538952730564548,414
MexIPC,Emerging,2,2023-05-12..2025-01-03,PPO,+VolFore,2,8995.207965607127,-0.3047970345563645,-0.455004193028378,-0.157084306268239,-0.0622776310954442,-0.3964599174452334,17.16567630512647,0.1553727672872162,9.292116431853737,414
MexIPC,Emerging,3,2025-01-06..2026-08-28,BuyHold,-,-1,13211.235855564151,1.1043856967105037,1.7574299215031566,-0.1070882041878355,0.1842417217167427,1.720467002993694,1.0014867227857536,0.0590071870655177,5.036185629317041,414
MexIPC,Emerging,3,2025-01-06..2026-08-28,VolTarget,-,-1,12508.658424312223,0.8886795861953248,1.4040884086709498,-0.118754752736377,0.1455898792641687,1.2259709688094491,18.165637068071,-0.0855662956706039,4.350595012086066,414
MexIPC,Emerging,3,2025-01-06..2026-08-28,Const1.5x,-,-1,14874.317787050257,1.095385071580831,1.7428635863471846,-0.1625517580908675,0.2726493688447573,1.6773080281953467,3.948878397655347,0.0585795905329504,5.035583670379733,414
MexIPC,Emerging,3,2025-01-06..2026-08-28,Q-Learning,Baseline,0,9116.514663060974,-0.5171259008132648,-0.4732328725914662,-0.1909267327353928,-0.054618919009537,-0.28607266372147,97.14984617051398,-0.109928030192267,15.354345427035575,414
MexIPC,Emerging,3,2025-01-06..2026-08-28,Q-Learning,Baseline,1,11123.556543396651,0.5854008212849313,0.7499687432073769,-0.1110650893464985,0.0667938212107035,0.6013934855958217,119.64994886973744,2.2515744029228006,22.99331813960109,414
MexIPC,Emerging,3,2025-01-06..2026-08-28,Q-Learning,Baseline,2,9996.584740150993,0.0549349362096169,0.0536323594908004,-0.130358724243703,-0.0002073983651218,-0.0015909818565923,99.63323694847983,2.83984157119222,37.684417370226384,414
MexIPC,Emerging,3,2025-01-06..2026-08-28,Q-Learning,+VolFore,0,11611.761746352706,0.8526879588529368,1.0102246924947849,-0.0970254243922089,0.0949846038347947,0.9789661259285664,85.0889200770303,2.6718049783919344,24.603333461950232,414
MexIPC,Emerging,3,2025-01-06..2026-08-28,Q-Learning,+VolFore,1,10553.113338212504,0.3229453936008012,0.3689683567320153,-0.1181609232818516,0.033230881089429,0.2812341014793998,125.8425992340599,1.1745769178540124,18.633163350726527,414
MexIPC,Emerging,3,2025-01-06..2026-08-28,Q-Learning,+VolFore,2,11088.126834749271,0.7031777687123896,0.7155101349662849,-0.0588708639492915,0.0647292549670066,1.09951257079668,95.40620627473864,1.4920958553018948,26.595819367649984,414
MexIPC,Emerging,3,2025-01-06..2026-08-28,PPO,Baseline,0,14264.912243209234,1.0796120155924291,1.756021737943371,-0.1622292081746087,0.2407282218663347,1.483877191866417,11.196118468754715,0.5829886589436962,7.988256257366028,414
MexIPC,Emerging,3,2025-01-06..2026-08-28,PPO,Baseline,1,15190.567469664707,1.0768190545539924,1.7309212151847335,-0.1855262893653316,0.2890120637791904,1.557795742944659,19.1384834659702,0.2196402413592969,5.390683173251558,414
MexIPC,Emerging,3,2025-01-06..2026-08-28,PPO,Baseline,2,15165.92852507393,1.0546005722769731,1.6359077177456678,-0.1973572299465903,0.2877420865057114,1.457975907860702,35.10605904458755,0.2853825486074436,6.405757261091368,414
MexIPC,Emerging,3,2025-01-06..2026-08-28,PPO,+VolFore,0,15481.9888264007,1.1494659498650444,1.8737416396784925,-0.1746708490664736,0.3039720763234972,1.7402564763744623,12.977210175065537,0.2851265686010839,5.623007379376609,414
MexIPC,Emerging,3,2025-01-06..2026-08-28,PPO,+VolFore,1,14410.939313135805,1.0326944451696627,1.627191653567615,-0.1774329939462707,0.248425258210839,1.4001074585072135,21.917602481585533,0.2975722327416646,6.070982817438242,414
MexIPC,Emerging,3,2025-01-06..2026-08-28,PPO,+VolFore,2,14821.664020055414,1.105683229009997,1.7465229665519444,-0.1629410764830671,0.2699118576115351,1.65649978161233,14.176330287668588,0.1400410563530745,5.562962648098389,414
Vietnam,Frontier,0,2020-01-15..2021-09-08,BuyHold,-,-1,12404.667794119709,0.6024559717829922,0.6952774351593096,-0.3967662521549323,0.1394387821139868,0.3514381108683263,1.0015016811734443,-0.8588945987583683,9.741693619773082,415
Vietnam,Frontier,0,2020-01-15..2021-09-08,VolTarget,-,-1,10595.148668445778,0.2900951982055527,0.3423434801977641,-0.2689702876941518,0.0356406327713336,0.1325076947225055,13.03780135298815,-1.073001241668815,6.32420780851986,415
Vietnam,Frontier,0,2020-01-15..2021-09-08,Const1.5x,-,-1,13041.381716763211,0.5944726570224427,0.6886774799923965,-0.5406876431382286,0.1745175013896975,0.3227695391306711,5.2845969793321,-0.8600204276734837,9.742918446508387,415
Vietnam,Frontier,0,2020-01-15..2021-09-08,Q-Learning,Baseline,0,8353.537013132927,-0.5339104114022444,-0.4939835736070084,-0.2652254829451309,-0.1032497775985907,-0.3892905630774608,154.81254492360267,-1.485573217704071,26.29874888332013,415
Vietnam,Frontier,0,2020-01-15..2021-09-08,Q-Learning,Baseline,1,8489.246222439255,-0.1802395442253982,-0.1330015677114333,-0.3983274842496369,-0.0944527675091724,-0.2371234003269042,141.73270208273905,-2.833235864127091,49.38545297831834,415
Vietnam,Frontier,0,2020-01-15..2021-09-08,Q-Learning,Baseline,2,9192.1187036447,-0.2304409557798261,-0.1760853855642049,-0.1926094552837714,-0.0497490538096174,-0.2582897798867865,121.02730847258304,-2.346217334226773,40.1704675219341,415
Vietnam,Frontier,0,2020-01-15..2021-09-08,Q-Learning,+VolFore,0,9979.651398177331,0.0908229713327801,0.0839964910774993,-0.2183511444002912,-0.0012331505764395,-0.0056475571942653,150.9504177988887,-1.3774108818869928,21.28582744038549,415
Vietnam,Frontier,0,2020-01-15..2021-09-08,Q-Learning,+VolFore,1,8086.221772074953,-0.740292839876203,-0.5486823070530584,-0.2860354730006272,-0.1207443814211532,-0.4221307943174809,113.52369018566873,-4.151478092488243,60.01138277487813,415
Vietnam,Frontier,0,2020-01-15..2021-09-08,Q-Learning,+VolFore,2,9497.24887913615,-0.1015741937413932,-0.0855740421629984,-0.2199165695376872,-0.0307641976469867,-0.1398903125467988,139.5052701611633,-2.541547686064451,34.444549445185174,415
Vietnam,Frontier,0,2020-01-15..2021-09-08,PPO,Baseline,0,13158.097086135009,0.5873164155108371,0.6529390085545697,-0.6433093301221403,0.180873846978667,0.2811615478109803,34.48516022447048,-1.005783657685405,12.575441002600536,415
Vietnam,Frontier,0,2020-01-15..2021-09-08,PPO,Baseline,1,12790.636534459063,0.5550039865949696,0.6092496478341942,-0.6319955521184836,0.1607855156391788,0.2544092519321736,20.234824415446365,-1.0076802755808287,13.530474200122006,415
Vietnam,Frontier,0,2020-01-15..2021-09-08,PPO,Baseline,2,10793.947964640753,0.3158737366198662,0.3311953189631009,-0.5067511491868393,0.0473687623542071,0.0934753920738497,24.542581766117586,-2.232012864895117,18.617412846110795,415
Vietnam,Frontier,0,2020-01-15..2021-09-08,PPO,+VolFore,0,9371.06345328631,0.1002419436864877,0.0983785223272504,-0.567346233214172,-0.0385857151051308,-0.0680108773904502,22.57537008746013,-2.6848726991223297,21.97929227202686,415
Vietnam,Frontier,0,2020-01-15..2021-09-08,PPO,+VolFore,1,8058.912987557054,-0.0440787859603184,-0.0449171819952719,-0.6273008351734712,-0.1225443650372443,-0.1953518282869192,27.70214103156543,-2.005371171574791,14.25349226784488,415
Vietnam,Frontier,0,2020-01-15..2021-09-08,PPO,+VolFore,2,7872.07942417632,-0.1536920870019626,-0.1462701065551008,-0.5969057361800443,-0.1349241334184878,-0.2260392642257415,41.858564566641135,-2.6652159302207807,22.680796886494207,415
Vietnam,Frontier,1,2021-09-09..2023-05-04,BuyHold,-,-1,6011.557039365208,-1.2695069504284058,-1.7803818792107362,-0.4937297688596792,-0.2652880423957373,-0.5373142539245924,1.00150453292551,-0.2278815078370569,4.65462278009248,415
Vietnam,Frontier,1,2021-09-09..2023-05-04,VolTarget,-,-1,6495.911138744972,-1.5443144288847803,-2.078918935359741,-0.417955476304227,-0.2299780192615687,-0.5502452588840324,16.313917376532245,-0.549744581060346,4.867013097677757,415
Vietnam,Frontier,1,2021-09-09..2023-05-04,Const1.5x,-,-1,4494.591908136508,-1.2784406904969523,-1.7887183022938165,-0.6475694467909209,-0.3839578195769577,-0.5929214565002977,4.766392139131567,-0.2282693674793559,4.654588768843827,415
Vietnam,Frontier,1,2021-09-09..2023-05-04,Q-Learning,Baseline,0,5473.009232035835,-2.9588987140576952,-2.0397962312856186,-0.4624309343186303,-0.3058945173348411,-0.6614923324385736,104.32172266633135,-3.639140147201384,25.973095699934984,415
Vietnam,Frontier,1,2021-09-09..2023-05-04,Q-Learning,Baseline,1,6079.661857224576,-1.704488902941564,-1.4554895166103,-0.4056280160004891,-0.2602570999335066,-0.6416151983263187,123.04156587735906,-2.094824610527364,23.73267779488323,415
Vietnam,Frontier,1,2021-09-09..2023-05-04,Q-Learning,Baseline,2,7633.761400725489,-1.2262471413415683,-1.016477234769691,-0.3004832702370021,-0.1508847500837159,-0.5021402687883605,102.63597365683376,-1.3547888760090645,12.93995267503218,415
Vietnam,Frontier,1,2021-09-09..2023-05-04,Q-Learning,+VolFore,0,4422.436518928827,-2.943907698235676,-2.710590218793313,-0.5648213643812774,-0.3899678770312251,-0.6904269236658876,158.47341412810616,-1.199801133658569,11.89907964071604,415
Vietnam,Frontier,1,2021-09-09..2023-05-04,Q-Learning,+VolFore,1,6174.445198035494,-2.1381410970170966,-1.9722619301488125,-0.4289042062950946,-0.2532922215314556,-0.59055662736167,154.321164334848,-0.7215996146468481,12.68913699768823,415
Vietnam,Frontier,1,2021-09-09..2023-05-04,Q-Learning,+VolFore,2,6491.03631312234,-1.4398623620695796,-1.4655146933754954,-0.3769550387256899,-0.2303281204644517,-0.6110227926451739,181.7565821124256,-0.3175817018329837,16.73056343709958,415
Vietnam,Frontier,1,2021-09-09..2023-05-04,PPO,Baseline,0,3491.7058352355843,-1.3263488089439248,-1.824127986240233,-0.7398937126741996,-0.4713280505976274,-0.6370212944416953,14.230979642361945,-0.2682313621795235,4.950191518502414,415
Vietnam,Frontier,1,2021-09-09..2023-05-04,PPO,Baseline,1,4282.87900779126,-1.2485169037217088,-1.7062173710615496,-0.6658424923048649,-0.4017029213624984,-0.6033002189021756,25.884124882020764,-0.2560581254417756,5.102770071405354,415
Vietnam,Frontier,1,2021-09-09..2023-05-04,PPO,Baseline,2,4495.496909595896,-1.260103524978138,-1.691462930530499,-0.6473665349084409,-0.3838826816104043,-0.5929912358909702,23.398908934147123,-0.2560964620530541,5.971826063717981,415
Vietnam,Frontier,1,2021-09-09..2023-05-04,PPO,+VolFore,0,3554.70231787893,-1.6038763918547247,-1.9675890307649344,-0.6847966448085894,-0.4655705001556681,-0.6798667950324465,33.087041798389244,-0.4174300141825728,7.308758070297943,415
Vietnam,Frontier,1,2021-09-09..2023-05-04,PPO,+VolFore,1,3190.068417211539,-1.5255350891121904,-2.026013188753467,-0.7430345825385061,-0.4994847594708521,-0.6722227621811873,27.361947953324027,-0.3629607097286973,5.287539923068311,415
Vietnam,Frontier,1,2021-09-09..2023-05-04,PPO,+VolFore,2,3829.9546476748505,-1.6852484416934148,-2.212989452891108,-0.664730385116022,-0.4408716327368893,-0.663233760044347,33.317458717562445,-0.4689767588796683,5.337524841810552,415
Vietnam,Frontier,2,2023-05-05..2024-12-30,BuyHold,-,-1,10129.781743168202,0.1443457927583,0.1909256603769545,-0.2594490220824016,0.0078417870594151,0.0302247701550186,1.0014945372268194,-0.5135613660553735,5.926798629783046,415
Vietnam,Frontier,2,2023-05-05..2024-12-30,VolTarget,-,-1,9741.129862241434,-0.0223137059755911,-0.0308107225776691,-0.2159067611349445,-0.0157625530247569,-0.0730062965227481,16.163035178356687,-0.4033411495355039,5.061570664360195,415
Vietnam,Frontier,2,2023-05-05..2024-12-30,Const1.5x,-,-1,9860.29745368394,0.1357401375505413,0.1797035217733504,-0.3678936657454124,-0.0084862073012811,-0.0230670111812434,4.545060520946211,-0.5140864472972148,5.927634808963091,415
Vietnam,Frontier,2,2023-05-05..2024-12-30,Q-Learning,Baseline,0,6658.192555970409,-1.2494268712281884,-0.9743346963459172,-0.343377085272005,-0.2183817115291331,-0.63598219245034,161.95264041483048,-1.442599106249148,36.745811901130594,415
Vietnam,Frontier,2,2023-05-05..2024-12-30,Q-Learning,Baseline,1,10522.003226427783,0.3029770403141068,0.1951396507178835,-0.1194365418191818,0.031303636970722,0.2620943012386556,45.51165608280074,1.7571743868278376,43.49727035101554,415
Vietnam,Frontier,2,2023-05-05..2024-12-30,Q-Learning,Baseline,2,8473.871226603564,-0.6113327812672069,-0.3832752902268073,-0.1997168248748421,-0.0954466140717343,-0.4779097310958685,88.36429608986532,-1.6281358312698433,44.48635398625126,415
Vietnam,Frontier,2,2023-05-05..2024-12-30,Q-Learning,+VolFore,0,9744.768747029297,-0.0638783887225926,-0.0603636803870112,-0.1475418824811754,-0.0155398459095456,-0.1053249805960891,138.71529677754788,2.196431318507997,39.67143436922001,415
Vietnam,Frontier,2,2023-05-05..2024-12-30,Q-Learning,+VolFore,1,8600.690300425193,-0.4709615234544198,-0.3878091208317935,-0.230260931661657,-0.0872700673415353,-0.3790050996119047,166.73332495892268,-0.0150921384154441,34.68112607009958,415
Vietnam,Frontier,2,2023-05-05..2024-12-30,Q-Learning,+VolFore,2,8494.522102453797,-0.600375843193527,-0.4932139714100841,-0.1980796611446731,-0.0941118958396932,-0.4751214501042629,125.36148002403088,-0.2222470517523667,32.42043159687928,415
Vietnam,Frontier,2,2023-05-05..2024-12-30,PPO,Baseline,0,8775.803727399945,-0.0149950717514407,-0.0185045867656021,-0.4317362855466016,-0.0760574882452967,-0.1761665414544151,30.186840189043505,-0.7335700306938339,7.720757173715737,415
Vietnam,Frontier,2,2023-05-05..2024-12-30,PPO,Baseline,1,9636.892068686837,0.1259525307331739,0.1597644017408768,-0.4473545883475787,-0.0221561114072381,-0.0495269568800624,19.338358136845667,-0.5602938739469876,7.394491193271308,415
Vietnam,Frontier,2,2023-05-05..2024-12-30,PPO,Baseline,2,9802.19288659368,0.1584465784262227,0.2105871500017019,-0.4143040543879907,-0.0120297018879411,-0.0290359260560034,8.953712789940537,-0.4886810094500008,5.877859809668523,415
Vietnam,Frontier,2,2023-05-05..2024-12-30,PPO,+VolFore,0,9754.887665636174,0.1297458423322434,0.1594924009453944,-0.4392400420805879,-0.0149207198858891,-0.0339693981795896,21.03123236885233,-0.614085753444363,8.967265339274551,415
Vietnam,Frontier,2,2023-05-05..2024-12-30,PPO,+VolFore,1,9819.312688259031,0.1112166443222309,0.1369930841608569,-0.3688907468548603,-0.010984796026615,-0.0297779115367923,26.12515105504176,-0.5651281328489212,9.324948025102309,415
Vietnam,Frontier,2,2023-05-05..2024-12-30,PPO,+VolFore,2,9654.180594568552,0.1092548620051438,0.1340450889971131,-0.4199565516283614,-0.021093818628281,-0.0502285737570722,19.886936579203404,-0.6292602615929804,9.251654412158146,415
Vietnam,Frontier,3,2024-12-31..2026-08-28,BuyHold,-,-1,15845.3543504447,1.1083312805473795,1.5688276072883325,-0.2061128880573312,0.3215830318280159,1.5602276735698637,1.001494090425951,0.2117711758956062,12.5847222267156,415
Vietnam,Frontier,3,2024-12-31..2026-08-28,VolTarget,-,-1,12857.530018662956,0.9261055791421314,1.2521812674336126,-0.1440891619589872,0.1644592182332249,1.1413711898671073,14.355955194827551,-0.6941965976154028,9.391349097619942,415
Vietnam,Frontier,3,2024-12-31..2026-08-28,Const1.5x,-,-1,18820.776625871196,1.100073241723784,1.557800331653424,-0.2998173979462096,0.466786727585488,1.5569034044771397,5.472465695574954,0.2102359062949192,12.575487576629758,415
Vietnam,Frontier,3,2024-12-31..2026-08-28,Q-Learning,Baseline,0,10384.318425474485,0.2877466293595794,0.2562889569176114,-0.0871163430806512,0.0231075430209639,0.2652492311265411,61.06530159893816,3.3179652398252992,36.32872726486504,415
Vietnam,Frontier,3,2024-12-31..2026-08-28,Q-Learning,Baseline,1,10576.320520831796,0.2964301967402905,0.2890395250788773,-0.100574908324512,0.0345253909247076,0.3432803618668559,110.2307849249945,0.91006283452828,20.766688981156637,415
Vietnam,Frontier,3,2024-12-31..2026-08-28,Q-Learning,Baseline,2,9036.76799410399,-0.110351162679933,-0.1039993163368563,-0.2770740512020713,-0.0595101581442292,-0.2147806981051915,120.06872907295858,2.58481433212724,68.08527968141563,415
Vietnam,Frontier,3,2024-12-31..2026-08-28,Q-Learning,+VolFore,0,11039.031278686563,0.4638614820984153,0.5156597319440908,-0.1250483074482185,0.0617108533979522,0.4934961108770921,144.55654541531774,0.3996333307814362,16.17262905888262,415
Vietnam,Frontier,3,2024-12-31..2026-08-28,Q-Learning,+VolFore,1,15254.012009660672,1.5453505683542683,2.063710354974267,-0.1359138895394051,0.2914822316675116,2.1446095954811035,141.99362373291447,2.748754087136996,22.582609974107346,415
Vietnam,Frontier,3,2024-12-31..2026-08-28,Q-Learning,+VolFore,2,15941.241200386678,1.5029514596487277,1.6072059539894452,-0.1133204388038756,0.3264218785531478,2.8805207780319986,117.460732189415,1.2757722090660262,19.689021174219885,415
Vietnam,Frontier,3,2024-12-31..2026-08-28,PPO,Baseline,0,17289.745135019628,0.9273395976480246,1.2827644948990509,-0.3456679860326127,0.3933012031581326,1.137800487893282,19.57107626543741,0.7184807715917169,19.86962953320114,415
Vietnam,Frontier,3,2024-12-31..2026-08-28,PPO,Baseline,1,18817.16023771809,1.0728968600724418,1.5195193832837968,-0.3251248988181506,0.4666159903954852,1.4351899595823892,25.021558351395303,1.1226146902512515,24.505438732197064,415
Vietnam,Frontier,3,2024-12-31..2026-08-28,PPO,Baseline,2,18266.548854792647,1.0092913301791782,1.4132956217282506,-0.3351449249418922,0.4404674810059474,1.3142597372793334,22.717314001062974,0.8486779466365294,21.672649109591227,415
Vietnam,Frontier,3,2024-12-31..2026-08-28,PPO,+VolFore,0,19026.70577193552,1.007173462584032,1.4102324999138205,-0.3617904401020262,0.4764878397041436,1.31702717066945,23.67476165906732,0.4826738562305516,16.14384039906422,415
Vietnam,Frontier,3,2024-12-31..2026-08-28,PPO,+VolFore,1,18399.255386724697,1.013407841831236,1.412206621873241,-0.342228062100091,0.446797808592948,1.305555733360545,25.33033455125088,0.8098350490696136,21.00790749174733,415
Vietnam,Frontier,3,2024-12-31..2026-08-28,PPO,+VolFore,2,19107.59673808775,1.0611562637527538,1.5138335342239029,-0.3251248988181506,0.4802871968564872,1.477239050595276,29.574211293275425,0.9827784429881584,20.44137180003449,415
BTC,Crypto,0,2021-11-24..2023-01-30,BuyHold,-,-1,4052.282621157573,-0.7486502099110959,-0.962168440184135,-0.7268946218196314,-0.4088649955132126,-0.5624818003043421,1.001478507493735,-0.3085961016771892,6.900634152850083,432
BTC,Crypto,0,2021-11-24..2023-01-30,VolTarget,-,-1,8219.883914681834,-0.5946689093493647,-0.768599519114816,-0.3095210633877803,-0.1078189225201358,-0.3483411479001919,7.808280997714759,-0.325636097159191,7.3238664529992015,432
BTC,Crypto,0,2021-11-24..2023-01-30,Const1.5x,-,-1,2126.879300183104,-0.756844157290323,-0.9725770846484516,-0.8805786732426455,-0.5937852856438741,-0.6743125897617338,8.802617055560077,-0.3093563972878124,6.902226276521146,432
BTC,Crypto,0,2021-11-24..2023-01-30,Q-Learning,Baseline,0,5273.214746496456,-0.8129983979774663,-0.8542477130169961,-0.593595219230051,-0.3109483648575967,-0.5238390653826395,180.72147636613107,-0.4018057490775799,23.89357888787795,432
BTC,Crypto,0,2021-11-24..2023-01-30,Q-Learning,Baseline,1,2944.3345272777874,-1.5555527834996925,-1.5509944909900628,-0.7522167024949771,-0.5091397316074275,-0.6768524680693998,270.30723611783515,-1.489212614355089,10.993721296558242,432
BTC,Crypto,0,2021-11-24..2023-01-30,Q-Learning,Baseline,2,7738.884091872021,-0.2774734368181975,-0.2663839804186836,-0.4322334375716052,-0.1385851830285226,-0.3206257799183885,145.1433420175064,-0.4080356306890478,14.756945865718524,432
BTC,Crypto,0,2021-11-24..2023-01-30,Q-Learning,+VolFore,0,5562.79167998596,-0.6842379706431679,-0.6997539358616363,-0.609493204828373,-0.2891729651460435,-0.474448218380051,197.61614132944968,-1.528397407723875,29.177621041013836,432
BTC,Crypto,0,2021-11-24..2023-01-30,Q-Learning,+VolFore,1,5517.221420749409,-0.723113520540502,-0.8069627730749414,-0.5705407039576579,-0.2925677411772571,-0.5127903042627735,238.33329816632036,0.7299328389906238,21.026055670698472,432
BTC,Crypto,0,2021-11-24..2023-01-30,Q-Learning,+VolFore,2,5071.855629152429,-0.7690071629515828,-0.8293382631955528,-0.6231617899809168,-0.3263858347535625,-0.523757778478417,236.5610220944071,0.3637718765232149,15.90119462375088,432
BTC,Crypto,0,2021-11-24..2023-01-30,PPO,Baseline,0,1182.3560923290106,-0.7755536427655971,-0.96546774390583,-0.9380311358803716,-0.7113627649910932,-0.7583573058294047,36.95301614702727,-0.4337936210256425,8.044159548862071,432
BTC,Crypto,0,2021-11-24..2023-01-30,PPO,Baseline,1,1334.0690228386734,-0.7102978028351655,-0.897380239094131,-0.9257893152804548,-0.6903537015213834,-0.745692016667426,37.93057984461885,-0.3116752089008537,8.23906635935271,432
BTC,Crypto,0,2021-11-24..2023-01-30,PPO,Baseline,2,3083.059825323819,-0.671865516344001,-0.8635535267184565,-0.8256284949659042,-0.4958095942770354,-0.6005238400800474,16.576705842949835,-0.3132258215999781,6.917848252185848,432
BTC,Crypto,0,2021-11-24..2023-01-30,PPO,+VolFore,0,2098.6413700310018,-0.6855562143222892,-0.8022479991123964,-0.8735772357574444,-0.5969328120146408,-0.6833200174869261,70.38411187972602,-0.902758375493428,9.38618193085126,432
BTC,Crypto,0,2021-11-24..2023-01-30,PPO,+VolFore,1,1113.2791264342266,-0.7517924924325182,-0.9581793058734406,-0.9380302665429044,-0.7213001226382598,-0.7689518647365516,35.4780700481422,-0.3071437162183639,7.493019781290744,432
BTC,Crypto,0,2021-11-24..2023-01-30,PPO,+VolFore,2,1472.2401809599162,-0.6961496179275503,-0.8657716869458582,-0.9176640701197392,-0.6720745576407432,-0.7323753642793455,59.30282977284216,-0.4190967956896297,8.427233084684515,432
BTC,Crypto,1,2023-01-31..2024-04-07,BuyHold,-,-1,29932.18048562739,1.808956700369922,2.864092433062209,-0.2005777334291319,0.892805220098801,4.4511681572560775,1.0014674126068617,0.5747437577785754,5.859649853509161,432
BTC,Crypto,1,2023-01-31..2024-04-07,VolTarget,-,-1,15130.680567225383,1.7320589387638008,2.727734820116445,-0.0917361186395015,0.2725508138433461,2.9710305807838577,7.601364687857753,0.5400876874102505,6.1267861529296965,432
BTC,Crypto,1,2023-01-31..2024-04-07,Const1.5x,-,-1,46494.73188809939,1.8010633841467196,2.8511006130484824,-0.2906803548943956,1.4457931992629725,4.973824941775843,6.909303825344613,0.5741029557410221,5.85832583531612,432
BTC,Crypto,1,2023-01-31..2024-04-07,Q-Learning,Baseline,0,13951.744680432696,0.9850882715416543,1.2608268685423227,-0.1585993115744697,0.2138689275264094,1.348485850297273,93.81319963425372,4.162114256676261,40.2966913617749,432
BTC,Crypto,1,2023-01-31..2024-04-07,Q-Learning,Baseline,1,12977.542411894958,0.7630041855565269,0.7122213526259836,-0.2400414823937732,0.1637948778182933,0.6823607160903782,106.04725622109584,0.7768734156265293,29.04700054651961,432
BTC,Crypto,1,2023-01-31..2024-04-07,Q-Learning,Baseline,2,13284.675512199325,0.9177029172499658,1.0319875610413014,-0.1785117276851325,0.1797460833088771,1.006914703245239,93.00009235817298,4.187105240268048,56.43474051508258,432
BTC,Crypto,1,2023-01-31..2024-04-07,Q-Learning,+VolFore,0,22483.574492600277,1.5517384394589266,2.2108314691946847,-0.1675350643894048,0.6024362553444795,3.5958815996908555,185.877895722956,2.8280784828308536,24.274914206707567,432
BTC,Crypto,1,2023-01-31..2024-04-07,Q-Learning,+VolFore,1,13878.234624254952,0.8995015566871696,1.2238716535727088,-0.1696480226136519,0.2101425928056026,1.2386975666844775,142.74466461959926,2.3789776747315545,27.5542036867684,432
BTC,Crypto,1,2023-01-31..2024-04-07,Q-Learning,+VolFore,2,10373.887053817936,0.2170123109950276,0.2306662400054308,-0.2652395941606301,0.0215926060705342,0.0814079290793074,139.0735103159164,0.9690370553972468,22.325348052964973,432
BTC,Crypto,1,2023-01-31..2024-04-07,PPO,Baseline,0,59029.27743193277,1.826936257264088,2.877436218431846,-0.3348314981123966,1.8102863976917831,5.4065594422622025,30.928420928962044,0.6804474306758758,6.76929307146482,432
BTC,Crypto,1,2023-01-31..2024-04-07,PPO,Baseline,1,51348.0688981088,1.880644040414412,3.056746014295381,-0.2906803548943955,1.59128505016306,5.474346729539742,10.641008801350129,0.7598373068298548,6.525158715017817,432
BTC,Crypto,1,2023-01-31..2024-04-07,PPO,Baseline,2,59808.153738033565,1.852856256942991,2.9655085659997247,-0.3331687080690634,1.8318078875808377,5.498139060513509,14.1620060125329,0.6103774374621984,5.886967578441063,432
BTC,Crypto,1,2023-01-31..2024-04-07,PPO,+VolFore,0,47950.46422833408,1.831744273314,3.000640700109844,-0.3182511775618779,1.490072461736302,4.6820642523527,51.17533569984556,0.8226868841353372,7.044922532657608,432
BTC,Crypto,1,2023-01-31..2024-04-07,PPO,+VolFore,1,60111.32425037456,1.7690290639358102,2.814988069063777,-0.3739562667584315,1.840153221698676,4.920771184408199,25.574445171751087,0.653412514436042,6.183090304790896,432
BTC,Crypto,1,2023-01-31..2024-04-07,PPO,+VolFore,2,47315.86448741095,1.836450301932289,3.008269906225076,-0.312119444707301,1.4708398217621128,4.712426113460258,31.23148764263404,0.944833233184186,7.781386937854857,432
BTC,Crypto,2,2024-04-08..2025-06-14,BuyHold,-,-1,14701.417678377113,0.7482663066319647,1.2386905934858168,-0.2814447811620787,0.2514132381515876,0.8932950794561377,1.0015587816269396,0.5526854697909617,5.2198109732282845,432
BTC,Crypto,2,2024-04-08..2025-06-14,VolTarget,-,-1,11692.0379114994,0.6869770038224968,1.1215511240247522,-0.1093457355974891,0.0952447102480971,0.8710418355758277,7.19069094225887,0.468614789950418,4.822187085438908,432
BTC,Crypto,2,2024-04-08..2025-06-14,Const1.5x,-,-1,15855.292084098204,0.7397139470976826,1.223722342022134,-0.4110353074017319,0.307671437745165,0.7485280028357976,7.559692480333004,0.5523952936688812,5.219569169536142,432
BTC,Crypto,2,2024-04-08..2025-06-14,Q-Learning,Baseline,0,10601.60050906687,0.2607856659552027,0.3108322058820184,-0.3232875772320315,0.0345841570856193,0.1069764492085338,200.26345360903045,2.8679415922102254,32.082210811722206,432
BTC,Crypto,2,2024-04-08..2025-06-14,Q-Learning,Baseline,1,21013.23868566237,1.5627040976938669,3.243258062316147,-0.0963487716929687,0.5405877972513893,5.610738857869933,101.00887960182848,7.913497260813855,88.92701809022972,432
BTC,Crypto,2,2024-04-08..2025-06-14,Q-Learning,Baseline,2,10927.867430553752,0.3940573122672854,0.315879314251494,-0.1225663478648597,0.0529968673896403,0.4323932980987712,89.1453627446256,2.3605454874561915,55.12419860589196,432
BTC,Crypto,2,2024-04-08..2025-06-14,Q-Learning,+VolFore,0,11319.365833999527,0.3978622090734163,0.427061041388547,-0.3019708774483294,0.0747902404713056,0.2476736866251463,192.12599246907337,1.3172381952192689,25.181274882672184,432
BTC,Crypto,2,2024-04-08..2025-06-14,Q-Learning,+VolFore,1,6969.001743094048,-0.5669632104978556,-0.5490380610729237,-0.3963277914943532,-0.1895477230714173,-0.4782599836268097,232.8300438442505,-0.6118060152901266,16.199692999612267,432
BTC,Crypto,2,2024-04-08..2025-06-14,Q-Learning,+VolFore,2,11054.364322836253,0.3603267330855207,0.3962540501657142,-0.2773949367982031,0.0600736830944961,0.2165637332377895,159.1899741237554,1.3498852430871962,19.262642740106376,432
BTC,Crypto,2,2024-04-08..2025-06-14,PPO,Baseline,0,17064.981547420186,0.8380046916241302,1.374338228120104,-0.3715570639256193,0.3648419819605608,0.9819271853020546,18.73729886876473,0.9503378274685358,9.249582822077452,432
BTC,Crypto,2,2024-04-08..2025-06-14,PPO,Baseline,1,17728.923971482975,0.840934960273528,1.4222906117203824,-0.36387512414741,0.3954995404753185,1.0869100804868712,20.28753853546383,0.8480753570739912,7.148387552384929,432
BTC,Crypto,2,2024-04-08..2025-06-14,PPO,Baseline,2,13859.605391677374,0.6157420374753385,0.9794652199259586,-0.4419516068905175,0.209196939738786,0.4733480690571084,26.893686671213292,0.5115092521588974,5.692353472891026,432
BTC,Crypto,2,2024-04-08..2025-06-14,PPO,+VolFore,0,17654.88297996237,0.8645530216877726,1.465546562390321,-0.3496625746000724,0.3921047587291633,1.1213804027397354,9.4541127134416,1.1653758733607311,10.30323852696759,432
BTC,Crypto,2,2024-04-08..2025-06-14,PPO,+VolFore,1,17026.658967511354,0.8335780037472554,1.427756521324141,-0.3113419179561865,0.3630573529706471,1.166104954169943,10.93999660739897,1.086166273230207,9.046184188260778,432
BTC,Crypto,2,2024-04-08..2025-06-14,PPO,+VolFore,2,14315.106126986346,0.65644091155996,1.0572285269741877,-0.5115170492888508,0.2321690110640666,0.453883231040669,32.109338908455165,0.4819857782279877,5.241554027711878,432
BTC,Crypto,3,2025-06-15..2026-08-21,BuyHold,-,-1,7410.457285741786,-0.3205460015197982,-0.4508946777411332,-0.5305998300134691,-0.1600535510226479,-0.3016464423260057,1.001486995602606,-0.0691233552376436,9.251670305835288,432
BTC,Crypto,3,2025-06-15..2026-08-21,VolTarget,-,-1,9228.168667463851,-0.266200079740985,-0.3816281461727672,-0.2517044894729475,-0.0456718857966075,-0.1814504218500829,7.069217455441739,-0.1034473873894993,6.15687653212406,432
BTC,Crypto,3,2025-06-15..2026-08-21,Const1.5x,-,-1,5839.981003934385,-0.3288741743121989,-0.4625536692129197,-0.699535300777033,-0.268768836785317,-0.3842105416072478,6.512309044640488,-0.070753214252703,9.245471877518971,432
BTC,Crypto,3,2025-06-15..2026-08-21,Q-Learning,Baseline,0,9029.51120146706,-0.1062044136632685,-0.0619863438219941,-0.2913833602227043,-0.0576826169698878,-0.1979612594404947,67.3561868833925,-2.651190799408742,104.32122581490049,432
BTC,Crypto,3,2025-06-15..2026-08-21,Q-Learning,Baseline,1,5198.718948154848,-1.028134779097975,-0.6640997020772598,-0.4889428630036558,-0.316630476846761,-0.6475817540335914,68.33609125084779,-6.101531379198264,105.869582097571,432
BTC,Crypto,3,2025-06-15..2026-08-21,Q-Learning,Baseline,2,6471.986061424241,-0.8460077533048953,-0.685274584936649,-0.371399184019388,-0.2237055414001152,-0.6023318063828457,62.53854445251226,2.313483393688405,107.5659498923942,432
BTC,Crypto,3,2025-06-15..2026-08-21,Q-Learning,+VolFore,0,7669.705884854231,-0.4711030114656209,-0.4548224817831773,-0.3415133659055056,-0.1430750143668464,-0.4189441136134489,141.22471520480596,0.0170593130404376,19.526190453472204,432
BTC,Crypto,3,2025-06-15..2026-08-21,Q-Learning,+VolFore,1,5706.561131617059,-0.9151407911792092,-1.00807627221153,-0.5977567369450808,-0.2785382352857932,-0.4659725571790889,282.0766875023943,-0.5208487190831184,13.695278463559903,432
BTC,Crypto,3,2025-06-15..2026-08-21,Q-Learning,+VolFore,2,5357.128135879888,-1.0164393775423304,-1.0446373072945674,-0.5838400809491141,-0.3045879687559988,-0.5216975995555608,198.48091700465176,-0.5754517034077348,12.484289733489756,432
BTC,Crypto,3,2025-06-15..2026-08-21,PPO,Baseline,0,5296.482947729672,-0.337258866160705,-0.45714893282651,-0.7286663012733721,-0.3091804885041086,-0.4243101238020472,23.45056086128036,-0.1577428084035792,15.819943312070407,432
BTC,Crypto,3,2025-06-15..2026-08-21,PPO,Baseline,1,4767.953514499335,-0.3263455061396028,-0.4715646401033813,-0.7850243123242554,-0.3501790801184828,-0.4460741847360707,24.048453787568288,0.0455999302719856,8.070386569468535,432
BTC,Crypto,3,2025-06-15..2026-08-21,PPO,Baseline,2,5618.643736296385,-0.2909242066443849,-0.4091678626714639,-0.728344716055641,-0.2850280567236581,-0.3913367536553838,19.03944623625757,-0.0519306241044192,10.973673186044808,432
BTC,Crypto,3,2025-06-15..2026-08-21,PPO,+VolFore,0,5087.552827969324,-0.341628042050756,-0.4773049278626895,-0.7599065478993643,-0.3251732879251103,-0.4279122068675025,13.424668634981272,-0.1123611498352303,9.513718253731447,432
BTC,Crypto,3,2025-06-15..2026-08-21,PPO,+VolFore,1,5381.5638549193445,-0.337278060268175,-0.462312930534951,-0.7277250540372913,-0.3027436559116304,-0.4160137873935294,25.91512125775145,-0.1913549953330865,10.94750597275539,432
BTC,Crypto,3,2025-06-15..2026-08-21,PPO,+VolFore,2,5824.788390207984,-0.4003451989843664,-0.5190045350961602,-0.6604933722936517,-0.2698765434333945,-0.4085984125712019,32.23104448369104,-0.661721478014685,15.8938991175388,432
ETH,Crypto,0,2023-02-27..2024-01-10,BuyHold,-,-1,15775.037635026149,1.120879842830217,1.7885605842142551,-0.2737697304234308,0.435100140525404,1.5892923584022949,1.0015311077832578,0.6397466728894063,6.082026461423618,317
ETH,Crypto,0,2023-02-27..2024-01-10,VolTarget,-,-1,11637.937053129805,1.1206640844614928,1.7799604823237876,-0.0813999458761245,0.1277260841089644,1.5691175557017012,3.522752058110947,0.7070104065644917,7.171861124397685,317
ETH,Crypto,0,2023-02-27..2024-01-10,Const1.5x,-,-1,18355.2365103394,1.1129220863453066,1.7757439633439915,-0.3999779523996919,0.6181446678477236,1.5454468531017318,5.422324887816104,0.6397191932641086,6.08258963201128,317
ETH,Crypto,0,2023-02-27..2024-01-10,Q-Learning,Baseline,0,9989.936708053225,0.0570307287450809,0.0476653440534537,-0.1186520143287199,-0.0007975517321126,-0.006721771531803,29.496417313121736,2.151751920065585,37.676210894056894,317
ETH,Crypto,0,2023-02-27..2024-01-10,Q-Learning,Baseline,1,8682.765027664838,-0.5873538962931086,-0.6484244125440974,-0.2294991113249941,-0.1058932021850624,-0.4614100750684194,77.45234916546045,-0.3586006060417106,20.09129845091609,317
ETH,Crypto,0,2023-02-27..2024-01-10,Q-Learning,Baseline,2,9596.329356278116,-0.0628853941060648,-0.0553578890291646,-0.2501013294679987,-0.0321252245559329,-0.1284488356145064,45.44601435290358,1.4806611125210196,29.97106688229557,317
ETH,Crypto,0,2023-02-27..2024-01-10,Q-Learning,+VolFore,0,9844.50629295726,-0.0192565676404901,-0.0164474813067202,-0.13202921834297,-0.012342151528572,-0.0934804559428476,35.22329879818537,0.052236252651923,49.6873337605372,317
ETH,Crypto,0,2023-02-27..2024-01-10,Q-Learning,+VolFore,1,9136.245528758229,-0.1374702745319105,-0.1620128461266913,-0.228154647090087,-0.0690844126460966,-0.3027964300833015,80.6653796671862,3.8519384124028506,45.51765040933254,317
ETH,Crypto,0,2023-02-27..2024-01-10,Q-Learning,+VolFore,2,9790.989056081646,0.0522263245108956,0.0561168743313499,-0.1796330483152659,-0.0165993623028872,-0.0924070623889991,98.63224191880292,-0.7962356477973727,22.283696344187625,317
ETH,Crypto,0,2023-02-27..2024-01-10,PPO,Baseline,0,18699.39003046442,1.065110557668821,1.696309058706424,-0.4715603008607028,0.6421409238623623,1.3617366065144798,12.52563357196189,0.6466824401903037,6.1298073483792415,317
ETH,Crypto,0,2023-02-27..2024-01-10,PPO,Baseline,1,16406.717560625602,0.9389821628314856,1.421378454872548,-0.4363132608042717,0.4804527674960415,1.1011647150244863,13.473197516672306,0.4546453377806105,6.201409619833195,317
ETH,Crypto,0,2023-02-27..2024-01-10,PPO,Baseline,2,17124.046129945884,1.1168986502235427,1.7821473044784075,-0.3381595978678171,0.5315177839502834,1.571795647085185,2.885991696003218,0.6397301630811065,6.0822988591710585,317
ETH,Crypto,0,2023-02-27..2024-01-10,PPO,+VolFore,0,27449.201612349,1.4828380174103926,2.4887439068401944,-0.3931106552149469,1.225943391131369,3.118570750665416,36.70954672657449,0.983377839117784,7.589236946477468,317
ETH,Crypto,0,2023-02-27..2024-01-10,PPO,+VolFore,1,18355.2365103394,1.1129220863453066,1.7757439633439915,-0.3999779523996919,0.6181446678477236,1.5454468531017318,5.422324887816104,0.6397191932641086,6.08258963201128,317
ETH,Crypto,0,2023-02-27..2024-01-10,PPO,+VolFore,2,18907.16862114153,1.0977462259868422,1.7014025885269513,-0.4454924540642075,0.6565839555382447,1.4738385567404904,25.040505533440424,0.6589680605513445,6.896490549075866,317
ETH,Crypto,1,2024-01-11..2024-11-23,BuyHold,-,-1,12944.359697103277,0.6467301702076933,1.054880460991525,-0.45311533109164,0.226926557071962,0.5008141228078788,1.0015612634755302,0.8080494514429875,7.638019117476161,317
ETH,Crypto,1,2024-01-11..2024-11-23,VolTarget,-,-1,11174.426188476951,0.6585247953708093,1.0701594538394046,-0.147935768291547,0.0919838639585739,0.6217824466674843,4.512123541589599,0.7077340088128343,6.882109149054606,317
ETH,Crypto,1,2024-01-11..2024-11-23,Const1.5x,-,-1,12808.5740668507,0.6383171139569397,1.0409944605135564,-0.6316829102717899,0.2167162279830365,0.3430775543530986,7.174219540612524,0.8075703021811786,7.637790237912102,317
ETH,Crypto,1,2024-01-11..2024-11-23,Q-Learning,Baseline,0,8744.518903357934,-0.1499680339205396,-0.1231118074106617,-0.3476399459030876,-0.1008576251007011,-0.2901209319844025,125.69495821919396,-1.0851507628271762,45.05114538237182,317
ETH,Crypto,1,2024-01-11..2024-11-23,Q-Learning,Baseline,1,8126.905832190551,-0.2566534439531137,-0.2263616578951613,-0.3849424289780281,-0.1515622342514373,-0.3937270169293147,133.39620601175966,-0.1280390516926717,26.180750345177508,317
ETH,Crypto,1,2024-01-11..2024-11-23,Q-Learning,Baseline,2,10579.6455605688,0.3045758059295607,0.2128982275650261,-0.2731154388967239,0.0456641214513011,0.1671971443123046,85.62312252246659,-1.901781712668126,58.963303830223225,317
ETH,Crypto,1,2024-01-11..2024-11-23,Q-Learning,+VolFore,0,7685.45099353857,-0.5342925148697376,-0.4045868226665598,-0.3158807958904412,-0.1882947426452933,-0.596094302326643,113.26614147193403,-3.980931457394204,49.05182816484317,317
ETH,Crypto,1,2024-01-11..2024-11-23,Q-Learning,+VolFore,1,6996.041348211561,-0.496763302377997,-0.4719926019693889,-0.4800747547252251,-0.2465528063621443,-0.5135716967719901,155.2812277516647,-1.593973219586671,26.77616783516776,317
ETH,Crypto,1,2024-01-11..2024-11-23,Q-Learning,+VolFore,2,8004.385327812514,-0.3051325278461676,-0.2797575630574598,-0.3784105218438892,-0.1617144310228467,-0.427351835341232,108.236096401215,0.6151768768497298,35.49547356496735,317
ETH,Crypto,1,2024-01-11..2024-11-23,PPO,Baseline,0,11985.52249827202,0.5577057433806323,0.8689716530158823,-0.5638792669007088,0.1543352014042978,0.2737025644732569,28.724236994997227,1.1175513684119562,10.567044529711998,317
ETH,Crypto,1,2024-01-11..2024-11-23,PPO,Baseline,1,13025.682850451776,0.6425248964623205,1.0479415577925495,-0.5476885616643271,0.2330309587746593,0.4254807843094159,3.614490406606658,0.807817439057728,7.637913888692983,317
ETH,Crypto,1,2024-01-11..2024-11-23,PPO,Baseline,2,12379.879616615925,0.5958839417984415,0.9661283955642568,-0.5930715501217154,0.1843318005050545,0.3108087050658786,9.938321204346868,1.0482686363938651,9.614002010450458,317
ETH,Crypto,1,2024-01-11..2024-11-23,PPO,+VolFore,0,10335.394076102555,0.5402548156999195,0.8669902711047616,-0.7787884534804433,0.0264871184632884,0.0340106717618657,21.819579037461462,0.835348441024242,8.013383737455849,317
ETH,Crypto,1,2024-01-11..2024-11-23,PPO,+VolFore,1,11396.033801042911,0.5446745289795801,0.8579174171309157,-0.6698711994361344,0.1091100815203514,0.1628821803535249,19.378350827206525,1.0493670884796562,10.239001056817443,317
ETH,Crypto,1,2024-01-11..2024-11-23,PPO,+VolFore,2,10932.34658751142,0.4624764632735985,0.7107797881079305,-0.5725503195855935,0.0731947433651427,0.1278398436979173,44.011738716878654,0.533042568699597,6.490724397143751,317
ETH,Crypto,2,2024-11-24..2025-10-07,BuyHold,-,-1,13213.47185457282,0.6626766778608215,1.03377836173976,-0.6323957203281366,0.2470969576646922,0.3907315462794216,1.0014825492207586,0.6091951880392322,7.076494601283614,317
ETH,Crypto,2,2024-11-24..2025-10-07,VolTarget,-,-1,11638.09010018004,0.7788644230139304,1.281987355139212,-0.2006258601186207,0.1277378364778187,0.6366967668158862,4.8959736010823365,1.407081731091527,13.122173367455016,317
ETH,Crypto,2,2024-11-24..2025-10-07,Const1.5x,-,-1,12522.17402832245,0.6545119232446687,1.0209476967603663,-0.7951281267016689,0.1951064287397002,0.2453773450937908,7.968123740375087,0.6089707984681695,7.077848916071617,317
ETH,Crypto,2,2024-11-24..2025-10-07,Q-Learning,Baseline,0,3147.748779497342,-1.5871207300084351,-1.181598705222709,-0.692568604389752,-0.5998814096060419,-0.8661689337387067,122.2111606223458,-3.624749574627451,34.824778845039475,317
ETH,Crypto,2,2024-11-24..2025-10-07,Q-Learning,Baseline,1,4171.089935808344,-1.5090051918569942,-0.9670905834763822,-0.64485143193028,-0.4998898321639026,-0.7752015540490796,108.18567043791828,-5.929605708746466,67.00666779616193,317
ETH,Crypto,2,2024-11-24..2025-10-07,Q-Learning,Baseline,2,5042.299324169117,-1.284920805366177,-0.6024465393053822,-0.5229717723097876,-0.4187710860809532,-0.8007527523533129,68.75347733235172,-6.052347195501865,63.00516525298757,317
ETH,Crypto,2,2024-11-24..2025-10-07,Q-Learning,+VolFore,0,8346.624175118928,-0.1980142588767472,-0.1976795715418098,-0.4122293544690964,-0.1334351719815086,-0.3236915822092145,102.53981164624722,-0.4841584415808432,17.603095478727024,317
ETH,Crypto,2,2024-11-24..2025-10-07,Q-Learning,+VolFore,1,7190.258126131449,-0.522094670007162,-0.5524886731279944,-0.3779214474564011,-0.2300247615078547,-0.60865760082003,136.7192420698846,-0.0503204319533627,15.66349835934506,317
ETH,Crypto,2,2024-11-24..2025-10-07,Q-Learning,+VolFore,2,5400.151129181312,-0.9840949260877934,-0.9577213969336577,-0.6264916910210235,-0.3863166939755016,-0.6166349841692013,130.05278438996163,-0.7782837926205194,17.545884968963854,317
ETH,Crypto,2,2024-11-24..2025-10-07,PPO,Baseline,0,13236.116420968265,0.7010695353741575,1.0938419046008587,-0.7953218057461636,0.2487902951262079,0.3128171431091122,13.969085258184592,0.6327101280571247,7.1401856498828105,317
ETH,Crypto,2,2024-11-24..2025-10-07,PPO,Baseline,1,12470.526148769364,0.6809402047314467,1.0451929895396144,-0.8274262207914335,0.1911985694442173,0.2310762756117454,26.664847074986323,0.6981057545926991,8.213321494503985,317
ETH,Crypto,2,2024-11-24..2025-10-07,PPO,Baseline,2,11158.861349307146,0.5664270648393901,0.8200553078774439,-0.7966329151472881,0.090778351080097,0.1139525487259074,36.849621481871786,0.774933578960903,10.335459216919002,317
ETH,Crypto,2,2024-11-24..2025-10-07,PPO,+VolFore,0,16279.0954691257,0.871633001311844,1.4239074256797462,-0.7012888672319118,0.4713195528736096,0.6720761941271131,18.54194163743376,0.8756237853913871,7.667082576669332,317
ETH,Crypto,2,2024-11-24..2025-10-07,PPO,+VolFore,1,12245.093392551616,0.6306416132634622,0.9830339640044098,-0.7812008454199573,0.1741019694130898,0.2228645430091328,14.430613602104652,0.7621110229258373,8.079291651241748,317
ETH,Crypto,2,2024-11-24..2025-10-07,PPO,+VolFore,2,11880.090189508326,0.599798270497063,0.9064579546695248,-0.7897727202785565,0.1462810501031168,0.18521917299364,20.949275884455652,0.6522996973181451,7.844567636726997,317
ETH,Crypto,3,2025-10-08..2026-08-21,BuyHold,-,-1,5546.732633272256,-0.5793189083578771,-0.8440095108472769,-0.6549245578453391,-0.3731529587753743,-0.5697647985631422,1.0015594962438552,0.3630999043839623,7.173219159185125,317
ETH,Crypto,3,2025-10-08..2026-08-21,VolTarget,-,-1,9032.282195524263,-0.4302039513397191,-0.6509625266746255,-0.2334959159284273,-0.0774888966780043,-0.3318640344074575,4.565499627601867,0.9382058550910338,11.39081339202263,317
ETH,Crypto,3,2025-10-08..2026-08-21,Const1.5x,-,-1,3550.3183057844008,-0.5874393449245909,-0.8557692443374062,-0.8222398386780424,-0.5598425647229589,-0.6808750177106061,7.1058619565259935,0.3624669905248046,7.1724731139707645,317
ETH,Crypto,3,2025-10-08..2026-08-21,Q-Learning,Baseline,0,11830.040871711515,0.5459905951691045,0.5696498068849494,-0.3197359858994199,0.1424525108315557,0.445531679614949,87.08221424691538,2.6678298082445107,43.6780399333041,317
ETH,Crypto,3,2025-10-08..2026-08-21,Q-Learning,Baseline,1,10439.105536020506,0.2568033194547731,0.2704785034069553,-0.3700915388131106,0.0346412173279664,0.0936017544172119,107.92759230006315,3.7185405665342337,47.23608901145538,317
ETH,Crypto,3,2025-10-08..2026-08-21,Q-Learning,Baseline,2,12341.619015135351,0.6401218099543227,0.5824258764569997,-0.306255231354011,0.1814303068853531,0.592415372245639,53.83493259476722,3.371313913713985,37.88124221907108,317
ETH,Crypto,3,2025-10-08..2026-08-21,Q-Learning,+VolFore,0,13135.86574254389,0.7130597200779439,0.9265260384016542,-0.3525279963330324,0.2412890745511893,0.6844536520797617,91.04567514691853,4.208565065512879,67.0043449237202,317
ETH,Crypto,3,2025-10-08..2026-08-21,Q-Learning,+VolFore,1,9831.705603915938,0.113255808242849,0.0922707029053528,-0.2185374228632544,-0.0133599879218715,-0.0611336390205816,89.84330166032915,-2.498741318489277,39.03670101824752,317
ETH,Crypto,3,2025-10-08..2026-08-21,Q-Learning,+VolFore,2,7900.352339623901,-0.2891153123007343,-0.2633174138168662,-0.4007998350500445,-0.1703600668238698,-0.4250502418549483,114.52022000987472,-2.273531626631614,30.627257003290115,317
ETH,Crypto,3,2025-10-08..2026-08-21,PPO,Baseline,0,3486.979321250467,-0.6364770917970615,-0.9031683020095086,-0.8175632631271045,-0.5660769606577452,-0.6923952997739409,14.755873278416145,0.1859036560625425,6.606559620478989,317
ETH,Crypto,3,2025-10-08..2026-08-21,PPO,Baseline,1,5141.826863300939,-0.5101732752250354,-0.782211460432824,-0.7051959008258113,-0.4096980677839879,-0.5809705747064537,12.183919989199897,0.690548109079266,7.698811342161885,317
ETH,Crypto,3,2025-10-08..2026-08-21,PPO,Baseline,2,4140.59067360169,-0.7221091475334741,-0.944892252244336,-0.7619031491842811,-0.5027899074676211,-0.6599131503856688,16.245170687034825,-0.136551281973047,8.769561457211122,317
ETH,Crypto,3,2025-10-08..2026-08-21,PPO,+VolFore,0,2381.6009895958005,-0.7202595837386797,-0.9714461735750736,-0.8862960811342089,-0.6792267996344467,-0.7663655679989713,35.92498157516039,0.0345853488191944,7.791569601200105,317
ETH,Crypto,3,2025-10-08..2026-08-21,PPO,+VolFore,1,2754.384603413944,-0.6546588195836237,-0.904891591259106,-0.8519424188615654,-0.6400469190139217,-0.7512795522829502,25.613013563639168,0.1703055768111359,8.077702052095205,317
ETH,Crypto,3,2025-10-08..2026-08-21,PPO,+VolFore,2,4260.699969400337,-0.4377936609183355,-0.5922658607113138,-0.7883462898770345,-0.4913944059103622,-0.6233230399123032,38.52937518646357,0.2458260490191914,11.80698513280556,317
DSE,Frontier,0,2020-11-02..2022-02-14,BuyHold,-,-1,14334.284570293135,2.163189391646133,3.339628816422969,-0.138818068698958,0.3350552159444779,2.413628276796356,1.0015015683804904,-0.0456603667620644,4.770203558534726,313
DSE,Frontier,0,2020-11-02..2022-02-14,VolTarget,-,-1,15626.38253747581,2.07526977820731,3.3807745193051124,-0.1702742152942665,0.4308057219442398,2.530070223475673,31.256847148562176,0.1154116681581167,5.077718536395306,313
DSE,Frontier,0,2020-11-02..2022-02-14,Const1.5x,-,-1,16966.84418120143,2.1541173927402646,3.324924852349033,-0.2032528920321487,0.5285013548538697,2.600215670080974,3.082573259763329,-0.0462192920356601,4.770361251180709,313
DSE,Frontier,0,2020-11-02..2022-02-14,Q-Learning,Baseline,0,12549.33995050319,1.4840874825930404,1.9768683686591595,-0.1320582931709994,0.1999080603084997,1.5137864916073784,109.92941589264636,1.9481309306918893,21.810699561653,313
DSE,Frontier,0,2020-11-02..2022-02-14,Q-Learning,Baseline,1,12659.604949651904,2.3652758578272586,3.5938269575969146,-0.064896540963093,0.2083620181499512,3.2106798768402323,82.33890807744004,1.0324064287209207,7.625868377519199,313
DSE,Frontier,0,2020-11-02..2022-02-14,Q-Learning,Baseline,2,12534.634673801933,1.872303262396388,2.6633022288318795,-0.0620433561192552,0.1987795086511263,3.2038806583229142,99.70372978538131,2.0351216964785848,15.688891840496726,313
DSE,Frontier,0,2020-11-02..2022-02-14,Q-Learning,+VolFore,0,12230.615531015092,1.6336440097621563,1.980347565600404,-0.0778211314115822,0.1753885337601035,2.2537391910977327,104.9267803843995,0.7587051300921994,10.578639182725649,313
DSE,Frontier,0,2020-11-02..2022-02-14,Q-Learning,+VolFore,1,13673.036205875633,2.520851867599226,4.18101489757764,-0.0648720856191536,0.2853994916404179,4.39941908622333,139.49785846380576,1.07529320057457,7.18325022258496,313
DSE,Frontier,0,2020-11-02..2022-02-14,Q-Learning,+VolFore,2,12065.310005433548,1.3857486982274652,1.4678293628200327,-0.1101738698827501,0.162621980520204,1.476048546645357,122.58490981929324,-0.728377871737691,15.35865197099597,313
DSE,Frontier,0,2020-11-02..2022-02-14,PPO,Baseline,0,15775.041087488044,1.7850039563237692,2.5213818988302714,-0.2318729212663643,0.4417195336791368,1.905006980827252,10.88485549048523,-0.2216912746512331,5.092935836550211,313
DSE,Frontier,0,2020-11-02..2022-02-14,PPO,Baseline,1,14595.223968722332,1.91291852780292,2.807437475871696,-0.1732703686770338,0.3545248668998,2.046079024386265,6.9535697418513145,-0.0783728252209118,4.993211701200305,313
DSE,Frontier,0,2020-11-02..2022-02-14,PPO,Baseline,2,18429.13489806957,2.1550412849828064,3.326366510159362,-0.2342303046232101,0.6333543178371404,2.703981104636606,5.925639051960996,-0.0450799606629089,4.780833526404205,313
DSE,Frontier,0,2020-11-02..2022-02-14,PPO,+VolFore,0,17113.502386196516,2.086125107427232,3.1567337362456898,-0.2166114082998222,0.5390956609382382,2.488768551790963,8.677780408275874,-0.0704294000275051,4.7627797865720165,313
DSE,Frontier,0,2020-11-02..2022-02-14,PPO,+VolFore,1,17408.567669890115,2.081679633632286,3.1296473255056925,-0.2290822734314921,0.560356523651576,2.446092904769021,13.655084909583318,0.0787611881508209,5.293843399807023,313
DSE,Frontier,0,2020-11-02..2022-02-14,PPO,+VolFore,2,18905.91321904856,2.2609834789756933,3.611655804604516,-0.2203924178534613,0.667181319640272,3.027242616308393,16.716840875887275,0.113645601242077,4.860218849243216,313
DSE,Frontier,1,2022-02-15..2023-06-01,BuyHold,-,-1,9018.36413471484,-0.8246162658674088,-1.0651149782183325,-0.1513814212896793,-0.0795760954396815,-0.5256661931247247,1.0015030463030017,-0.1317965645997149,7.383491407932202,313
DSE,Frontier,1,2022-02-15..2023-06-01,VolTarget,-,-1,7692.817181218235,-1.4457775640342678,-1.8162774470481169,-0.2734238163039074,-0.189826374426129,-0.6942569121866288,21.29709480167828,-0.5797988789057774,5.876959514947444,313
DSE,Frontier,1,2022-02-15..2023-06-01,Const1.5x,-,-1,8515.762547450548,-0.8326441635392783,-1.0752610858892553,-0.2209412736819485,-0.1209753375359442,-0.5475452165155174,2.4504800534786835,-0.1328004118959528,7.384345406692319,313
DSE,Frontier,1,2022-02-15..2023-06-01,Q-Learning,Baseline,0,9171.16522619615,-0.5735543963275151,-0.5821745329646737,-0.1025977272713495,-0.067081123828747,-0.6538266062237201,100.17709951174966,1.1000596902766822,24.77799265694989,313
DSE,Frontier,1,2022-02-15..2023-06-01,Q-Learning,Baseline,1,7819.616859155113,-1.6267128597241534,-1.4820787203497732,-0.2212880576603197,-0.1791264909138689,-0.8094720194436389,99.99747040116242,-0.3976760033624887,26.634963239402257,313
DSE,Frontier,1,2022-02-15..2023-06-01,Q-Learning,Baseline,2,9487.556571897492,-0.8388043619010801,-0.7871559661745176,-0.0537798305288886,-0.0413384756985989,-0.7686613232376156,66.06725407791664,0.2427537217416963,20.614671023815102,313
DSE,Frontier,1,2022-02-15..2023-06-01,Q-Learning,+VolFore,0,8767.529810841093,-2.889730509464865,-2.779340205081972,-0.1324410032659743,-0.100178708258464,-0.7564025172515796,66.8290221874419,-0.8957985014582434,13.257240196052932,313
DSE,Frontier,1,2022-02-15..2023-06-01,Q-Learning,+VolFore,1,8605.997839220101,-3.1717294383190926,-2.6638301801317743,-0.1622795052298112,-0.1135078899402219,-0.6994591817295657,64.85443465510814,-1.5246442118184678,15.707639606736915,313
DSE,Frontier,1,2022-02-15..2023-06-01,Q-Learning,+VolFore,2,9470.712314302167,-0.6865463797499933,-0.8289773543994202,-0.0959385871281331,-0.0427046617783137,-0.4451249810551554,62.86295750435836,2.693757204003688,28.05407158444225,313
DSE,Frontier,1,2022-02-15..2023-06-01,PPO,Baseline,0,8170.155670305583,-0.9160453931288964,-1.1676360412877784,-0.2626062006000984,-0.1497225759184048,-0.5701410536982524,6.347299329630869,-0.2837265550925915,7.094548780555016,313
DSE,Frontier,1,2022-02-15..2023-06-01,PPO,Baseline,1,8650.587391466524,-0.9051471331210356,-1.180594242571817,-0.19495032035894,-0.1098235822165466,-0.5633413785305792,10.954516050764411,-0.1090449106848148,7.107450424789526,313
DSE,Frontier,1,2022-02-15..2023-06-01,PPO,Baseline,2,8515.762547450548,-0.8326441635392783,-1.0752610858892553,-0.2209412736819485,-0.1209753375359442,-0.5475452165155174,2.4504800534786835,-0.1328004118959528,7.384345406692319,313
DSE,Frontier,1,2022-02-15..2023-06-01,PPO,+VolFore,0,8604.458229389522,-0.7238203317864572,-0.931838385650612,-0.2196577368131993,-0.1136351707357674,-0.5173283326318134,8.520889177279342,-0.1374500206118965,8.153723246427784,313
DSE,Frontier,1,2022-02-15..2023-06-01,PPO,+VolFore,1,7772.98062450676,-1.0610642098099274,-1.3632268759033224,-0.2918257062435905,-0.1830578379886988,-0.6272848281407769,13.477530894836622,-0.2507462761849303,6.653255425455269,313
DSE,Frontier,1,2022-02-15..2023-06-01,PPO,+VolFore,2,8768.616319246496,-0.6073425035159596,-0.8293574548896854,-0.2029713460787361,-0.100089217604022,-0.4931199380463414,12.534968868388187,0.4358836485076264,8.645798309994301,313
DSE,Frontier,2,2023-06-04..2024-09-26,BuyHold,-,-1,8844.690022071121,-0.7556123108203076,-1.2046860329708955,-0.2135934677090203,-0.0938288046722226,-0.4392868643324191,1.0015068566615444,1.7719287141311344,14.157673090732011,313
DSE,Frontier,2,2023-06-04..2024-09-26,VolTarget,-,-1,7427.159845006941,-1.5494834810923754,-2.223137850683829,-0.3167489081713036,-0.2123575713111076,-0.6704287397119941,18.651138834727583,0.2907939941990818,5.45468600648534,313
DSE,Frontier,2,2023-06-04..2024-09-26,Const1.5x,-,-1,8248.78808651479,-0.7630326909877717,-1.215959859222095,-0.3043375405845535,-0.1431612508137317,-0.4704028643271734,2.6015269062576896,1.7695689246687505,14.145783671867887,313
DSE,Frontier,2,2023-06-04..2024-09-26,Q-Learning,Baseline,0,9182.562984991511,-1.0578164075475314,-0.8287171515878395,-0.0865070746189223,-0.0661507522074754,-0.7646860386634912,52.62103293478719,-2.101815474863784,39.43669158309427,313
DSE,Frontier,2,2023-06-04..2024-09-26,Q-Learning,Baseline,1,9054.218102662784,-1.512014218784366,-1.0320333744333243,-0.1171318889608541,-0.0766404877520908,-0.6543093296911661,34.02390824969174,-0.813381051040265,49.930327291459086,313
DSE,Frontier,2,2023-06-04..2024-09-26,Q-Learning,Baseline,2,8012.4223113820435,-2.769221011361996,-2.090623350469324,-0.2063901471882829,-0.1629220971238006,-0.7893889284084032,61.90738509158554,-4.097769773922453,36.6961424390132,313
DSE,Frontier,2,2023-06-04..2024-09-26,Q-Learning,+VolFore,0,7766.433257673018,-2.899342095479983,-2.187840436821883,-0.2233566742326981,-0.1836101410091886,-0.8220490461685388,84.13907451452974,-3.131944944804159,28.30346780944003,313
DSE,Frontier,2,2023-06-04..2024-09-26,Q-Learning,+VolFore,1,7893.526961436302,-2.654605617145923,-2.126980499046504,-0.2106473038563697,-0.172905471815832,-0.8208292660270986,81.8678377165174,-2.6161749800488043,33.09421790745431,313
DSE,Frontier,2,2023-06-04..2024-09-26,Q-Learning,+VolFore,2,8611.190526365477,-1.6212662539099267,-1.2777569240338242,-0.155847398141286,-0.113078639423121,-0.7255728409394561,69.10020778868535,-1.6323368284094577,31.86360240525739,313
DSE,Frontier,2,2023-06-04..2024-09-26,PPO,Baseline,0,7938.342410909421,-0.7758966913441848,-1.234669784453646,-0.347036508490624,-0.1691389563695758,-0.4873808727062449,4.644799463395111,1.786071194827811,14.341393122814376,313
DSE,Frontier,2,2023-06-04..2024-09-26,PPO,Baseline,1,8782.757832926483,-0.4442144343991988,-0.7393095893640556,-0.2619900655388713,-0.0989246463406641,-0.3775893033837542,4.7251772271993,3.0305067079666967,27.535543880849136,313
DSE,Frontier,2,2023-06-04..2024-09-26,PPO,Baseline,2,8525.332550699251,-0.5212370755847024,-0.8817596906137785,-0.3039556399830852,-0.1201826311997378,-0.3953952991496735,6.00791804977956,2.701316259309491,22.687260060037296,313
DSE,Frontier,2,2023-06-04..2024-09-26,PPO,+VolFore,0,8538.958588293674,-0.5007148940411833,-0.8412195941870878,-0.3043375405845535,-0.1190542568962207,-0.3911914930611491,3.947627749904713,2.6985304096588103,22.49814452693613,313
DSE,Frontier,2,2023-06-04..2024-09-26,PPO,+VolFore,1,7950.96344353632,-0.770347737052572,-1.230974793013678,-0.3459983731842928,-0.1680789799086158,-0.4857796826073642,4.648403712679947,1.7946827000980057,14.348519936310256,313
DSE,Frontier,2,2023-06-04..2024-09-26,PPO,+VolFore,2,8630.135013580992,-0.6169127463930231,-0.9991628495796506,-0.2614246765839038,-0.1115130372737756,-0.4265589566008668,5.883768742992315,2.1834933030951658,17.830937144569603,313
DSE,Frontier,3,2024-09-29..2026-01-15,BuyHold,-,-1,8751.132414891908,-0.7629618099636956,-1.1841041320903014,-0.1855187860597602,-0.101529551741397,-0.5472736960888936,1.001513530867826,0.0720803656835612,4.40986012754178,313
DSE,Frontier,3,2024-09-29..2026-01-15,VolTarget,-,-1,7710.331794719651,-1.12292843378908,-1.671775002685788,-0.2879669292535963,-0.1883463577817913,-0.6540555134901315,26.8489607990283,-0.2862588438669731,4.727142168906516,313
DSE,Frontier,3,2024-09-29..2026-01-15,Const1.5x,-,-1,8104.743728318048,-0.7719454179446611,-1.1978411017447508,-0.268515004553636,-0.1551902484172903,-0.5779574540897324,2.945126322659495,0.0714269849911945,4.408783353648338,313
DSE,Frontier,3,2024-09-29..2026-01-15,Q-Learning,Baseline,0,9627.688003232844,-0.2467961011720953,-0.2039426005615412,-0.131385798982539,-0.0299913116461335,-0.2282690509793306,51.67970851796054,0.956903352009902,35.4627158025996,313
DSE,Frontier,3,2024-09-29..2026-01-15,Q-Learning,Baseline,1,8764.636802678315,-1.1082352467653869,-0.8030055877333674,-0.1455321195017652,-0.1004170025919981,-0.6899989015145909,83.63866965185312,-2.545239073651325,54.49453899901167,313
DSE,Frontier,3,2024-09-29..2026-01-15,Q-Learning,Baseline,2,9057.117227942765,-0.7919561318227034,-0.6336588807498527,-0.1138320363138797,-0.0764032170998263,-0.6711925708548463,51.67262512735969,-0.3243489139723742,61.1022672811151,313
DSE,Frontier,3,2024-09-29..2026-01-15,Q-Learning,+VolFore,0,8588.559281407934,-1.4977798604208246,-1.429994398946519,-0.1419825188699222,-0.1149498128527348,-0.8096053920358812,80.39897329542475,0.1721548363864043,13.576874613918202,313
DSE,Frontier,3,2024-09-29..2026-01-15,Q-Learning,+VolFore,1,8954.832999607563,-0.7649747619691434,-0.7874062505108266,-0.1961727956328779,-0.084783489274902,-0.4321878015804778,92.22143805198078,0.0668817569115989,9.01362803830299,313
DSE,Frontier,3,2024-09-29..2026-01-15,Q-Learning,+VolFore,2,9005.773783655775,-0.8043198179248726,-0.818414435399185,-0.1535753100661179,-0.0806074992768689,-0.5248727757192256,70.54971228823051,0.2159905908381007,9.8008058297869,313
DSE,Frontier,3,2024-09-29..2026-01-15,PPO,Baseline,0,7878.737594306698,-0.7966815274221726,-1.2270983082948634,-0.2866478313334125,-0.1741493702453187,-0.6075377212330991,7.23750153649934,0.1300306386068596,4.75210287590664,313
DSE,Frontier,3,2024-09-29..2026-01-15,PPO,Baseline,1,8182.76550442944,-0.6961496739018662,-1.1079103900147336,-0.2614732324191086,-0.1486695369481897,-0.5685841551433557,4.1421570454802445,0.3032412408902779,5.115807504285847,313
DSE,Frontier,3,2024-09-29..2026-01-15,PPO,Baseline,2,7880.279164811145,-0.7953996232917594,-1.2252102882933302,-0.2866478313334125,-0.1740196909134743,-0.6070853217461025,8.714012824137814,0.1276308381089171,4.751524887989102,313
DSE,Frontier,3,2024-09-29..2026-01-15,PPO,+VolFore,0,8249.986610845091,-0.7056174835769162,-1.0976109454719367,-0.2593015050807759,-0.1430613381655898,-0.5517181171797387,11.940719402045591,0.2484751732189291,5.228139062702031,313
DSE,Frontier,3,2024-09-29..2026-01-15,PPO,+VolFore,1,8255.687629918999,-0.7633418942250589,-1.1946762842096077,-0.2460068015354884,-0.1425861230367789,-0.5796023611795553,8.15705756677935,0.2951239977919467,5.271380803761626,313
DSE,Frontier,3,2024-09-29..2026-01-15,PPO,+VolFore,2,7794.232308524905,-0.840433459296553,-1.285550905960431,-0.2915070890477138,-0.181265784969954,-0.6218229051015041,8.231257842696905,-0.0343324923776108,4.327177024878173,313
