market,group,agent,state,seed,NetWorth,Sharpe,Sortino,MaxDD,CAGR,Calmar
ASX200,Developed,BuyHold,-,-1,11742.552919548089,0.5893021833020733,0.8088298523165469,-0.1417167334064669,0.0674446439590814,0.4759116466872208
ASX200,Developed,Q-Learning,Baseline,0,10087.4292646638,0.2578081211528761,0.1379622894510222,-0.0142529283668773,0.0035103673366536,0.2462909548163573
ASX200,Developed,Q-Learning,Baseline,1,9825.515225889532,-0.2814493010872282,-0.1210329747905663,-0.0436818487281367,-0.0070609425086507,-0.1616447726934448
ASX200,Developed,Q-Learning,Baseline,2,10107.559901273762,0.2278737427605105,0.1290709124601718,-0.0251036120320219,0.004316054376604,0.1719296159822196
ASX200,Developed,Q-Learning,Baseline,3,10278.325713244709,0.6025635855848953,0.5862265042429096,-0.0136831796988501,0.0111123684911966,0.8121188740449222
ASX200,Developed,Q-Learning,Baseline,4,10095.771099218142,0.2252850562890431,0.1501360636291212,-0.0219747136505685,0.0038443484371721,0.1749441880394092
ASX200,Developed,Q-Learning,+RetFore,0,9576.655284450757,-0.5415708877650227,-0.2925094156854634,-0.069454463465337,-0.0172625048751237,-0.2485442117552379
ASX200,Developed,Q-Learning,+RetFore,1,8866.337939375751,-1.4020675138517749,-0.6766933003326775,-0.1191516171850042,-0.0472824812086637,-0.3968261810064433
ASX200,Developed,Q-Learning,+RetFore,2,9474.319970650502,-0.7728253366389141,-0.3708731909302724,-0.0738338296726867,-0.0215034966851044,-0.2912417895718058
ASX200,Developed,Q-Learning,+RetFore,3,9752.83412525826,-0.3893060492138003,-0.2113710021757473,-0.0530010919804835,-0.0100242543463596,-0.1891329776726438
ASX200,Developed,Q-Learning,+RetFore,4,9766.55169769068,-0.2575311604353209,-0.1508905306237477,-0.0681698295499308,-0.0094639618428552,-0.1388291844823311
ASX200,Developed,Q-Learning,+VolFore,0,10214.516737696931,0.316526610663843,0.2246818749243806,-0.027603989130026,0.0085807844591665,0.3108530588979982
ASX200,Developed,Q-Learning,+VolFore,1,10047.702075947473,0.0725017623420875,0.040944750267899,-0.052051279376858,0.0019175458634479,0.0368395529632965
ASX200,Developed,Q-Learning,+VolFore,2,10460.466300404754,0.7176674292170137,0.750708220930127,-0.0181210639390638,0.018287443682218,1.0091815658674623
ASX200,Developed,Q-Learning,+VolFore,3,10449.025495041353,0.587676946089057,0.4414979654863182,-0.0289291688166321,0.0178389626293735,0.6166427643265315
ASX200,Developed,Q-Learning,+VolFore,4,10111.816435892124,0.1520950228190928,0.1194422462491078,-0.0451652648354358,0.0044862905441895,0.0993305488285412
ASX200,Developed,SARSA,Baseline,0,9989.0892318997,-0.0167005662083749,-0.0069338991295927,-0.0276117800256071,-0.0004393626561748,-0.0159121453144802
ASX200,Developed,SARSA,Baseline,1,9606.524873668484,-0.9716435560980816,-0.2613966368915756,-0.0478600288216315,-0.016029754983033,-0.3349299065915534
ASX200,Developed,SARSA,Baseline,2,9698.621625381982,-0.3310889274713597,-0.1019019959185003,-0.0623250366353835,-0.012243176366351,-0.1964407407857643
ASX200,Developed,SARSA,Baseline,3,10000.684615756552,0.0138540904692155,0.0089175787837776,-0.0272628235068696,2.7559048324521385e-05,0.001010865522295
ASX200,Developed,SARSA,Baseline,4,10105.331340607989,0.3041976251991599,0.1296144439288013,-0.0068160578678131,0.0042269080696586,0.6201396981969375
ASX200,Developed,SARSA,+RetFore,0,9615.400195678876,-0.5683481952191115,-0.3540378478600715,-0.0583454402491924,-0.0156639023674209,-0.2684683207505547
ASX200,Developed,SARSA,+RetFore,1,9041.764581608852,-1.1111872666004827,-0.5896153797382833,-0.1187977019184957,-0.039738614467966,-0.3345065925172122
ASX200,Developed,SARSA,+RetFore,2,9159.181200587234,-1.0251248565555546,-0.6031895426356395,-0.0987244494422846,-0.0347380889461397,-0.351869158471186
ASX200,Developed,SARSA,+RetFore,3,9703.307724889715,-0.3434820516061024,-0.2014734288458044,-0.0518839778748544,-0.0120510818071468,-0.2322698123875956
ASX200,Developed,SARSA,+RetFore,4,9245.5837057723,-0.9323599821716804,-0.5439937642303014,-0.0906202142570603,-0.0310828006999872,-0.3430007416609318
ASX200,Developed,SARSA,+VolFore,0,10716.71596133964,0.7413919071702267,0.9793651449341566,-0.0258271680314311,0.0282566411621261,1.0940665707771078
ASX200,Developed,SARSA,+VolFore,1,10093.290471082695,0.142243019596829,0.0823485600120635,-0.0409687870487622,0.0037450490346229,0.0914122507477225
ASX200,Developed,SARSA,+VolFore,2,9383.839303313032,-0.7381217561634275,-0.453871174937591,-0.0803390135570061,-0.0252760619041556,-0.3146175287042315
ASX200,Developed,SARSA,+VolFore,3,10485.643986526344,0.5904555492861983,0.3435208102485138,-0.0276397618616159,0.0192733812023735,0.6973063407048253
ASX200,Developed,SARSA,+VolFore,4,10420.849341739837,0.602170645029305,0.5002897216918601,-0.0258261078338551,0.0167332013346108,0.6479180464052571
ASX200,Developed,DQN,Baseline,0,10051.233405915766,0.0647564453419546,0.034884977411623,-0.0769426855453804,0.0020592831619674,0.0267638586740794
ASX200,Developed,DQN,Baseline,1,10903.1295140351,0.5961082267865225,0.4401825214874508,-0.076299040554078,0.0354197528115307,0.4642227812283206
ASX200,Developed,DQN,Baseline,2,11219.111924786612,0.4406224133143595,0.5978199057672077,-0.1417167334064669,0.0473964116291445,0.3344447087477621
ASX200,Developed,DQN,Baseline,3,9583.44303705386,-0.0929050212985633,-0.1203859776280153,-0.1514923092214762,-0.0169821655934501,-0.1120991928937508
ASX200,Developed,DQN,Baseline,4,10213.325025646602,0.2140760388544331,0.1251212914274902,-0.0571584061617114,0.0085334142240627,0.1492941248181564
ASX200,Developed,DQN,+RetFore,0,11317.77967762878,0.7162981058592671,1.0240749534131244,-0.0783915474148037,0.0510948374851172,0.6517901377057969
ASX200,Developed,DQN,+RetFore,1,10576.222916644674,0.3160369851550957,0.4231360978503573,-0.1200097904486683,0.0228087276105009,0.1900572238734705
ASX200,Developed,DQN,+RetFore,2,9567.86599717182,-0.1010126751256408,-0.140985431308818,-0.1681901525323492,-0.0176256854797899,-0.1047961798851158
ASX200,Developed,DQN,+RetFore,3,10446.488963579131,0.2625049711147117,0.1971053512389561,-0.1363831750568255,0.0177394905400811,0.1300709602380186
ASX200,Developed,DQN,+RetFore,4,10778.063969376328,0.4465598426908714,0.5741144705554647,-0.1133229681198277,0.0306221547080285,0.270220196451071
ASX200,Developed,DQN,+VolFore,0,11126.67699025714,0.6238132146918448,0.962159965984004,-0.0731208999089263,0.0439139429669925,0.6005662269075978
ASX200,Developed,DQN,+VolFore,1,10135.457593002062,0.1042258088774283,0.1151011163145342,-0.1622193386695082,0.0054310184233179,0.033479475800041
ASX200,Developed,DQN,+VolFore,2,9169.221328592768,-0.4466392779397038,-0.3164444175200122,-0.1127699353629977,-0.0343122828996212,-0.3042680018292857
ASX200,Developed,DQN,+VolFore,3,10839.905862622343,0.5075068441031088,0.2904735148298791,-0.0633315723911246,0.0329985843145976,0.5210447659546988
ASX200,Developed,DQN,+VolFore,4,9885.515741831852,0.0070648053857264,0.0089496292635671,-0.1190018923530003,-0.0046244893254259,-0.0388606368684393
ASX200,Developed,PPO,Baseline,0,11742.606938093006,0.5845339407370975,0.8021267429693179,-0.1417167334064669,0.0668027374982049,0.471382143039752
ASX200,Developed,PPO,Baseline,1,10873.839097898546,0.5759316191526257,0.7902695801111689,-0.0731208999089263,0.0342991133738368,0.4690740050531111
ASX200,Developed,PPO,Baseline,2,10873.839097898546,0.5759316191526257,0.7902695801111689,-0.0731208999089263,0.0342991133738368,0.4690740050531111
ASX200,Developed,PPO,Baseline,3,10391.212033348567,0.3405430278768327,0.3212224721115195,-0.0567960163939486,0.0155681683410715,0.2741066949627853
ASX200,Developed,PPO,Baseline,4,10873.839097898546,0.5759316191526257,0.7902695801111689,-0.0731208999089263,0.0342991133738368,0.4690740050531111
ASX200,Developed,PPO,+RetFore,0,10873.839097898546,0.5759316191526257,0.7902695801111689,-0.0731208999089263,0.0342991133738368,0.4690740050531111
ASX200,Developed,PPO,+RetFore,1,11429.474566264877,0.6090801469650639,0.6147299995077529,-0.1210086141301185,0.0552583958194032,0.4566484478495739
ASX200,Developed,PPO,+RetFore,2,11039.483744124274,0.404686671671333,0.4950209674951117,-0.1417167334064669,0.0406130763036896,0.2865792579830218
ASX200,Developed,PPO,+RetFore,3,11742.606938093006,0.5845339407370975,0.8021267429693179,-0.1417167334064669,0.0668027374982049,0.471382143039752
ASX200,Developed,PPO,+RetFore,4,11742.606938093006,0.5845339407370975,0.8021267429693179,-0.1417167334064669,0.0668027374982049,0.471382143039752
ASX200,Developed,PPO,+VolFore,0,11982.130617638077,0.8742850227058145,0.7331318459828537,-0.0851558522895768,0.075509735133433,0.8867239667306904
ASX200,Developed,PPO,+VolFore,1,11139.786788142015,0.4713842601020814,0.47204690596213,-0.1304230687999187,0.044408901293371,0.3404988220385919
ASX200,Developed,PPO,+VolFore,2,11117.268882941013,0.5222732256179249,0.4290033623271138,-0.1118643814946705,0.0435585266036242,0.3893869167399819
ASX200,Developed,PPO,+VolFore,3,11742.606938093006,0.5845339407370975,0.8021267429693179,-0.1417167334064669,0.0668027374982049,0.471382143039752
ASX200,Developed,PPO,+VolFore,4,11742.606938093006,0.5845339407370975,0.8021267429693179,-0.1417167334064669,0.0668027374982049,0.471382143039752
BTC,Crypto,BuyHold,-,-1,8827.024071192474,0.0536380748484343,0.0775609027464536,-0.5305998300134692,-0.0466661915165194,-0.0879498802614521
BTC,Crypto,Q-Learning,Baseline,0,8796.077455473715,-0.4868717971354505,-0.3810291157735962,-0.1998759015068272,-0.0485164346259023,-0.242732786993846
BTC,Crypto,Q-Learning,Baseline,1,5898.278957878188,-1.138819171998126,-1.0617158689169357,-0.4890669140496583,-0.1850856493837998,-0.37844647443198
BTC,Crypto,Q-Learning,Baseline,2,8994.495263571298,-0.1990441298161915,-0.1384805881171137,-0.2186514038253426,-0.0402521268122687,-0.1840926978188432
BTC,Crypto,Q-Learning,Baseline,3,8487.30750477776,-0.3415990765718306,-0.2533850974689682,-0.2380029353876354,-0.0616072307722463,-0.2588507182554191
BTC,Crypto,Q-Learning,Baseline,4,10125.413801591669,0.0998451264334403,0.0644256833727722,-0.1561975613312498,0.004843652575621,0.0310097835991051
BTC,Crypto,Q-Learning,+RetFore,0,9713.354949544846,-0.0237843295543133,-0.0195749582998055,-0.1417920053232946,-0.011212064199275,-0.0790740223585365
BTC,Crypto,Q-Learning,+RetFore,1,9612.081279321048,-0.013663037502225,-0.012189153870275,-0.1741291229802371,-0.0152217422470259,-0.0874164067814559
BTC,Crypto,Q-Learning,+RetFore,2,9021.29066012647,-0.1848798208372127,-0.1058532229378644,-0.1883369412738159,-0.0391446565223402,-0.2078437520402407
BTC,Crypto,Q-Learning,+RetFore,3,7998.760592562458,-0.5306925841540853,-0.4136909484824492,-0.2955571169477418,-0.0829296632874226,-0.2805876039919725
BTC,Crypto,Q-Learning,+RetFore,4,10337.114565682732,0.161002822772831,0.1314641283367793,-0.1473426906209169,0.0129371731011276,0.0878032907266812
BTC,Crypto,Q-Learning,+VolFore,0,7517.820320036363,-0.5630826633956588,-0.542594251755299,-0.3323149235659534,-0.1047139884028885,-0.3151046822662217
BTC,Crypto,Q-Learning,+VolFore,1,8406.939994910583,-0.3750951239945703,-0.2864513863462641,-0.2229110346818629,-0.0650622148027081,-0.2918752537095015
BTC,Crypto,Q-Learning,+VolFore,2,7195.317486806482,-0.6792729414784806,-0.4427004024075314,-0.3687571390648258,-0.1198040423575457,-0.3248860284062455
BTC,Crypto,Q-Learning,+VolFore,3,6844.638305455266,-0.7610758917080855,-0.5394913661219243,-0.3847365403903109,-0.1366902281948681,-0.3552826774806523
BTC,Crypto,Q-Learning,+VolFore,4,6203.907572912193,-1.1717673541029456,-0.7864754816601088,-0.4182309427120408,-0.1689676328819505,-0.404005575928617
BTC,Crypto,SARSA,Baseline,0,10901.35405549287,0.4730572504882512,0.3923890602655214,-0.0701969717259322,0.0340246219355453,0.4847021331333471
BTC,Crypto,SARSA,Baseline,1,10551.270678604456,0.2265983127150865,0.1836009531107772,-0.1860222628276656,0.0210219481606359,0.1130077004815174
BTC,Crypto,SARSA,Baseline,2,9478.548183918589,-0.183775056176671,-0.1599237268607152,-0.1064138513463832,-0.0205483924813023,-0.1930988515228441
BTC,Crypto,SARSA,Baseline,3,8360.985134611414,-0.6369207717433955,-0.4283916614721126,-0.2358582080310899,-0.0670469004768288,-0.2842678278455616
BTC,Crypto,SARSA,Baseline,4,10647.413647971123,0.2830714909004498,0.2093686903343059,-0.0775093866013101,0.0246188427685525,0.317624017525366
BTC,Crypto,SARSA,+RetFore,0,9138.179104172144,-0.1730127156471264,-0.1672931045934955,-0.2984414986531566,-0.0343369954405539,-0.1150543593816512
BTC,Crypto,SARSA,+RetFore,1,12288.348365745833,0.6727341583370859,0.5993551899978474,-0.095262632466999,0.0831683144861497,0.8730423706702404
BTC,Crypto,SARSA,+RetFore,2,13647.257305398149,0.8730142838110495,0.8599172922160703,-0.1125779315544563,0.1281219643351958,1.1380735332846508
BTC,Crypto,SARSA,+RetFore,3,10016.051864202527,0.0644084167217273,0.052203981357938,-0.1301727869672266,0.0006220128626694,0.0047783632597596
BTC,Crypto,SARSA,+RetFore,4,9863.56499615909,0.0245563664254081,0.0273802683531963,-0.2205759466888027,-0.0053117378248639,-0.0240812196641452
BTC,Crypto,SARSA,+VolFore,0,6131.776645513658,-1.0169599409061874,-0.6424233773943391,-0.4291916648620484,-0.1727269950813095,-0.4024472263142046
BTC,Crypto,SARSA,+VolFore,1,7873.28155369985,-0.3928563032334608,-0.3891454491028319,-0.3571272427346917,-0.0885341623913902,-0.2479064932520814
BTC,Crypto,SARSA,+VolFore,2,7239.26808654162,-0.6847736972432625,-0.3633273977399874,-0.3292514439150035,-0.1177235259589507,-0.357549004368174
BTC,Crypto,SARSA,+VolFore,3,8889.874965684718,-0.2245465310482822,-0.1986386493162129,-0.3350883835722194,-0.0445955985967634,-0.1330860775333889
BTC,Crypto,SARSA,+VolFore,4,6711.913691367052,-0.8760320262440463,-0.4747526375268212,-0.3637458951121879,-0.1432193156865501,-0.3937345207482935
BTC,Crypto,DQN,Baseline,0,7148.2636690851305,-0.5483046358638559,-0.5830118836072732,-0.4090103095628198,-0.1220401008007763,-0.2983790333571869
BTC,Crypto,DQN,Baseline,1,5614.927993920019,-0.7672410490777234,-0.9866785742542318,-0.5169814877451107,-0.200492262633336,-0.3878132339078991
BTC,Crypto,DQN,Baseline,2,6688.420241746406,-0.5638816467453772,-0.6366111419877477,-0.4798590684963524,-0.144383236149285,-0.3008867511901188
BTC,Crypto,DQN,Baseline,3,6928.086049364345,-0.4101307078724747,-0.4388030396959623,-0.5027813276287961,-0.1326248171569343,-0.263782304291514
BTC,Crypto,DQN,Baseline,4,6633.582881255922,-0.5582785732422673,-0.6448691659718969,-0.4158892856736376,-0.1471097834560951,-0.3537234271795678
BTC,Crypto,DQN,+RetFore,0,7193.936966210289,-0.3622590876309925,-0.4352527290017762,-0.5032311426075964,-0.1198695187879581,-0.2381997230270591
BTC,Crypto,DQN,+RetFore,1,4431.764071232952,-1.2326233922001035,-1.1771379050984088,-0.662269827692806,-0.2705752772512279,-0.4085574579072108
BTC,Crypto,DQN,+RetFore,2,6026.781014014416,-0.7018926411146938,-0.828037470215816,-0.5064346650465233,-0.1782479320325463,-0.3519662936497834
BTC,Crypto,DQN,+RetFore,3,5792.624512817071,-0.7793093401813195,-0.890158931473405,-0.5493252732564692,-0.1907762732080308,-0.3472920007425433
BTC,Crypto,DQN,+RetFore,4,7148.366052659787,-0.3537776265182531,-0.4058872892182196,-0.4919446257243656,-0.1220352256316685,-0.2480669962635109
BTC,Crypto,DQN,+VolFore,0,7147.530797778222,-0.3207149195223689,-0.3977433037339002,-0.5335703228582652,-0.1220749989705971,-0.2287889594691639
BTC,Crypto,DQN,+VolFore,1,5424.059253372752,-0.7233633041865736,-0.7454443269573837,-0.6073444382047268,-0.21114056661487,-0.347645509422365
BTC,Crypto,DQN,+VolFore,2,6119.90593363251,-0.5544237834747713,-0.6630301683678129,-0.5659386609499458,-0.1733482703552381,-0.3063022237497635
BTC,Crypto,DQN,+VolFore,3,5835.348892079294,-0.7057851403947207,-0.7803398107960983,-0.611375069941726,-0.1884675159639866,-0.3082682386470916
BTC,Crypto,DQN,+VolFore,4,9225.717128831371,0.0203178673973874,0.0248424774409583,-0.3741540685275563,-0.0307611327317521,-0.0822151496380278
BTC,Crypto,PPO,Baseline,0,9608.995029989484,0.0807361127333846,0.1206391832462095,-0.3824960584532431,-0.0153443398295282,-0.0401163345095327
BTC,Crypto,PPO,Baseline,1,10157.645055148378,0.1598989895213817,0.2420317114721526,-0.3990375895271946,0.006082527231974,0.0152429931204369
BTC,Crypto,PPO,Baseline,2,10771.851783285912,0.2436761715214903,0.2720171697692419,-0.2362169437325941,0.0292449094454327,0.1238052994133022
BTC,Crypto,PPO,Baseline,3,10706.48176135522,0.2316787202594861,0.3514433088805904,-0.3718097771007967,0.0268188415642205,0.0721305442080343
BTC,Crypto,PPO,Baseline,4,10382.96466488201,0.187570725275372,0.2848473815380615,-0.3805109369208688,0.0146766629570143,0.0385709358993481
BTC,Crypto,PPO,+RetFore,0,11371.174606630788,0.3330329829205523,0.4066505409257753,-0.2819252497358421,0.0510788482390149,0.1811786928864782
BTC,Crypto,PPO,+RetFore,1,9546.160447665843,0.0656826652702288,0.0946602710032035,-0.3903337257475583,-0.0178456294068373,-0.0457189021333323
BTC,Crypto,PPO,+RetFore,2,10287.5322220722,0.1808768763505971,0.2817256045264538,-0.3956759979710613,0.0110507619914401,0.0279288156170151
BTC,Crypto,PPO,+RetFore,3,10425.815993078872,0.1934310771529917,0.2713772052275499,-0.3115760306883585,0.0162981366077274,0.0523086983670343
BTC,Crypto,PPO,+RetFore,4,9541.577981225711,0.0384083266747394,0.0467248614835599,-0.3959893188947175,-0.0180284399919266,-0.0455275916082835
BTC,Crypto,PPO,+VolFore,0,10086.63323241986,0.1407350601885875,0.2042552144767004,-0.3651286780132679,0.0033498367010211,0.0091744004312098
BTC,Crypto,PPO,+VolFore,1,9009.005047013035,-0.019202586646546,-0.0283888654241262,-0.428631242989322,-0.0396521781102691,-0.0925088377450927
BTC,Crypto,PPO,+VolFore,2,10231.874584272056,0.1607482689131862,0.2384515698437405,-0.3534828505821724,0.0089265661574482,0.0252531802963603
BTC,Crypto,PPO,+VolFore,3,8586.592532282966,-0.0919237281572032,-0.1339477265325955,-0.4496689428870571,-0.0573665339730358,-0.1275750413283866
BTC,Crypto,PPO,+VolFore,4,10757.092728341726,0.2381610584829869,0.2785804350680479,-0.2558268527257785,0.0286979484405891,0.1121772329007165
Bovespa,Emerging,BuyHold,-,-1,13064.943647330938,0.788985846813433,1.1914636404339234,-0.1627025476071822,0.1164582957531794,0.7157742608532014
Bovespa,Emerging,Q-Learning,Baseline,0,7786.247372262369,-2.243250364566858,-1.4825621603645145,-0.2213752627737631,-0.0974504246394486,-0.4402046706483143
Bovespa,Emerging,Q-Learning,Baseline,1,9382.69673299788,-1.0326904913555246,-0.6459873356529585,-0.0770742951050895,-0.0257708996463463,-0.3343643897212917
Bovespa,Emerging,Q-Learning,Baseline,2,9811.020927535044,-0.4606949433257707,-0.1816940544186288,-0.034417523679261,-0.0077871578485665,-0.2262556109762363
Bovespa,Emerging,Q-Learning,Baseline,3,9550.077061863049,-1.212830435024638,-0.4114956478365287,-0.0580709891779803,-0.0186866761649243,-0.3217902162356876
Bovespa,Emerging,Q-Learning,Baseline,4,8636.874026612466,-1.361063646606596,-0.6853900154905405,-0.1648709970242749,-0.058280154434986,-0.3534894280165698
Bovespa,Emerging,Q-Learning,+RetFore,0,9099.791456529383,-0.5251984396687354,-0.4567818737133948,-0.1260021670228811,-0.0379162428011816,-0.3009173865557044
Bovespa,Emerging,Q-Learning,+RetFore,1,9481.366841035477,-0.4235356335853443,-0.3678220410231547,-0.0967407455304207,-0.0215858368346228,-0.223130767868767
Bovespa,Emerging,Q-Learning,+RetFore,2,8670.801496292304,-0.8331480153159915,-0.6633151206175771,-0.1884718951982437,-0.0567661075982925,-0.3011913661624832
Bovespa,Emerging,Q-Learning,+RetFore,3,10127.836992074936,0.1091780394735229,0.0832898066033636,-0.0625753778882298,0.0052185691036863,0.0833965255938875
Bovespa,Emerging,Q-Learning,+RetFore,4,8243.814098398383,-1.092512807923653,-0.8537505350093152,-0.2281770841602205,-0.0760828805592702,-0.3334378683948526
Bovespa,Emerging,Q-Learning,+VolFore,0,8955.924100715325,-1.2967044287521257,-0.8797728337174058,-0.1169924774263931,-0.0441781677047955,-0.3776154559357288
Bovespa,Emerging,Q-Learning,+VolFore,1,9585.040574064904,-0.4695835597244432,-0.2977859660522867,-0.0796880220674976,-0.0172161501434547,-0.2160443903182368
Bovespa,Emerging,Q-Learning,+VolFore,2,8623.328784499176,-1.1833984244522764,-0.7353927796526105,-0.147962389859608,-0.0588856046874614,-0.3979768422430602
Bovespa,Emerging,Q-Learning,+VolFore,3,9021.430553969836,-0.8900842563133629,-0.5405803116942974,-0.1334287972931071,-0.0413196480004053,-0.3096756385304703
Bovespa,Emerging,Q-Learning,+VolFore,4,9177.798339659264,-0.6959628509051314,-0.4308672226510171,-0.1163379522157289,-0.0345453521995471,-0.2969396619186807
Bovespa,Emerging,SARSA,Baseline,0,7047.534667712645,-3.192525419187539,-2.2687236085299745,-0.2952465332287354,-0.133572307434743,-0.4524094016399798
Bovespa,Emerging,SARSA,Baseline,1,9124.059874677048,-1.1223216959306357,-0.6271431094394541,-0.1060485459025168,-0.0368657166529114,-0.3476305718180424
Bovespa,Emerging,SARSA,Baseline,2,9481.370599611677,-0.6776866076513347,-0.3067589268393085,-0.069292735947184,-0.0215856779065877,-0.311514296718333
Bovespa,Emerging,SARSA,Baseline,3,9904.503843412256,-0.2271309192125707,-0.1033495807613344,-0.0319558193098028,-0.0039240974678913,-0.1227975859334262
Bovespa,Emerging,SARSA,Baseline,4,8486.319760340379,-1.5375461886395647,-0.7815429120178197,-0.1594205073112005,-0.0650414960057711,-0.4079870093400052
Bovespa,Emerging,SARSA,+RetFore,0,9419.832734228254,-0.3700854331093844,-0.2824422675613855,-0.1249773648429463,-0.0241927526215635,-0.1935770741507625
Bovespa,Emerging,SARSA,+RetFore,1,9835.291948929684,-0.1091815423709691,-0.0883654267892996,-0.0859411761874596,-0.0067821085932893,-0.0789157059989136
Bovespa,Emerging,SARSA,+RetFore,2,7893.879701377049,-1.3418808329037644,-1.08780024505178,-0.2311403799513132,-0.0923588913600262,-0.3995792140649803
Bovespa,Emerging,SARSA,+RetFore,3,9501.229668250387,-0.4318973705299568,-0.2976075883174606,-0.0990355698393662,-0.0207464735312046,-0.2094850725314702
Bovespa,Emerging,SARSA,+RetFore,4,8247.16909898189,-1.2650342052461958,-0.9621426093250712,-0.2007134637542054,-0.0759288273690834,-0.378294639275858
Bovespa,Emerging,SARSA,+VolFore,0,9531.393033685214,-0.6129280983434059,-0.37488499771911,-0.0516031236108174,-0.0194738084048324,-0.3773765431589662
Bovespa,Emerging,SARSA,+VolFore,1,9134.187243800505,-0.9631008363767252,-0.5939968337466458,-0.1047422541685757,-0.0364278129913343,-0.3477852685159746
Bovespa,Emerging,SARSA,+VolFore,2,9759.900478028889,-0.3281489391986777,-0.1702721238451519,-0.0405760270641421,-0.0099088379153938,-0.2442042415706667
Bovespa,Emerging,SARSA,+VolFore,3,10157.556662120656,0.2272520141113356,0.1250602845475592,-0.0291368155936815,0.0064262091922844,0.2205529005529841
Bovespa,Emerging,SARSA,+VolFore,4,9361.945998518311,-0.5220296708584936,-0.3184950027700431,-0.1051113784200031,-0.0266543375261513,-0.2535818474322786
Bovespa,Emerging,DQN,Baseline,0,9858.525896187131,-0.1210095210360751,-0.0401736447076286,-0.0509874855573916,-0.005821374507005,-0.1141726139905116
Bovespa,Emerging,DQN,Baseline,1,10252.199658685278,0.3345353609451123,0.1135987785522464,-0.0396104305222367,0.0102581306953541,0.2589754910474012
Bovespa,Emerging,DQN,Baseline,2,9734.315941722778,-0.1480980785151637,-0.0766129532878717,-0.0715166985605321,-0.0109731502389969,-0.1534347985814214
Bovespa,Emerging,DQN,Baseline,3,9250.043293798042,-0.3652212845228937,-0.2699142522470165,-0.1201443419491195,-0.0314385012370098,-0.2616727573410175
Bovespa,Emerging,DQN,Baseline,4,10509.69543525306,0.2957077824695012,0.4244149541305451,-0.1259452148069685,0.0205791406746822,0.1633975590581962
Bovespa,Emerging,DQN,+RetFore,0,9752.636743185223,-0.0589206017078133,-0.0797044874091752,-0.1535258859656944,-0.010210840471362,-0.066508917418507
Bovespa,Emerging,DQN,+RetFore,1,9229.754524662045,-0.4279796601318751,-0.3418044904736547,-0.0981919955021081,-0.0323095569258446,-0.3290447124564443
Bovespa,Emerging,DQN,+RetFore,2,8643.709752501498,-1.2255647413554631,-0.7450486818493407,-0.1356290247498502,-0.0579748214022338,-0.4274514360678571
Bovespa,Emerging,DQN,+RetFore,3,10137.45164310017,0.1498504591479536,0.0545827663880251,-0.0450378441906407,0.0056094830091535,0.1245504333041476
Bovespa,Emerging,DQN,+RetFore,4,7941.31791258301,-0.910632088245234,-1.1804319122594529,-0.2446162223386554,-0.0901278433694326,-0.368445896626954
Bovespa,Emerging,DQN,+VolFore,0,12897.210977182074,0.7588619788979692,1.1410425079834503,-0.1627025476071822,0.1098807770233296,0.6753476121833253
Bovespa,Emerging,DQN,+VolFore,1,8901.444520959885,-0.6245367545760518,-0.5058749278632452,-0.1213717989070669,-0.0465649191991872,-0.3836551786997722
Bovespa,Emerging,DQN,+VolFore,2,11257.882795700909,0.6153322075544794,0.9152100106657108,-0.094768220831035,0.0497471542727048,0.5249349817474732
Bovespa,Emerging,DQN,+VolFore,3,9823.513370134478,-0.153699561242625,-0.0491451854240684,-0.062301517317448,-0.007269669817864,-0.1166852771932636
Bovespa,Emerging,DQN,+VolFore,4,9188.017760421975,-0.3162546861379376,-0.3613647182708471,-0.1347496909599477,-0.034104997721761,-0.2530988937974268
Bovespa,Emerging,PPO,Baseline,0,10499.671364351463,0.4746321344868274,0.3741087547276542,-0.0474507049732347,0.020180163175369,0.4252868990318835
Bovespa,Emerging,PPO,Baseline,1,11495.016316986406,0.7758770622936605,1.1714275331944706,-0.0841476488524517,0.0587518307793155,0.6981993148927479
Bovespa,Emerging,PPO,Baseline,2,12365.0371966768,0.9055440296422712,1.298760011075031,-0.105841559512225,0.0908816550380673,0.8586575581089347
Bovespa,Emerging,PPO,Baseline,3,9609.554691200156,-0.4905622729386955,-0.3324253538739941,-0.049454725869833,-0.0161870011389999,-0.3273094907305225
Bovespa,Emerging,PPO,Baseline,4,11495.016316986406,0.7758770622936605,1.1714275331944706,-0.0841476488524517,0.0587518307793155,0.6981993148927479
Bovespa,Emerging,PPO,+RetFore,0,11495.016316986406,0.7758770622936605,1.1714275331944706,-0.0841476488524517,0.0587518307793155,0.6981993148927479
Bovespa,Emerging,PPO,+RetFore,1,9722.595759672651,-0.2784265156699079,-0.2135281377957034,-0.0590997310769806,-0.0114612592386323,-0.1939308187969508
Bovespa,Emerging,PPO,+RetFore,2,10807.03990786058,0.4281849409940051,0.3208336544470654,-0.0959299275066664,0.0323133613013979,0.336843382882944
Bovespa,Emerging,PPO,+RetFore,3,13064.688245269046,0.7847879859611973,1.184944952226698,-0.1627025476071821,0.1157638694409533,0.7115061880883027
Bovespa,Emerging,PPO,+RetFore,4,11495.016316986406,0.7758770622936605,1.1714275331944706,-0.0841476488524517,0.0587518307793155,0.6981993148927479
Bovespa,Emerging,PPO,+VolFore,0,11495.016316986406,0.7758770622936605,1.1714275331944706,-0.0841476488524517,0.0587518307793155,0.6981993148927479
Bovespa,Emerging,PPO,+VolFore,1,11185.851020226988,0.5282386503341431,0.7273894583876027,-0.1215490889925151,0.0469897552559734,0.3865907646455537
Bovespa,Emerging,PPO,+VolFore,2,11010.43368996908,0.4484778055320781,0.6245885082678693,-0.1236805515471752,0.0402305838934147,0.3252781734058191
Bovespa,Emerging,PPO,+VolFore,3,13064.688245269046,0.7847879859611973,1.184944952226698,-0.1627025476071821,0.1157638694409533,0.7115061880883027
Bovespa,Emerging,PPO,+VolFore,4,13064.688245269046,0.7847879859611973,1.184944952226698,-0.1627025476071821,0.1157638694409533,0.7115061880883027
DAX,Developed,BuyHold,-,-1,14955.943531542734,1.0891938274833846,1.5551497916002088,-0.1600633120097166,0.1754006002098751,1.0958201352108194
DAX,Developed,Q-Learning,Baseline,0,9695.241804553329,-0.5861034889620265,-0.2529788949473505,-0.0486527137065606,-0.0123036291111301,-0.2528868006229664
DAX,Developed,Q-Learning,Baseline,1,9151.472862737604,-0.8584672162004635,-0.2563366939938972,-0.1061397035536022,-0.0348464809736188,-0.3283076907756062
DAX,Developed,Q-Learning,Baseline,2,9632.099842603917,-0.7854083064387609,-0.3304554627932682,-0.0610811737121302,-0.0148816921251294,-0.2436379529152765
DAX,Developed,Q-Learning,Baseline,3,9894.786465391571,-0.2167335160140162,-0.0653575427938013,-0.0372517423528752,-0.0042219003043744,-0.1133343043197339
DAX,Developed,Q-Learning,Baseline,4,9689.125414501164,-0.5982408832740431,-0.2151010203181158,-0.0580867051009971,-0.0125529175809505,-0.2161065524186353
DAX,Developed,Q-Learning,+RetFore,0,9507.214601612224,-0.4727036483069454,-0.1957127295222068,-0.0782847338827941,-0.0200107339076649,-0.2556147656753726
DAX,Developed,Q-Learning,+RetFore,1,9568.07620821398,-0.2808283674145052,-0.1836595234756098,-0.0779789065672657,-0.017506127957334,-0.2244982486643171
DAX,Developed,Q-Learning,+RetFore,2,9312.887687684872,-0.5554994210614553,-0.3501889405558333,-0.0983478187694269,-0.0280727778974624,-0.2854438283272213
DAX,Developed,Q-Learning,+RetFore,3,9122.82069267036,-1.018226066954974,-0.4019611726726955,-0.1141173312853985,-0.0360563303963141,-0.3159584086822373
DAX,Developed,Q-Learning,+RetFore,4,9605.613076055826,-0.425575028377234,-0.1487920943970422,-0.0636835878368326,-0.0159661557774167,-0.2507106826027744
DAX,Developed,Q-Learning,+VolFore,0,10129.57643328612,0.1451191942081513,0.0820919931523467,-0.0728062654685698,0.005163047345158,0.07091487678785
DAX,Developed,Q-Learning,+VolFore,1,9473.735041503338,-0.3268786645358769,-0.2051169198673761,-0.1470043686556475,-0.0213926038991325,-0.1455235929015037
DAX,Developed,Q-Learning,+VolFore,2,10429.244814947171,0.3780106646382156,0.2898163177567337,-0.0752313122737401,0.0169536159500309,0.2253531865577115
DAX,Developed,Q-Learning,+VolFore,3,9521.595659338253,-0.3807869526836303,-0.2382893962773987,-0.1466165914406406,-0.0194180517182405,-0.1324410254481307
DAX,Developed,Q-Learning,+VolFore,4,9291.916485139074,-0.4841994150794447,-0.2571095880341665,-0.1333758991571996,-0.0289488227657024,-0.2170468798966872
DAX,Developed,SARSA,Baseline,0,10188.35584489443,0.3089494889475088,0.2105261360904787,-0.020962958465988,0.0074920827988504,0.3573962525684941
DAX,Developed,SARSA,Baseline,1,8890.310756386229,-1.1642817914737806,-0.3301279852878168,-0.1234762851543073,-0.0459595760726257,-0.37221378999877
DAX,Developed,SARSA,Baseline,2,9250.813503196005,-0.6069145009631165,-0.389527726693212,-0.1401218202036673,-0.0306692941586695,-0.2188759331977906
DAX,Developed,SARSA,Baseline,3,9974.633528874405,-0.035699178345168,-0.0146715690383876,-0.0296999017448037,-0.0010154320408025,-0.0341897441107203
DAX,Developed,SARSA,Baseline,4,9205.767604221275,-1.0686145470320558,-0.4313052365716217,-0.1021344484850817,-0.032560082465404,-0.3187962822342079
DAX,Developed,SARSA,+RetFore,0,9303.097825085511,-0.6985229843647761,-0.2536383429705072,-0.0923953963460987,-0.0284815892853922,-0.3082576666308826
DAX,Developed,SARSA,+RetFore,1,9281.333303201034,-0.725587917645857,-0.371632205982779,-0.1094984518448579,-0.0293913719390245,-0.2684181506090976
DAX,Developed,SARSA,+RetFore,2,8929.832584611957,-1.0051062067665228,-0.5290854286880119,-0.1459110595611455,-0.0442653606107362,-0.3033722100543245
DAX,Developed,SARSA,+RetFore,3,8778.622709874953,-1.3715207647321044,-0.5008337774427956,-0.1453264538254269,-0.0507719709849155,-0.3493649617677725
DAX,Developed,SARSA,+RetFore,4,9228.42235154556,-0.8642657501626747,-0.3141221767798074,-0.0996182798065538,-0.0316084639544802,-0.3172958217662722
DAX,Developed,SARSA,+VolFore,0,10243.089641880775,0.2448238702113402,0.178215754439359,-0.0842417592865932,0.0096535796563348,0.1145937565641103
DAX,Developed,SARSA,+VolFore,1,8850.51445990075,-0.8504838255108127,-0.4562274638297157,-0.154114706752314,-0.0476701297454305,-0.3093159033922336
DAX,Developed,SARSA,+VolFore,2,10293.975709091514,0.2544108701244169,0.1754534176301627,-0.110524105689037,0.0116569178526053,0.105469460981634
DAX,Developed,SARSA,+VolFore,3,9660.078328952746,-0.3024631489266065,-0.1810575750731141,-0.079093087777946,-0.0137380935867984,-0.1736952491372503
DAX,Developed,SARSA,+VolFore,4,10088.531034165364,0.0916927522942283,0.0684128385525743,-0.1114166162370968,0.0035318802284196,0.0316997620971727
DAX,Developed,DQN,Baseline,0,11345.092453243748,0.5636215695064073,0.4436748865097579,-0.1314644432865663,0.0517759010230227,0.3938395791915213
DAX,Developed,DQN,Baseline,1,12202.296013366104,0.8175478497907486,0.7571915837804737,-0.1072010980533645,0.0828707489809665,0.7730401132546291
DAX,Developed,DQN,Baseline,2,13404.72762895651,0.855849052423244,1.2121729327794108,-0.1480855266287579,0.1243543321828588,0.8397466991745139
DAX,Developed,DQN,Baseline,3,11299.31073847526,0.5903698610973782,0.816245440388123,-0.1155792396379038,0.0500761167737819,0.4332622098071533
DAX,Developed,DQN,Baseline,4,13375.141044041611,0.8532033746878468,1.1637931762002895,-0.173349395807681,0.1233610152322617,0.7116322191766418
DAX,Developed,DQN,+RetFore,0,14031.139311372282,0.962822901441313,1.360899230236805,-0.1519104848544893,0.1450835471394091,0.9550594699070668
DAX,Developed,DQN,+RetFore,1,12539.971404486414,0.6977738437017803,0.9466171112715775,-0.2046578588611359,0.0947592375901456,0.463012943245822
DAX,Developed,DQN,+RetFore,2,10003.50750113448,0.0712796683750053,0.092536788249718,-0.2620375415986773,0.0001402852850631,0.0005353633078937
DAX,Developed,DQN,+RetFore,3,9739.782712651984,-0.1775920250779132,-0.0872661207393764,-0.0934487115328506,-0.0104910942629276,-0.1122657989685318
DAX,Developed,DQN,+RetFore,4,9932.042557898916,0.037253809274606,0.0436838976366182,-0.1998355079499497,-0.0027238597158165,-0.0136305091309655
DAX,Developed,DQN,+VolFore,0,12042.81007410895,0.662115614635343,0.7060152894399536,-0.1250450135467185,0.0771870778249723,0.6172743369372099
DAX,Developed,DQN,+VolFore,1,9218.494826192786,-0.1998961165411421,-0.2363347077701031,-0.1905584940297134,-0.0320252994892065,-0.1680602045692322
DAX,Developed,DQN,+VolFore,2,11605.50269397373,0.4838664501639075,0.6550674504679324,-0.1763469095730351,0.0613670055273172,0.3479902521430562
DAX,Developed,DQN,+VolFore,3,10170.49782547846,0.1189700616633961,0.1571306003070741,-0.2466957201352975,0.0067853433386242,0.0275049090226429
DAX,Developed,DQN,+VolFore,4,11394.929571288814,0.498203006698317,0.6250724796732796,-0.1276606156461805,0.0536215823316965,0.4200323025222763
DAX,Developed,PPO,Baseline,0,14378.278259239902,1.218952767722295,1.6413335393613038,-0.1529838877838247,0.1563325572985014,1.0218890339509916
DAX,Developed,PPO,Baseline,1,12306.872376831663,1.0765828070725665,1.5375389629528315,-0.0825626514388395,0.086573424409289,1.0485785388369222
DAX,Developed,PPO,Baseline,2,12306.872376831663,1.0765828070725665,1.5375389629528315,-0.0825626514388395,0.086573424409289,1.0485785388369222
DAX,Developed,PPO,Baseline,3,13848.341529027944,1.0979799916417958,1.4719453889816627,-0.1586701203700503,0.1390927986158927,0.876616204050416
DAX,Developed,PPO,Baseline,4,12306.872376831663,1.0765828070725665,1.5375389629528315,-0.0825626514388395,0.086573424409289,1.0485785388369222
DAX,Developed,PPO,+RetFore,0,14302.421785621744,1.1900561359360824,1.1969298867081828,-0.1600633120140078,0.1538884668384177,0.961422482773497
DAX,Developed,PPO,+RetFore,1,14955.881422131237,1.0854130690840615,1.5505734972453031,-0.1600633120097167,0.1746941481394408,1.091406556224105
DAX,Developed,PPO,+RetFore,2,13247.23113562191,0.9269977495641972,1.210392710018078,-0.1586701203700502,0.1190514274585223,0.7503077906547273
DAX,Developed,PPO,+RetFore,3,13876.59820181448,0.9129021348947384,1.277204175902288,-0.1928149112251434,0.1400219291165911,0.7261986545862426
DAX,Developed,PPO,+RetFore,4,14955.881422131237,1.0854130690840615,1.5505734972453031,-0.1600633120097167,0.1746941481394408,1.091406556224105
DAX,Developed,PPO,+VolFore,0,14580.738446015685,1.1340117981707067,1.3534191856950537,-0.1600633147686747,0.1628181658324867,1.0172110084486012
DAX,Developed,PPO,+VolFore,1,12819.575521986735,0.736826617318815,0.9811938865177844,-0.1600633120097168,0.1044586428362115,0.6526082805859824
DAX,Developed,PPO,+VolFore,2,13421.166135386584,0.9432836406576124,1.2261114244184592,-0.1586701203700501,0.1249056573914633,0.7872033946868594
DAX,Developed,PPO,+VolFore,3,14474.089422542404,1.0186922178463356,1.4297429135403386,-0.1600633120097167,0.1594085549065536,0.9959093867549152
DAX,Developed,PPO,+VolFore,4,14955.881422131237,1.0854130690840615,1.5505734972453031,-0.1600633120097167,0.1746941481394408,1.091406556224105
DSE,Frontier,BuyHold,-,-1,7917.041358537379,-0.7963249287337754,-1.387122453412163,-0.2841082079964174,-0.1165327506518036,-0.4101703061421688
DSE,Frontier,Q-Learning,Baseline,0,9923.49008324753,-0.0628656298911864,-0.0417206928781639,-0.082656220284885,-0.0040921624269169,-0.0495082210723311
DSE,Frontier,Q-Learning,Baseline,1,10324.603306114252,0.3712891372196065,0.2594073255667293,-0.0754039785285689,0.0172014507903706,0.228123915021609
DSE,Frontier,Q-Learning,Baseline,2,10645.105349683829,0.7896677800024596,0.7360235718427047,-0.0488551366129399,0.0339399582738089,0.6947060355599282
DSE,Frontier,Q-Learning,Baseline,3,10238.115731994902,0.2749463514108933,0.213090912391815,-0.0891383050224925,0.0126432195515078,0.1418382315905118
DSE,Frontier,Q-Learning,Baseline,4,9104.275230819712,-0.961502522631266,-0.8712362022574565,-0.1137846919697254,-0.048867160730913,-0.429470431255248
DSE,Frontier,Q-Learning,+RetFore,0,9148.662331681924,-0.7462102061674403,-0.7091416112342969,-0.1383750680468625,-0.0463941923719257,-0.3352785514503125
DSE,Frontier,Q-Learning,+RetFore,1,10023.641167485232,0.0532215077252048,0.0594762913505873,-0.0884542237722778,0.0012615033075136,0.0142616514361943
DSE,Frontier,Q-Learning,+RetFore,2,9677.78226397098,-0.2515002379144799,-0.2501176196605337,-0.0840643645982482,-0.0173344096979616,-0.2062040173692889
DSE,Frontier,Q-Learning,+RetFore,3,9251.506224155017,-0.5867047801768961,-0.6261246028324622,-0.1315709009417316,-0.0406857805915196,-0.3092308428383322
DSE,Frontier,Q-Learning,+RetFore,4,9546.852073388383,-0.3617570240524462,-0.3839792198559129,-0.1109718807280341,-0.0244548113409052,-0.2203694411615659
DSE,Frontier,Q-Learning,+VolFore,0,9569.21620193945,-0.4809954546983123,-0.3508997166667064,-0.0943692958572586,-0.0232353702386298,-0.2462174802440941
DSE,Frontier,Q-Learning,+VolFore,1,9744.400403769136,-0.2360295631518298,-0.1985035051663189,-0.1010047605853158,-0.0137287393833939,-0.1359217061027704
DSE,Frontier,Q-Learning,+VolFore,2,9805.15163402777,-0.1910334290005599,-0.1648881953369448,-0.0840673620205497,-0.0104506157606916,-0.1243124026897943
DSE,Frontier,Q-Learning,+VolFore,3,10441.433274443156,0.4222474271154537,0.3919356971055652,-0.093124297440286,0.0233306805308564,0.2505326877291737
DSE,Frontier,Q-Learning,+VolFore,4,9845.548229865615,-0.1187093171160393,-0.1115910484997756,-0.0966803396859399,-0.0082760621546967,-0.0856023280585841
DSE,Frontier,SARSA,Baseline,0,9848.678070507818,-0.153620340851931,-0.1018740109329601,-0.0803238828868506,-0.0081077561971617,-0.1009383001128309
DSE,Frontier,SARSA,Baseline,1,10286.31225407204,0.3376402040113038,0.2426447591468327,-0.0610910283267393,0.015185567772517,0.2485727968278734
DSE,Frontier,SARSA,Baseline,2,9978.223974985654,-0.0010514220867344,-0.0006938416698903,-0.0813570194504394,-0.0011632089330092,-0.014297585394012
DSE,Frontier,SARSA,Baseline,3,10340.486080248844,0.4056040656319338,0.2811169448513281,-0.0569204739216068,0.0180365977188479,0.3168736392351856
DSE,Frontier,SARSA,Baseline,4,10161.77669108336,0.202400505684578,0.1724414582548172,-0.0835612064817194,0.008604920778569,0.1029774597659562
DSE,Frontier,SARSA,+RetFore,0,9982.691454070347,0.0113750119960211,0.0100555435793876,-0.076742186775667,-0.0009244734101164,-0.0120464825012982
DSE,Frontier,SARSA,+RetFore,1,9396.680617549411,-0.5057103826008791,-0.5153212010686495,-0.1026987626623693,-0.0326778930111432,-0.3181916915421493
DSE,Frontier,SARSA,+RetFore,2,9589.953263498835,-0.3710102279309897,-0.3189754014344164,-0.0878364753242125,-0.0221058340240657,-0.2516703219501853
DSE,Frontier,SARSA,+RetFore,3,10160.330644021546,0.1783587423422489,0.1460487100706573,-0.0890905439888108,0.0085282893699225,0.0957260893018896
DSE,Frontier,SARSA,+RetFore,4,9874.963413775698,-0.0845337634850017,-0.0738667627093314,-0.0901899787068401,-0.0066952547970481,-0.0742350191559156
DSE,Frontier,SARSA,+VolFore,0,9978.29337927498,0.001860357762366,0.0014049150037728,-0.0774298935176551,-0.0011594996887568,-0.0149748325364477
DSE,Frontier,SARSA,+VolFore,1,9570.52827870713,-0.3432813611894662,-0.3014570159643776,-0.1168161399344111,-0.0231638683573478,-0.1982933896819
DSE,Frontier,SARSA,+VolFore,2,9529.069103349471,-0.4795599851612913,-0.3912557811029877,-0.0735074227016514,-0.0254254077879344,-0.3458889844469724
DSE,Frontier,SARSA,+VolFore,3,9574.163106313994,-0.3104711208106024,-0.2624528000758639,-0.1137013541425115,-0.0229658115701577,-0.2019836240575531
DSE,Frontier,SARSA,+VolFore,4,9699.042206286127,-0.3042451377512957,-0.2704873918543631,-0.0804322240571777,-0.0161824736592554,-0.2011939101366935
DSE,Frontier,DQN,Baseline,0,8107.857422936351,-0.937756884788322,-1.295467031095774,-0.2325155137831278,-0.1059431750718724,-0.4556391672438351
DSE,Frontier,DQN,Baseline,1,9132.038250256874,-0.3819994733663571,-0.5862599469105595,-0.173440187088938,-0.0473197245595587,-0.2728302209165686
DSE,Frontier,DQN,Baseline,2,8487.264356010077,-0.8082013311499687,-1.152071723367477,-0.16649663319281,-0.0838444612741209,-0.503580520913729
DSE,Frontier,DQN,Baseline,3,9031.32528576907,-0.4277453406757894,-0.7108235113411554,-0.1527848148477463,-0.0529437102949612,-0.3465246879892769
DSE,Frontier,DQN,Baseline,4,8671.543066372451,-0.619021301744752,-0.9205694313434007,-0.2090112375634585,-0.0732773770716319,-0.3505906090290165
DSE,Frontier,DQN,+RetFore,0,7418.602985149204,-1.463902044633376,-2.167235288646246,-0.2738167421880204,-0.1473609775639327,-0.5381737303053842
DSE,Frontier,DQN,+RetFore,1,7641.163045224221,-1.250779634776426,-1.8606806543080443,-0.2547930352438615,-0.1337982889475092,-0.5251253780109266
DSE,Frontier,DQN,+RetFore,2,8062.313367959434,-1.068544936794097,-1.460420684431945,-0.2467360391198794,-0.1086280186524639,-0.4402600408092211
DSE,Frontier,DQN,+RetFore,3,9000.939839556804,-0.5418583238851742,-0.7057440070534791,-0.1459802138652955,-0.0546462193120191,-0.3743399044617794
DSE,Frontier,DQN,+RetFore,4,8803.092504668655,-0.5285359468123361,-0.8037849747802297,-0.1901080003934565,-0.0657978507392514,-0.3461077419294666
DSE,Frontier,DQN,+VolFore,0,7704.053778385666,-1.0495431087926932,-1.6362514055505064,-0.2367128308046717,-0.1299992453487751,-0.5491854620060601
DSE,Frontier,DQN,+VolFore,1,8561.545951315282,-0.8847551401235627,-0.9836430142048952,-0.1922029959406426,-0.0795721952060503,-0.4140008058470134
DSE,Frontier,DQN,+VolFore,2,8823.842319486657,-0.5397814664145499,-0.9682968930951492,-0.1856071968570647,-0.064622844956545,-0.3481699311797839
DSE,Frontier,DQN,+VolFore,3,8616.386516085342,-0.6334250976239534,-1.055273696974156,-0.187317447592707,-0.0764291456713615,-0.408019363135552
DSE,Frontier,DQN,+VolFore,4,9943.487930647174,0.0254303629244166,0.0327490758423237,-0.1292010775328663,-0.0030211544857355,-0.0233833536329732
DSE,Frontier,PPO,Baseline,0,9767.039821160208,-0.1087670121784813,-0.118281922017234,-0.1309674949987603,-0.0125060107044017,-0.0954894243371197
DSE,Frontier,PPO,Baseline,1,10240.399857916547,0.1973248248974252,0.2098734879335415,-0.1026466264617097,0.0127638320823599,0.1243473119596086
DSE,Frontier,PPO,Baseline,2,9942.86657282618,0.0009740883873413,0.0009731882243975,-0.0953223742705961,-0.0030544169046207,-0.0320430216720993
DSE,Frontier,PPO,Baseline,3,10073.084839320329,0.0888025175793378,0.0885782188236523,-0.1083053901124553,0.0038953647617503,0.0359664902888928
DSE,Frontier,PPO,Baseline,4,10129.606591708096,0.1294275852244938,0.1266436262501678,-0.0913057565627745,0.006898904474986,0.0755582641732714
DSE,Frontier,PPO,+RetFore,0,10077.385604815108,0.0907653758351018,0.1319775081963854,-0.136681133643061,0.0041241811127752,0.0301737409020563
DSE,Frontier,PPO,+RetFore,1,9816.509288655232,-0.0433452121918204,-0.0662455661443646,-0.1838129482403289,-0.0098388105504839,-0.0535262104471908
DSE,Frontier,PPO,+RetFore,2,10650.917641234426,0.4003313754867466,0.5579517884160017,-0.1074507529322797,0.0342413255114335,0.3186699448508779
DSE,Frontier,PPO,+RetFore,3,10709.561537558306,0.4276254305518469,0.5918654864154697,-0.0906751800437585,0.0372777331962228,0.4111128665840203
DSE,Frontier,PPO,+RetFore,4,10556.505928930752,0.3699064953014048,0.459001978544189,-0.1281699821671678,0.0293365467845192,0.2288878120153569
DSE,Frontier,PPO,+VolFore,0,8922.016371685588,-0.5593383273828123,-0.9839655476049268,-0.1804525106094963,-0.0590808921695261,-0.3274041018861258
DSE,Frontier,PPO,+VolFore,1,10077.190832388556,0.0911591757294391,0.0931982299022118,-0.1100825767345938,0.0041138194960872,0.0373703052570088
DSE,Frontier,PPO,+VolFore,2,9932.267439753428,-0.0081394770219384,-0.0084858237109929,-0.0945101958240214,-0.0036219571517733,-0.0383234541009645
DSE,Frontier,PPO,+VolFore,3,9960.91597793879,0.0164378033637099,0.0183603190034507,-0.1083436399461797,-0.0020885936269827,-0.0192774917660234
DSE,Frontier,PPO,+VolFore,4,10178.111584037364,0.1516461792120541,0.1720557183944821,-0.1278870159526078,0.0094702147344922,0.074051416900115
ETH,Crypto,BuyHold,-,-1,13655.31224979324,0.5705752183008675,0.9142631302042548,-0.6761118335027524,0.1794342896870129,0.2653914349600229
ETH,Crypto,Q-Learning,Baseline,0,9475.985842581642,-0.1690576909560761,-0.0996369924906303,-0.1812722815033654,-0.0279771739224492,-0.1543378485131247
ETH,Crypto,Q-Learning,Baseline,1,13032.098206951889,1.0802210532788483,0.9159372413673946,-0.0958287025751396,0.1498340816459975,1.5635616221241078
ETH,Crypto,Q-Learning,Baseline,2,10873.419641231156,0.322538517048044,0.3127956975976838,-0.2388201689316218,0.0451343268669333,0.1889887569741524
ETH,Crypto,Q-Learning,Baseline,3,7004.575249875226,-0.9630732605686554,-0.5876440267238753,-0.4297161651519304,-0.1711311753714444,-0.3982423498323388
ETH,Crypto,Q-Learning,Baseline,4,9862.602747520628,0.0161820819831061,0.0128044120365103,-0.2969612620721374,-0.0072672249123312,-0.0244719626445465
ETH,Crypto,Q-Learning,+RetFore,0,9080.213765134937,-0.0730493071705024,-0.0706489233525708,-0.3457344814993108,-0.049595706008308,-0.1434502737276539
ETH,Crypto,Q-Learning,+RetFore,1,8637.600158225185,-0.2323538347886365,-0.2024066529998742,-0.3450087422899495,-0.0743076956301569,-0.215379167312498
ETH,Crypto,Q-Learning,+RetFore,2,7365.467137971664,-0.5547340606293096,-0.5273907322829219,-0.4780813693414822,-0.1488846156777453,-0.3114210785551218
ETH,Crypto,Q-Learning,+RetFore,3,7575.476848526532,-0.4639320093084669,-0.4122637075226179,-0.4902237351189628,-0.1361758477504785,-0.2777830569895904
ETH,Crypto,Q-Learning,+RetFore,4,6497.218947013165,-0.6553927794243226,-0.7183725756767627,-0.5616694037491884,-0.2033444868385542,-0.362035897773408
ETH,Crypto,Q-Learning,+VolFore,0,12159.961955199336,0.6098084558658248,0.5198833553435231,-0.2614057271557534,0.1086028227536346,0.4154569371332494
ETH,Crypto,Q-Learning,+VolFore,1,11835.506528199376,0.5411441990361264,0.4645175440999649,-0.3383536093344415,0.0929086467585855,0.2745903817638208
ETH,Crypto,Q-Learning,+VolFore,2,9410.177568447993,-0.0236728788256296,-0.0247244869826891,-0.4446921101317062,-0.0315418499126506,-0.0709296369194358
ETH,Crypto,Q-Learning,+VolFore,3,11655.866435797983,0.4794787136043979,0.4281176341395346,-0.4535662477639463,0.084131767620045,0.1854894803893014
ETH,Crypto,Q-Learning,+VolFore,4,10158.45321051193,0.137886734367865,0.0977032847002882,-0.3540758676304975,0.0083225498569896,0.0235049903645263
ETH,Crypto,SARSA,Baseline,0,8972.747484475187,-0.4930402236620925,-0.2493138156924578,-0.2283493481995458,-0.0555424285025755,-0.2432344516867018
ETH,Crypto,SARSA,Baseline,1,12595.114439407222,1.2680157373416645,0.9827342347292264,-0.0412361898304425,0.1293439278537866,3.136660500945749
ETH,Crypto,SARSA,Baseline,2,9817.425325888238,-0.0201309168021992,-0.0105257538334713,-0.1258194680347365,-0.0096671959402199,-0.0768338643545539
ETH,Crypto,SARSA,Baseline,3,12730.27079509558,0.8702178932848045,0.5233204689384162,-0.186357016669123,0.1357168099873185,0.7282624094994795
ETH,Crypto,SARSA,Baseline,4,10645.435779789686,0.3512953618417269,0.2031214158309908,-0.1209832296480995,0.0335237879044436,0.2770945031115159
ETH,Crypto,SARSA,+RetFore,0,7068.829009071338,-0.7150328769121583,-0.6272907970951195,-0.4640357438861448,-0.1671313907638049,-0.360169217491254
ETH,Crypto,SARSA,+RetFore,1,7732.1504396323535,-0.4782343718421483,-0.3882196143597891,-0.4404244265788301,-0.1268028902547048,-0.2879106666253918
ETH,Crypto,SARSA,+RetFore,2,6601.618677882214,-0.7701366910348557,-0.8769454349754291,-0.4669693132649051,-0.1966213001007134,-0.421058289088799
ETH,Crypto,SARSA,+RetFore,3,5489.189426576768,-0.9827629825496812,-0.879473236386299,-0.5980331842828432,-0.2710972234881688,-0.453314683219148
ETH,Crypto,SARSA,+RetFore,4,7726.792649834098,-0.4255991060450322,-0.4190325081555276,-0.3949251779268673,-0.1271219275603115,-0.3218886378106037
ETH,Crypto,SARSA,+VolFore,0,10173.628238846435,0.1427959387711663,0.1069305471321656,-0.4031162640925744,0.0091163675356114,0.022614735121417
ETH,Crypto,SARSA,+VolFore,1,9982.9139826499,0.0774003927844632,0.0568082167268413,-0.257066535164578,-0.0009011332563774,-0.0035054475519226
ETH,Crypto,SARSA,+VolFore,2,6256.023394904217,-1.2789018762801891,-0.9379846256841314,-0.4279318615486794,-0.2190752640408928,-0.5119395953541542
ETH,Crypto,SARSA,+VolFore,3,12141.31343761935,0.6344138782617681,0.464687067322353,-0.3252667340240797,0.1077061824341603,0.3311318716836737
ETH,Crypto,SARSA,+VolFore,4,11710.08611514715,0.4827063489264267,0.4676584320912753,-0.4371810504811646,0.086787536893877,0.198516236689947
ETH,Crypto,DQN,Baseline,0,9251.019258201684,0.0641789227678898,0.0832129423518855,-0.6196144502178598,-0.0402121178850132,-0.0648986121463266
ETH,Crypto,DQN,Baseline,1,15101.99649882379,0.7210770678456409,0.8950465637851872,-0.4664835247299734,0.2427572862661513,0.5203984136549139
ETH,Crypto,DQN,Baseline,2,14273.209387165292,0.6564387765451071,0.9460820669588758,-0.3129072056135925,0.2063221153303174,0.6593715696801313
ETH,Crypto,DQN,Baseline,3,8445.174479730173,-0.0346368311251283,-0.0415778831367498,-0.583768567710918,-0.085237582343866,-0.146012627363537
ETH,Crypto,DQN,Baseline,4,8222.881798760547,-0.1018958886956343,-0.1149066677155962,-0.6516646796644127,-0.0980115794043443,-0.1504018592118064
ETH,Crypto,DQN,+RetFore,0,10755.535617085938,0.3067443421058732,0.4403727680312942,-0.5820878538363884,0.0391453703772559,0.0672499350728448
ETH,Crypto,DQN,+RetFore,1,7069.011380377883,-0.2736912370118984,-0.3188208682631476,-0.6886591574463654,-0.1671200627042822,-0.2426745667969359
ETH,Crypto,DQN,+RetFore,2,7548.049851602167,-0.1860334140574645,-0.2301324525379874,-0.5691997225856346,-0.1378260549632166,-0.2421400599720758
ETH,Crypto,DQN,+RetFore,3,4448.782546012832,-0.9928770036737382,-1.0726493593287143,-0.6875727875899013,-0.3475399477137405,-0.5054591368158148
ETH,Crypto,DQN,+RetFore,4,7936.294439423518,-0.1273712802130321,-0.1517131105269683,-0.5314685676954717,-0.1147237252309952,-0.2158617314439476
ETH,Crypto,DQN,+VolFore,0,9668.265725139136,0.1153729181535068,0.1534483068776084,-0.3489646798634105,-0.0176283530315934,-0.0505161526331058
ETH,Crypto,DQN,+VolFore,1,17783.83782670847,0.9242347454897866,1.2926367135199583,-0.5057547101967513,0.3546047715555926,0.701139830051096
ETH,Crypto,DQN,+VolFore,2,15384.687301474469,0.7664116960071313,0.9229847559601168,-0.5024720861531972,0.2549676255020165,0.507426447215165
ETH,Crypto,DQN,+VolFore,3,19092.107086368294,1.2132442448688756,1.5818556464034086,-0.2039575741430198,0.4062586788636559,1.9918783627853207
ETH,Crypto,DQN,+VolFore,4,7616.798460231236,-0.152802423948459,-0.1788323461208165,-0.6038497727184997,-0.1336949641924192,-0.2214043463000908
ETH,Crypto,PPO,Baseline,0,8917.86902085163,-0.0750851788280325,-0.0725715348462136,-0.5377946271711191,-0.0585921554827151,-0.1089489417006818
ETH,Crypto,PPO,Baseline,1,8342.965859578222,-0.1957698193683081,-0.1778185448098251,-0.5747335395030095,-0.091090980265702,-0.1584925430736352
ETH,Crypto,PPO,Baseline,2,10000.60151680165,0.1559339749400292,0.1623162990137618,-0.4863657094927625,3.171131351176193e-05,6.520055360146359e-05
ETH,Crypto,PPO,Baseline,3,7800.445198797918,-0.3425305480752438,-0.3197934177634743,-0.5650639523887793,-0.1227453002176433,-0.2172237313998292
ETH,Crypto,PPO,Baseline,4,13915.10395818184,0.71625899697395,0.9454950739031036,-0.4212681407750361,0.1902702502204474,0.4516606688318333
ETH,Crypto,PPO,+RetFore,0,9974.754959630176,0.227686156381191,0.3327208657198274,-0.6699646891032931,-0.0013317053471354,-0.0019877246798124
ETH,Crypto,PPO,+RetFore,1,10479.02808185858,0.2715266507499953,0.3499522240150232,-0.614740820925632,0.0249747466995164,0.0406264654132951
ETH,Crypto,PPO,+RetFore,2,10295.023728752918,0.2768863618851425,0.4267413357995664,-0.6961328881766878,0.0154466184408372,0.022189180691165
ETH,Crypto,PPO,+RetFore,3,10469.137932673975,0.2794021453030738,0.38537637575634,-0.6380284694091052,0.0244646358266291,0.0383441131541483
ETH,Crypto,PPO,+RetFore,4,13422.225931018602,0.5640313729614795,0.9066752034411052,-0.536459080123113,0.167854321632858,0.3128930571815915
ETH,Crypto,PPO,+VolFore,0,10799.054617629128,0.29580765148488,0.4340949557315565,-0.5870849213531975,0.0413598976431015,0.0704495996042597
ETH,Crypto,PPO,+VolFore,1,8670.85262829874,-0.1085528945609557,-0.1060886035633633,-0.5333681468760422,-0.0724306473905634,-0.1357985995501545
ETH,Crypto,PPO,+VolFore,2,12881.203813990533,0.523859616171186,0.6830638817537054,-0.5145400279166703,0.1427958995088023,0.2775214594804092
ETH,Crypto,PPO,+VolFore,3,14220.486225450515,0.6489095558373512,0.8497519529439129,-0.457566349717497,0.203970883205129,0.4457733470361524
ETH,Crypto,PPO,+VolFore,4,14665.533019617824,0.7276406621895954,1.0907755872726823,-0.4876001075286502,0.2236907324934647,0.4587585790880131
FTSE100,Developed,BuyHold,-,-1,13930.01797378925,1.2358576017631786,1.5391860704739309,-0.1343433128094448,0.1434327934768395,1.0676586015056797
FTSE100,Developed,Q-Learning,Baseline,0,9887.075607192324,-0.477227747667121,-0.192120747572567,-0.0221909444785358,-0.004561265543458,-0.2055462554856272
FTSE100,Developed,Q-Learning,Baseline,1,10046.66978898111,0.3951896888902298,0.2372238206531723,-0.0042678694169718,0.0018761072501709,0.4395887189684654
FTSE100,Developed,Q-Learning,Baseline,2,9237.281416848911,-0.8456440273055912,-0.1693708614918835,-0.0774002207808762,-0.0314331432752331,-0.4061118037869142
FTSE100,Developed,Q-Learning,Baseline,3,9937.487378135347,-0.2292471636133123,-0.1076025476436667,-0.0193984484745649,-0.0025211975015022,-0.1299690284343128
FTSE100,Developed,Q-Learning,Baseline,4,9974.4487312882,-0.2092476663599438,-0.0643409814387834,-0.0074134257960664,-0.001029367582259,-0.1388518089256866
FTSE100,Developed,Q-Learning,+RetFore,0,9762.274740698016,-0.4742398165129731,-0.1794202210210229,-0.0458416050800136,-0.0096386031368375,-0.2102588493531952
FTSE100,Developed,Q-Learning,+RetFore,1,9831.429623474616,-0.6154654498773211,-0.148548119417035,-0.0203045076351725,-0.0068203811264031,-0.3359047778264082
FTSE100,Developed,Q-Learning,+RetFore,2,9881.316095985128,-0.5948874557015842,-0.2052367525651278,-0.015333353477507,-0.0047947371685921,-0.3126998392956222
FTSE100,Developed,Q-Learning,+RetFore,3,9745.56915338098,-0.8513787577695828,-0.2767073908170743,-0.0288604469791529,-0.01032118191958,-0.3576237723094819
FTSE100,Developed,Q-Learning,+RetFore,4,9851.58668242058,-0.5497836689665435,-0.1515271425642179,-0.0201617444331217,-0.0060011645751307,-0.2976510586541513
FTSE100,Developed,Q-Learning,+VolFore,0,10551.969665295046,0.7310299309116525,0.4772092858691924,-0.015541895762659,0.0218638887027162,1.4067710294287086
FTSE100,Developed,Q-Learning,+VolFore,1,10220.619063298256,0.3648483555083253,0.1292418575165981,-0.0231700846599985,0.0088232985414509,0.3808056237404643
FTSE100,Developed,Q-Learning,+VolFore,2,10148.085059723791,0.3402027672842043,0.128983033501992,-0.0256550112557338,0.0059350872093049,0.231342218091878
FTSE100,Developed,Q-Learning,+VolFore,3,10536.28964801848,0.8979608675349772,0.4741298689065719,-0.0240100094050781,0.0212523483020627,0.8851453551152186
FTSE100,Developed,Q-Learning,+VolFore,4,10483.78332172726,1.0638033514971537,0.3824157146518168,-0.015542457901169,0.0192005675282158,1.2353623634738202
FTSE100,Developed,SARSA,Baseline,0,9848.650271167333,-0.8564567554877529,-0.2127739163747607,-0.0199299963148109,-0.0061204428785706,-0.3070970401391958
FTSE100,Developed,SARSA,Baseline,1,10033.861193750105,0.3666269410126,0.2279412573550813,-0.001501117841132,0.001361726059146,0.9071413455535564
FTSE100,Developed,SARSA,Baseline,2,10077.156253627443,0.3990330752134232,0.2340357691083239,-0.0072590861777561,0.003098841131788,0.4268913545697872
FTSE100,Developed,SARSA,Baseline,3,9523.004886157658,-1.6690830104617462,-0.5025844667590258,-0.0476995113842342,-0.0194824957384411,-0.4084422496720198
FTSE100,Developed,SARSA,Baseline,4,9938.609314815938,-0.4129373147933789,-0.1942527838160722,-0.0093971925579538,-0.0024758652808889,-0.2634686120728564
FTSE100,Developed,SARSA,+RetFore,0,9757.390968672533,-0.996573678828426,-0.2478794303802588,-0.026670228925877,-0.0098380784623267,-0.3688786657699965
FTSE100,Developed,SARSA,+RetFore,1,9725.58188889621,-0.7138992072864927,-0.2181568087783792,-0.0329630555051101,-0.0111387669197534,-0.3379166994300248
FTSE100,Developed,SARSA,+RetFore,2,9673.991742165024,-1.0813904858015309,-0.2601947686400654,-0.0360612118896498,-0.0132537276644317,-0.3675341723018546
FTSE100,Developed,SARSA,+RetFore,3,9545.39653330186,-1.7744113139499402,-0.7233062480382575,-0.0515909130612255,-0.0185550493317728,-0.3596573161904115
FTSE100,Developed,SARSA,+RetFore,4,9819.41196056812,-0.703865098033249,-0.2063670429356077,-0.0203576897301418,-0.0073092765885873,-0.3590425379853448
FTSE100,Developed,SARSA,+VolFore,0,10129.59538151976,0.1926244429989176,0.0931964047412778,-0.0457534941952425,0.0051968805547213,0.1135843424860898
FTSE100,Developed,SARSA,+VolFore,1,10362.36054606704,0.6010188453084526,0.3398467490030836,-0.0147977545811693,0.0144321172095434,0.9752910233376564
FTSE100,Developed,SARSA,+VolFore,2,9876.792054105868,-0.1751663095140672,-0.0440496898351674,-0.0328856988503376,-0.0049781839528243,-0.1513783841215787
FTSE100,Developed,SARSA,+VolFore,3,10445.396165790584,0.6176220837130981,0.32316343527911,-0.017545058863147,0.0176966311621298,1.008639030461876
FTSE100,Developed,SARSA,+VolFore,4,10287.357125150567,0.5010435920179385,0.2835837314424552,-0.0257361305017246,0.0114699252140553,0.4456740384045313
FTSE100,Developed,DQN,Baseline,0,10871.555483330769,0.9073452904029268,0.4999085932140998,-0.0342471044159501,0.0342116674621604,0.9989652569058608
FTSE100,Developed,DQN,Baseline,1,9324.003243091644,-0.7523937654812033,-0.2850319567808028,-0.102375197338423,-0.0277828610680005,-0.2713827351744874
FTSE100,Developed,DQN,Baseline,2,10062.994123867044,0.07156581234702,0.037510584276297,-0.0811414464684221,0.0025311097061258,0.0311937957265728
FTSE100,Developed,DQN,Baseline,3,11121.2143600959,0.8635184112819785,1.066516061680315,-0.05284540291729,0.0437075994027622,0.8270842303983043
FTSE100,Developed,DQN,Baseline,4,10573.583460833514,0.4124359741655882,0.2030188950035279,-0.0723846695878397,0.0227059646014782,0.3136847170879265
FTSE100,Developed,DQN,+RetFore,0,10376.718184460577,0.3031273277481686,0.1120758190193627,-0.0536602619141528,0.0149976969611451,0.2794935474757729
FTSE100,Developed,DQN,+RetFore,1,10285.955960687454,0.1972513071721373,0.0832729915636464,-0.0974244711165118,0.0114144649222838,0.1171621954048471
FTSE100,Developed,DQN,+RetFore,2,9326.495851526231,-0.381481824190677,-0.1596155303540685,-0.1324088397009481,-0.0276782430600203,-0.2090362178410742
FTSE100,Developed,DQN,+RetFore,3,13518.31931540854,1.127822674131607,1.4044989148540477,-0.1343433128094448,0.1290253857037566,0.96041539399738
FTSE100,Developed,DQN,+RetFore,4,10691.192306148789,0.4242337536432111,0.2467118066138077,-0.0866018564211482,0.0272700933371285,0.3148904014735915
FTSE100,Developed,DQN,+VolFore,0,10596.678834144284,0.4208350193769756,0.1815792138493338,-0.0495447580372427,0.0236046271681935,0.4764303652461787
FTSE100,Developed,DQN,+VolFore,1,12031.042116744426,0.933647594984674,0.9742039133763172,-0.1078226003646711,0.0772749140346056,0.7166856834516543
FTSE100,Developed,DQN,+VolFore,2,9522.86085258596,-0.4272984828086802,-0.1989959852422447,-0.0770813190779706,-0.0194884657234977,-0.2528299457814361
FTSE100,Developed,DQN,+VolFore,3,10023.564039950124,0.0484671875460684,0.0169886429347361,-0.0303087748681242,0.0009479174745101,0.0312753477698573
FTSE100,Developed,DQN,+VolFore,4,11401.177167205691,0.6693089125757462,0.7059612231162008,-0.1152525409230522,0.0542058844885378,0.4703226848964462
FTSE100,Developed,PPO,Baseline,0,10361.814467088385,0.699015241148239,0.4188901558352174,-0.0230351663688624,0.0144105966878687,0.6255911703213273
FTSE100,Developed,PPO,Baseline,1,11836.620586460029,1.2220145215055214,1.5226809774477552,-0.0688360082054005,0.0702327935130873,1.020291491954307
FTSE100,Developed,PPO,Baseline,2,11836.620586460029,1.2220145215055214,1.5226809774477552,-0.0688360082054005,0.0702327935130873,1.020291491954307
FTSE100,Developed,PPO,Baseline,3,10397.446539676734,0.5117872665747194,0.1909443611839409,-0.0250987334836852,0.0158134094840853,0.630048105564147
FTSE100,Developed,PPO,Baseline,4,11836.620586460029,1.2220145215055214,1.5226809774477552,-0.0688360082054005,0.0702327935130873,1.020291491954307
FTSE100,Developed,PPO,+RetFore,0,10419.540005602585,0.4514855699469322,0.2193727629371628,-0.0488272231757031,0.0166817735813371,0.3416490329783185
FTSE100,Developed,PPO,+RetFore,1,13929.951409778205,1.2304557217928571,1.5335886883775671,-0.1343433128094448,0.1427408772707386,1.0625082431318518
FTSE100,Developed,PPO,+RetFore,2,10781.863355024572,0.5105871220743821,0.1921320388078249,-0.04974933477593,0.0307683901278883,0.6184683728104118
FTSE100,Developed,PPO,+RetFore,3,13897.442069278472,1.2222824642456056,1.5242952940264272,-0.1343433128094448,0.1416665525543394,1.0545113827453958
FTSE100,Developed,PPO,+RetFore,4,12515.87345479891,1.1467686005923334,1.3410476233250552,-0.0918979157330925,0.0945448638624704,1.0288031356014304
FTSE100,Developed,PPO,+VolFore,0,10774.121569976276,0.5068590518252695,0.1903464693319049,-0.0497493347759299,0.0304703822369027,0.6124781843521789
FTSE100,Developed,PPO,+VolFore,1,10740.503799328842,0.4844214912150189,0.1867447508075271,-0.04974933477593,0.0291748326423795,0.58643663826252
FTSE100,Developed,PPO,+VolFore,2,10701.779517635476,0.4665908602042142,0.1699733250461891,-0.0497493347759302,0.027679483946509,0.5563789761334587
FTSE100,Developed,PPO,+VolFore,3,13929.951409778205,1.2304557217928571,1.5335886883775671,-0.1343433128094448,0.1427408772707386,1.0625082431318518
FTSE100,Developed,PPO,+VolFore,4,12001.170245603596,0.8095543176807254,0.7506048108843908,-0.1343433128094448,0.0761973716644655,0.5671839563162934
KOSPI,Emerging,BuyHold,-,-1,26177.257735341533,1.262992141538345,1.4728916790346978,-0.3863042960479462,0.4890852116079267,1.2660620568039394
KOSPI,Emerging,Q-Learning,Baseline,0,10410.498320762172,0.2104195457037722,0.1413006499868538,-0.1055843744280426,0.0167583368072079,0.1587198569658646
KOSPI,Emerging,Q-Learning,Baseline,1,10544.335693574922,0.292885835601089,0.1659683208315634,-0.0742998585057404,0.022138109798738,0.2979562847583315
KOSPI,Emerging,Q-Learning,Baseline,2,9089.136473912684,-0.296049365293261,-0.138895717422212,-0.1236475142514371,-0.0386864050096615,-0.3128765284409998
KOSPI,Emerging,Q-Learning,Baseline,3,11340.91736424806,0.5888322591176275,0.3467169847283693,-0.1044354886952882,0.0533579367882468,0.5109176722811013
KOSPI,Emerging,Q-Learning,Baseline,4,10747.157707129116,0.3469000648128013,0.2234466032604914,-0.1361665740137765,0.0302149714552375,0.2218971261769329
KOSPI,Emerging,Q-Learning,+RetFore,0,11589.894716243747,0.6231036999611762,0.5155622961559639,-0.0846264417122037,0.0628505046620093,0.742681641690758
KOSPI,Emerging,Q-Learning,+RetFore,1,11268.419134005264,0.4538643384542232,0.2621674311538846,-0.154180320495441,0.0505709008164598,0.3279984154503505
KOSPI,Emerging,Q-Learning,+RetFore,2,10473.523206881851,0.2431405261265355,0.1535168020830561,-0.0890610844994048,0.0192967321175159,0.2166685059559117
KOSPI,Emerging,Q-Learning,+RetFore,3,10670.47228450984,0.2630343169211143,0.1458330118534674,-0.1443540211653001,0.02717177781826,0.1882301414171024
KOSPI,Emerging,Q-Learning,+RetFore,4,10865.964952466207,0.3482659757307574,0.2358984111674337,-0.156910452031851,0.0349046703480475,0.2224496194857679
KOSPI,Emerging,Q-Learning,+VolFore,0,10989.529795098217,0.3946748290993507,0.3224359811757267,-0.0785015009430245,0.0397503501506526,0.5063642054308826
KOSPI,Emerging,Q-Learning,+VolFore,1,11554.780424672452,0.614366176226137,0.4546758116228672,-0.085718022742957,0.0615190270521914,0.7176906919091115
KOSPI,Emerging,Q-Learning,+VolFore,2,12022.57005096173,0.9339935880735571,0.8906130463100823,-0.0693068116242946,0.0790661563683614,1.1408136446361208
KOSPI,Emerging,Q-Learning,+VolFore,3,12396.04528968022,0.9433173818673232,0.6120224337600662,-0.1152165245462541,0.092789836875132,0.8053518125091153
KOSPI,Emerging,Q-Learning,+VolFore,4,11253.964043205247,0.4908121177981255,0.3864348621831238,-0.0822391296468234,0.0500139492044804,0.6081527056360826
KOSPI,Emerging,SARSA,Baseline,0,11016.379923641303,0.4390186405170397,0.2544442834663522,-0.0878475943731834,0.0407990614836066,0.4644300367500632
KOSPI,Emerging,SARSA,Baseline,1,10300.463617628971,0.1785728439867963,0.0911351964520055,-0.0995452471778473,0.0123048612384775,0.1236107356925846
KOSPI,Emerging,SARSA,Baseline,2,11712.333060754032,0.7566387832209369,0.47174534539045,-0.0835793173893553,0.0674747401258399,0.8073138454900354
KOSPI,Emerging,SARSA,Baseline,3,10675.924049893623,0.3485554500075009,0.1929562339749675,-0.0982625699300358,0.0273885493270851,0.2787282008429798
KOSPI,Emerging,SARSA,Baseline,4,9345.826197719412,-0.1790389805426809,-0.0844503455841208,-0.1437942263286739,-0.0275624096881492,-0.1916795297813802
KOSPI,Emerging,SARSA,+RetFore,0,12870.97870659578,0.8894605968865051,0.6480520960398899,-0.0733387478680229,0.109895671126732,1.4984666948909022
KOSPI,Emerging,SARSA,+RetFore,1,11720.246206445536,0.6018506358212773,0.4266599994242852,-0.0820280679127872,0.0677726246773067,0.8262126172292245
KOSPI,Emerging,SARSA,+RetFore,2,11227.706634895276,0.3369132498460171,0.2894320613917722,-0.2442407254956031,0.0490011818015414,0.2006265814266219
KOSPI,Emerging,SARSA,+RetFore,3,10211.101487925696,0.1330449962760218,0.075009332299194,-0.1497404185750993,0.0086674863316893,0.0578834119345302
KOSPI,Emerging,SARSA,+RetFore,4,11401.08039955906,0.4645656312109635,0.3456265108102579,-0.0955873789386421,0.0556628444497349,0.5823242050070516
KOSPI,Emerging,SARSA,+VolFore,0,12467.338668851406,1.1736313459031202,1.0737163618281942,-0.0459666602526701,0.0953818790057174,2.075023037987664
KOSPI,Emerging,SARSA,+VolFore,1,11622.378434851184,0.6455209513443013,0.4386306727460921,-0.0730702908817588,0.0640801286710299,0.8769655614734921
KOSPI,Emerging,SARSA,+VolFore,2,11793.230688103784,0.6803895050935974,0.4994072313638902,-0.0639441145696095,0.0705145243778886,1.1027523776253692
KOSPI,Emerging,SARSA,+VolFore,3,11613.613694431022,1.011225324306758,0.9378482996513132,-0.0476217448470721,0.0637485510443149,1.3386437487263916
KOSPI,Emerging,SARSA,+VolFore,4,10152.367975778652,0.1142928087112108,0.0830216833722613,-0.1219025444615538,0.006266626796169,0.0514068580257901
KOSPI,Emerging,DQN,Baseline,0,22574.77733673276,1.3973275235385023,1.6964249221620382,-0.2427838822628675,0.399867964871335,1.6470119891926849
KOSPI,Emerging,DQN,Baseline,1,21200.69180815694,1.1098651812514106,1.1605308966778165,-0.3863042960479462,0.364017723947208,0.9423082468155768
KOSPI,Emerging,DQN,Baseline,2,14663.304341778014,0.6465846611911061,0.6848009271319554,-0.423332475109012,0.1713126382098895,0.4046763437304692
KOSPI,Emerging,DQN,Baseline,3,21222.65579379244,1.060613649173202,1.2067343073764307,-0.3863042960479462,0.3646013300988078,0.9438189888848956
KOSPI,Emerging,DQN,Baseline,4,19409.820747563623,1.3034085593288658,1.822705923082968,-0.1987969553704793,0.3151822573497782,1.5854481109170764
KOSPI,Emerging,DQN,+RetFore,0,17214.965046465884,0.8389570881374145,0.914194090037984,-0.3925445416145309,0.2515733561341691,0.6408784977592863
KOSPI,Emerging,DQN,+RetFore,1,14018.528646769491,0.6356848904749681,0.6648748451456237,-0.4473859529615294,0.1497540279545886,0.3347311800089779
KOSPI,Emerging,DQN,+RetFore,2,21127.41002481758,1.1028764404893932,1.1704020840778206,-0.4143562704307679,0.3620679789849617,0.8738083741502918
KOSPI,Emerging,DQN,+RetFore,3,12985.26937438445,0.5943415431068433,0.4832341501411204,-0.2069310129205183,0.1139565893851988,0.5506984563421556
KOSPI,Emerging,DQN,+RetFore,4,13411.969601876144,0.5524372083700464,0.5724121752412835,-0.4211678122821145,0.1289353124966417,0.3061376219557104
KOSPI,Emerging,DQN,+VolFore,0,17824.32789294054,0.9042064031805048,1.0406071017409355,-0.2133076603772958,0.2696886606695396,1.2643177473854126
KOSPI,Emerging,DQN,+VolFore,1,16269.013493174163,0.8366738089560076,1.011065383968624,-0.3553141869287187,0.2226902193037516,0.6267417049345116
KOSPI,Emerging,DQN,+VolFore,2,19153.850167330813,0.955570782578295,1.1591690282110825,-0.3890182976604326,0.3079891862015715,0.791708739802307
KOSPI,Emerging,DQN,+VolFore,3,21328.606978532265,1.0316032045629886,1.2079789039000033,-0.3863042960479461,0.3674115969747349,0.9510937381037632
KOSPI,Emerging,DQN,+VolFore,4,10944.047777774633,0.2824058784037296,0.3125489749575491,-0.3863042960479461,0.037970478606303,0.0982916291500214
KOSPI,Emerging,PPO,Baseline,0,16345.73560719618,1.1855983161019576,1.378388025164349,-0.2093032000258856,0.2250689571184432,1.075324969181228
KOSPI,Emerging,PPO,Baseline,1,16500.104564648642,0.8069134148709887,0.8608624415638305,-0.3863042960479461,0.2298353245336228,0.5949592766229603
KOSPI,Emerging,PPO,Baseline,2,19331.80695844784,0.9493977420062184,1.0051271790149885,-0.3863042960479461,0.3129959082693552,0.8102314974765321
KOSPI,Emerging,PPO,Baseline,3,14406.83791189645,0.647211302437687,0.5982584517435812,-0.3736425246115166,0.1628054460368027,0.4357251525522662
KOSPI,Emerging,PPO,Baseline,4,16990.820332667667,0.835436066109351,0.8911832333246338,-0.3863042960479461,0.2448153744711716,0.6337371263408178
KOSPI,Emerging,PPO,+RetFore,0,24507.68795103348,1.2066061791570817,1.3592957092815183,-0.3863042960479461,0.4481933245459597,1.1602079736881106
KOSPI,Emerging,PPO,+RetFore,1,23573.44089870029,1.152327673110878,1.3308456187483992,-0.3863042960479461,0.4251265380176761,1.1004965317906046
KOSPI,Emerging,PPO,+RetFore,2,15705.454644046376,0.739922293160154,0.6549951597334558,-0.3736425246115165,0.2050119656828746,0.5486847780387977
KOSPI,Emerging,PPO,+RetFore,3,24550.616210457552,1.207786189626369,1.3637596548085933,-0.3863042960479462,0.4492407306640695,1.1629193235975537
KOSPI,Emerging,PPO,+RetFore,4,16345.73560719618,1.1855983161019576,1.378388025164349,-0.2093032000258856,0.2250689571184432,1.075324969181228
KOSPI,Emerging,PPO,+VolFore,0,24849.90458584381,1.2006030477912004,1.3890351139925263,-0.3863042960479462,0.4565133740732994,1.1817455274053112
KOSPI,Emerging,PPO,+VolFore,1,21937.59497310392,1.07723283806656,1.223090524214798,-0.3863042960479462,0.38340778598478,0.9925019988289252
KOSPI,Emerging,PPO,+VolFore,2,24034.30473735397,1.1674979965595866,1.3145386820344154,-0.3863042960479462,0.4365711408103137,1.1301224068059508
KOSPI,Emerging,PPO,+VolFore,3,20226.231802271017,1.0083786911716035,1.166814427779637,-0.3736425236311602,0.3377593399303622,0.9039638653733002
KOSPI,Emerging,PPO,+VolFore,4,16345.73560719618,1.1855983161019576,1.378388025164349,-0.2093032000258856,0.2250689571184432,1.075324969181228
MexIPC,Emerging,BuyHold,-,-1,11608.439613547544,0.4582315833614853,0.6853980139967478,-0.1593102722526361,0.0629345180319336,0.3950436914183177
MexIPC,Emerging,Q-Learning,Baseline,0,9831.31244182173,-0.1649181097404572,-0.0779839253661957,-0.0401649995061376,-0.0068688870458948,-0.1710167342258819
MexIPC,Emerging,Q-Learning,Baseline,1,10169.879436403458,0.151644487907255,0.0613902019382497,-0.0699462442667429,0.0068481103994071,0.0979053338903182
MexIPC,Emerging,Q-Learning,Baseline,2,9810.01669531607,-0.1202084835375871,-0.0397844924028025,-0.0699462442667428,-0.0077410108610292,-0.1106708579148004
MexIPC,Emerging,Q-Learning,Baseline,3,9258.056813920064,-0.4819848094558992,-0.230030240523759,-0.083837899243797,-0.0307502638660389,-0.3667823757874909
MexIPC,Emerging,Q-Learning,Baseline,4,9910.326897398132,-0.0374842319468022,-0.013208539982609,-0.0693205683715323,-0.0036427944638948,-0.0525499797450916
MexIPC,Emerging,Q-Learning,+RetFore,0,8228.122439076134,-1.204464471722301,-0.6117893609145655,-0.1856744122390844,-0.0759732446849781,-0.4091745532860051
MexIPC,Emerging,Q-Learning,+RetFore,1,8613.37911280202,-0.9529542202465904,-0.4736725575377637,-0.1395045167911131,-0.0586829763914084,-0.4206528773463057
MexIPC,Emerging,Q-Learning,+RetFore,2,8748.399240317614,-0.7737169370971217,-0.4311924113506865,-0.1341833563990225,-0.0527324110609542,-0.392987718266268
MexIPC,Emerging,Q-Learning,+RetFore,3,8935.060924264655,-0.6253869924296522,-0.3431709874089751,-0.1288498345954403,-0.0445951998996198,-0.3461021121159576
MexIPC,Emerging,Q-Learning,+RetFore,4,8726.509122759308,-0.9809907274402616,-0.7274213135702816,-0.1290694455477636,-0.0536934165188852,-0.416004084395012
MexIPC,Emerging,Q-Learning,+VolFore,0,10059.00909597263,0.0699472114049073,0.042442213648753,-0.0473388359847344,0.0023865393874065,0.0504139854246881
MexIPC,Emerging,Q-Learning,+VolFore,1,10833.791645646852,0.5237934082055373,0.3567655083177474,-0.0443604604894732,0.0329781293499356,0.7434126919628773
MexIPC,Emerging,Q-Learning,+VolFore,2,10009.297931449242,0.0437104594828623,0.0272091642017197,-0.0841558137687232,0.0003765966359812,0.0044749925063015
MexIPC,Emerging,Q-Learning,+VolFore,3,10040.963457666943,0.0584455688917143,0.0307324640305856,-0.0685490678685457,0.0016575951294233,0.0241811476208232
MexIPC,Emerging,Q-Learning,+VolFore,4,10600.715274329725,0.4012909221358321,0.2044843372753422,-0.0685490678685458,0.0239161891165666,0.3488915292339354
MexIPC,Emerging,SARSA,Baseline,0,9640.322887972665,-0.258379672707168,-0.0987847582206149,-0.0793622210269427,-0.0147310691341489,-0.1856181561370645
MexIPC,Emerging,SARSA,Baseline,1,10210.727882066732,0.1747567403246022,0.0718555981402022,-0.0720128706459716,0.0084846096565913,0.1178207392701428
MexIPC,Emerging,SARSA,Baseline,2,9961.881802432235,-0.0003773727586239,-0.0001345785687324,-0.0709008199830348,-0.0015460929871352,-0.0218064189875858
MexIPC,Emerging,SARSA,Baseline,3,9515.819349439822,-0.3581378076564541,-0.1542083191903438,-0.0735955712698791,-0.0199063222860093,-0.2704826111443746
MexIPC,Emerging,SARSA,Baseline,4,9846.294092948405,-0.1032714786188881,-0.0342458466302349,-0.0703446362575794,-0.0062560172766653,-0.0889338208199542
MexIPC,Emerging,SARSA,+RetFore,0,9201.670458124394,-0.6145098969325158,-0.3799063578935453,-0.1182721700800979,-0.03314627368646,-0.2802542108065831
MexIPC,Emerging,SARSA,+RetFore,1,9089.75950935607,-0.5743193465772858,-0.2903827851670056,-0.1057182574613657,-0.0379276748536951,-0.3587618237767201
MexIPC,Emerging,SARSA,+RetFore,2,9959.869786069596,0.0027477021444514,0.0018830158286769,-0.0899966673480975,-0.0016277990702548,-0.0180873260999838
MexIPC,Emerging,SARSA,+RetFore,3,9187.321675573834,-0.5391275522118697,-0.2356574887115724,-0.0933049500406728,-0.0337573857480641,-0.3617963005498328
MexIPC,Emerging,SARSA,+RetFore,4,9864.408913821995,-0.0343517652453053,-0.0196454674770777,-0.1030409438401715,-0.0055157161133011,-0.0535293632578049
MexIPC,Emerging,SARSA,+VolFore,0,9782.099827269403,-0.0956362368697957,-0.048816734959952,-0.0750578640764981,-0.008885996753393,-0.1183886174034766
MexIPC,Emerging,SARSA,+VolFore,1,9727.132863044191,-0.1320691558516273,-0.0868204260208053,-0.0740547205413162,-0.0111461132597032,-0.1505118536411757
MexIPC,Emerging,SARSA,+VolFore,2,10304.481897059532,0.2462313511663738,0.1625976691142371,-0.0421931249882775,0.012225980123856,0.2897623754335089
MexIPC,Emerging,SARSA,+VolFore,3,9979.519956529468,0.0187265187295134,0.0093530085027695,-0.071806281848698,-0.000830244067563,-0.0115622762546162
MexIPC,Emerging,SARSA,+VolFore,4,9691.81598615856,-0.1671583833396512,-0.0885851796032151,-0.086239200941606,-0.0126022741658238,-0.1461316202849664
MexIPC,Emerging,DQN,Baseline,0,10747.326665887176,0.3230414134107016,0.3751870442452006,-0.1210341668626072,0.029630054692507,0.2448073586188019
MexIPC,Emerging,DQN,Baseline,1,7727.558448746424,-0.9261750645805809,-1.138229386654403,-0.2304602614821946,-0.0991739610029375,-0.4303299855891613
MexIPC,Emerging,DQN,Baseline,2,9890.995284067474,0.0111951663372492,0.0140290686510026,-0.1478973207328337,-0.0044306697871359,-0.0299577420682937
MexIPC,Emerging,DQN,Baseline,3,9629.15456849982,-0.0897784020211017,-0.1232158776349741,-0.127494541415807,-0.0151936747534929,-0.1191711785041964
MexIPC,Emerging,DQN,Baseline,4,8547.282407827428,-0.6470261991302514,-0.84460921980356,-0.169278560230305,-0.0616162087363139,-0.3639929867794274
MexIPC,Emerging,DQN,+RetFore,0,9307.505569473447,-0.2588037868882517,-0.2575116213471523,-0.1280176750561139,-0.0286561858608724,-0.2238455420166613
MexIPC,Emerging,DQN,+RetFore,1,9695.153063300217,-0.0369155657189376,-0.0531330221560061,-0.1824035768727334,-0.0124645472269881,-0.0683349934284272
MexIPC,Emerging,DQN,+RetFore,2,8290.144787278517,-0.6157018599346107,-0.6346298244254707,-0.2139610332196608,-0.0731576425411897,-0.3419204022339024
MexIPC,Emerging,DQN,+RetFore,3,9448.205778501138,-0.2240450477141906,-0.2352533350874632,-0.1424718120199935,-0.0227337124755631,-0.1595663882776562
MexIPC,Emerging,DQN,+RetFore,4,9563.119136725276,-0.1155951181619381,-0.1582161643277371,-0.1509198133284216,-0.0179354889624648,-0.1188411817295058
MexIPC,Emerging,DQN,+VolFore,0,10129.835548588251,0.1023916122614343,0.103076026219692,-0.1207130821464698,0.0052400441868727,0.0434090828736458
MexIPC,Emerging,DQN,+VolFore,1,8085.33260726528,-0.7044018950817789,-0.7707389909908495,-0.1981780704005275,-0.082503766777442,-0.4163112831317898
MexIPC,Emerging,DQN,+VolFore,2,9345.298901195103,-0.2320512222672281,-0.2672075964815223,-0.1238740541541789,-0.0270601548674518,-0.218448932280469
MexIPC,Emerging,DQN,+VolFore,3,9062.39888836781,-0.3054900921937976,-0.4337553829579101,-0.1725779654953173,-0.0391019792736788,-0.2265757344005383
MexIPC,Emerging,DQN,+VolFore,4,8667.38174231313,-0.5857117499070763,-0.7955987653239754,-0.1755633126730186,-0.056296377161652,-0.320661397328391
MexIPC,Emerging,PPO,Baseline,0,11157.51172785928,0.5093191464489286,0.75851533503521,-0.0838061129084318,0.0453739180393344,0.5414153748947814
MexIPC,Emerging,PPO,Baseline,1,10745.586130960632,0.2638156157843145,0.3838996274680564,-0.1593102722526362,0.0295624939240408,0.1855655225858551
MexIPC,Emerging,PPO,Baseline,2,10842.89188664584,0.4456291755963931,0.6663694162693543,-0.0814534755664536,0.0333295807115137,0.4091854949014747
MexIPC,Emerging,PPO,Baseline,3,10528.760489175293,0.243896581379757,0.2188010631257068,-0.1025701738673499,0.0210947015340075,0.2056611657993559
MexIPC,Emerging,PPO,Baseline,4,11647.150659837063,0.6588713142609032,1.0144173197184847,-0.0838061129084319,0.0637230187699413,0.7603624193715544
MexIPC,Emerging,PPO,+RetFore,0,11354.702210365562,0.4016583157863744,0.5985232936889213,-0.1593102722526362,0.0528200859321454,0.3315548029950709
MexIPC,Emerging,PPO,+RetFore,1,11585.166594516544,0.4511536917756844,0.6765164024242224,-0.1593102722526362,0.0614258764222992,0.3855738588187441
MexIPC,Emerging,PPO,+RetFore,2,10842.89188664584,0.4456291755963931,0.6663694162693543,-0.0814534755664536,0.0333295807115137,0.4091854949014747
MexIPC,Emerging,PPO,+RetFore,3,11474.826662282536,0.4296836372454129,0.6389573545473781,-0.1593102722526362,0.0573184950867609,0.3597915832791039
MexIPC,Emerging,PPO,+RetFore,4,10523.373870963154,0.299369406791848,0.4430360063926541,-0.0814534755664536,0.020883020852195,0.2563797395594411
MexIPC,Emerging,PPO,+VolFore,0,11361.674976485509,0.5126727070861483,0.7807417664366848,-0.1083424688520817,0.0530819731873577,0.4899461286906777
MexIPC,Emerging,PPO,+VolFore,1,11643.908086757578,0.478989225675072,0.6910816152869546,-0.155729820706838,0.0636030288514899,0.4084190719696163
MexIPC,Emerging,PPO,+VolFore,2,12181.02817821642,0.624441837709823,0.8012367733359762,-0.1070882041878356,0.0832143303780841,0.7770634591214809
MexIPC,Emerging,PPO,+VolFore,3,10938.305743047107,0.3117127616607021,0.4527009655527808,-0.155312164588376,0.0370039473329508,0.2382553062136775
MexIPC,Emerging,PPO,+VolFore,4,10138.312028539509,0.1072438093173355,0.1478132058394813,-0.0822854229678511,0.0055807543019481,0.0678219069744677
NASDAQ,Developed,BuyHold,-,-1,17129.419772974674,1.1337924253906044,1.5625003038701857,-0.2431846469252878,0.2439728353985371,1.0032411111565285
NASDAQ,Developed,Q-Learning,Baseline,0,9896.175651938189,-0.0126769625808032,-0.0073582880224109,-0.0976752014168375,-0.0042126914776133,-0.0431295908937235
NASDAQ,Developed,Q-Learning,Baseline,1,8989.07734665807,-0.4791037146895411,-0.3530476779145996,-0.1593113949650056,-0.0421929596603366,-0.2648458364785513
NASDAQ,Developed,Q-Learning,Baseline,2,8740.936432766543,-0.6501863239282994,-0.324949630973421,-0.231125893497711,-0.0529770060329899,-0.2292127689850786
NASDAQ,Developed,Q-Learning,Baseline,3,9688.077247229736,-0.1621410090920875,-0.1162483917878654,-0.1121724839679582,-0.0127362667408947,-0.1135418089200853
NASDAQ,Developed,Q-Learning,Baseline,4,9165.044017888426,-0.7234814878443738,-0.3520603759357127,-0.1138908744925478,-0.0346525798682187,-0.3042612502741116
NASDAQ,Developed,Q-Learning,+RetFore,0,9305.505646538812,-0.2403911795597606,-0.2349473408577801,-0.1515386856782183,-0.0286952863984526,-0.1893594778774556
NASDAQ,Developed,Q-Learning,+RetFore,1,10084.768602884767,0.0860576856008607,0.0972531520854116,-0.1524574928428145,0.0034202267384113,0.0224339694600331
NASDAQ,Developed,Q-Learning,+RetFore,2,9627.576705392124,-0.0731003376825401,-0.0766170326899228,-0.1584031109844394,-0.0152347521813414,-0.0961771021198049
NASDAQ,Developed,Q-Learning,+RetFore,3,8509.624935977097,-0.6209163805825818,-0.6150466835997669,-0.1956194038093365,-0.0631950902427286,-0.3230512362873758
NASDAQ,Developed,Q-Learning,+RetFore,4,9671.097742165455,-0.1386941508199172,-0.1243445564541425,-0.1463715132062596,-0.0134365276757983,-0.0917974227455891
NASDAQ,Developed,Q-Learning,+VolFore,0,9582.59598161469,-0.1955689960089957,-0.1730572122152539,-0.1159045292244889,-0.0170983830724096,-0.147521267604178
NASDAQ,Developed,Q-Learning,+VolFore,1,9619.676453817608,-0.2023749322305107,-0.1514044983529458,-0.1338305857987747,-0.0155616976232811,-0.1162790817232407
NASDAQ,Developed,Q-Learning,+VolFore,2,7812.990399717651,-0.9817547689305058,-0.772173597481486,-0.2646254245482662,-0.095007049560952,-0.3590246467163033
NASDAQ,Developed,Q-Learning,+VolFore,3,10160.621880479512,0.1280036726848195,0.1139793183666831,-0.0978351606075619,0.0064662549164944,0.0660933643515535
NASDAQ,Developed,Q-Learning,+VolFore,4,9311.39422733444,-0.4080148874826139,-0.2829094739976644,-0.148932036567103,-0.028446711745436,-0.191004651523905
NASDAQ,Developed,SARSA,Baseline,0,9782.630074022592,-0.1574331016006009,-0.0855759395703442,-0.082834519584021,-0.0088500658977983,-0.1068403117701996
NASDAQ,Developed,SARSA,Baseline,1,9598.03788143579,-0.3563434693170679,-0.1730279445010654,-0.080170309157735,-0.0164580117953856,-0.2052881168613085
NASDAQ,Developed,SARSA,Baseline,2,8745.992203137934,-0.662242551937388,-0.3784590310673387,-0.2436035774613603,-0.0527554785471314,-0.216562823488431
NASDAQ,Developed,SARSA,Baseline,3,10130.744445356886,0.1216760155640695,0.0913135088742426,-0.0710120800096177,0.0052680932844129,0.0741858749050193
NASDAQ,Developed,SARSA,Baseline,4,10165.366302150363,0.170678171220593,0.0805670852350071,-0.0588296459584603,0.0066563252483786,0.1131457641775637
NASDAQ,Developed,SARSA,+RetFore,0,10199.007146736703,0.1383039663531395,0.1344088312159182,-0.1519461988722727,0.0080025270856731,0.0526668461930232
NASDAQ,Developed,SARSA,+RetFore,1,11956.474159513094,0.7103984267006426,0.8696088176896878,-0.0815637201334727,0.0749543709143207,0.9189670455288796
NASDAQ,Developed,SARSA,+RetFore,2,9934.651670579617,0.0424325690083509,0.0468983644893488,-0.1731114224559466,-0.0026484644102994,-0.0152991892314795
NASDAQ,Developed,SARSA,+RetFore,3,11281.603599364153,0.4769616353559474,0.515133223383452,-0.100447657538197,0.0499864846546453,0.4976371363875709
NASDAQ,Developed,SARSA,+RetFore,4,9151.863110598451,-0.363001348233643,-0.3178757512797739,-0.1658673847026804,-0.035214394389906,-0.2123045133485163
NASDAQ,Developed,SARSA,+VolFore,0,10026.93831584279,0.0513483361601132,0.0458989807391088,-0.0694814380226482,0.0010887669963297,0.0156698972747109
NASDAQ,Developed,SARSA,+VolFore,1,9289.923294047285,-0.5098985419546667,-0.3467720123452137,-0.1470025613265952,-0.0293535164624519,-0.1996803062297511
NASDAQ,Developed,SARSA,+VolFore,2,7483.31232228549,-1.21042759566046,-0.8946581837709366,-0.2821545865102431,-0.1106521115797067,-0.3921683958708131
NASDAQ,Developed,SARSA,+VolFore,3,10051.990519296596,0.0666136921365687,0.0418233653026471,-0.07124671780754,0.0020997407764022,0.0294714036097057
NASDAQ,Developed,SARSA,+VolFore,4,9018.376412920485,-0.5666195690147434,-0.4252572394578484,-0.1216353792748455,-0.0409313987464864,-0.3365089909709733
NASDAQ,Developed,DQN,Baseline,0,15129.021576412304,0.9490922322065756,1.295177165662463,-0.2291063361440875,0.1823130290383496,0.7957572544955508
NASDAQ,Developed,DQN,Baseline,1,14413.490730892136,1.041238318078266,1.252972569281504,-0.1937686430308081,0.1593678116529562,0.8224644047633403
NASDAQ,Developed,DQN,Baseline,2,14065.523895762002,0.93254227278772,1.3156355740257362,-0.1583672226703327,0.1479639089828477,0.934308921296956
NASDAQ,Developed,DQN,Baseline,3,11219.587209303882,0.3982034443037697,0.5643630150852555,-0.2124600387049845,0.0476479479147691,0.2242678115139916
NASDAQ,Developed,DQN,Baseline,4,10291.576944204213,0.1533274759707714,0.12219067195324,-0.2102551747919431,0.011693287943963,0.0556147450614639
NASDAQ,Developed,DQN,+RetFore,0,13687.631395494373,0.8254962624515249,1.0904028111735549,-0.2142563968391089,0.1353872997330716,0.6318938511511784
NASDAQ,Developed,DQN,+RetFore,1,18049.94548552352,1.5418097791875578,2.274560025147081,-0.1251667082137763,0.2698226181505707,2.155705954075074
NASDAQ,Developed,DQN,+RetFore,2,9473.739557181994,-0.2507200063993482,-0.1355938779753977,-0.1380377554987015,-0.0216301631545149,-0.1566974417702822
NASDAQ,Developed,DQN,+RetFore,3,12705.468875094735,0.7499314683980075,0.9846009163081232,-0.1539575789462345,0.1017007689844882,0.660576567129208
NASDAQ,Developed,DQN,+RetFore,4,8559.63715112565,-0.5925352324478119,-0.5622286373442243,-0.1804039498512108,-0.0609719388282172,-0.3379745226097669
NASDAQ,Developed,DQN,+VolFore,0,11918.85853369998,0.5403521664365091,0.6771445146121982,-0.147947589962683,0.0735851453473288,0.4973730586986374
NASDAQ,Developed,DQN,+VolFore,1,14386.855430502012,0.8936631551070741,1.1547897375748726,-0.2337906000934425,0.1585007274186265,0.6779602231851848
NASDAQ,Developed,DQN,+VolFore,2,13582.76597947608,0.7798395207058619,1.059562145198556,-0.2494238646790804,0.1318607165447292,0.5286611877089558
NASDAQ,Developed,DQN,+VolFore,3,14159.16963720534,0.8911661164059262,1.0706063087360718,-0.2312649548382347,0.151049327604078,0.6531440429834298
NASDAQ,Developed,DQN,+VolFore,4,11176.407395459251,0.3383955159385006,0.4249218866388343,-0.2698927256781309,0.0460151585764991,0.1704942527098915
NASDAQ,Developed,PPO,Baseline,0,16060.914488347713,1.16352884784586,1.5790306550941848,-0.2112029350020111,0.2112475681976573,1.000211328477256
NASDAQ,Developed,PPO,Baseline,1,17130.08267779933,1.131355578381105,1.5585599892060922,-0.2431846469252878,0.2432383203923924,1.0002207107512049
NASDAQ,Developed,PPO,Baseline,2,13076.901978291173,0.7722309865604666,0.9828155760389732,-0.199248350917697,0.1146167488872311,0.5752456587909245
NASDAQ,Developed,PPO,Baseline,3,17177.666626534352,1.1381819215894808,1.562661067242788,-0.2431846469252878,0.2446340750296483,1.0059601957676207
NASDAQ,Developed,PPO,Baseline,4,12935.9225880719,1.0105350889182223,1.3291079407651187,-0.1361080523976513,0.1097404681641676,0.806274619540842
NASDAQ,Developed,PPO,+RetFore,0,17426.97741173862,1.1969736492921164,1.654370375365412,-0.2324181147023537,0.2519096049013456,1.0838639028755128
NASDAQ,Developed,PPO,+RetFore,1,17530.62631828475,1.186003787850763,1.6483114832271353,-0.2431846469252878,0.2549161018539165,1.0482409357494702
NASDAQ,Developed,PPO,+RetFore,2,17674.874600637508,1.222123212931961,1.6789473546871023,-0.2520196180380896,0.2590826817349554,1.0280258487447207
NASDAQ,Developed,PPO,+RetFore,3,19286.30237042043,1.3843455661024828,1.9215401629125597,-0.2277218526866796,0.3043123497909656,1.3363335411131132
NASDAQ,Developed,PPO,+RetFore,4,13640.87729810962,1.2506964556689282,1.739539528160822,-0.1189955553075384,0.1338169724180342,1.12455437575854
NASDAQ,Developed,PPO,+VolFore,0,17384.249466491492,1.1690782903087458,1.6256759857437495,-0.2431846469252878,0.2506671153204889,1.0307686710027752
NASDAQ,Developed,PPO,+VolFore,1,16671.8338915449,1.0828489490716948,1.483941064865413,-0.2431846469252878,0.229676937414236,0.9444549247545788
NASDAQ,Developed,PPO,+VolFore,2,15076.10241041592,0.9224750740783104,1.2315163365619892,-0.2431846469252878,0.1806384716258995,0.7428037662289315
NASDAQ,Developed,PPO,+VolFore,3,17130.08267779933,1.131355578381105,1.5585599892060922,-0.2431846469252878,0.2432383203923924,1.0002207107512049
NASDAQ,Developed,PPO,+VolFore,4,13544.831414113009,1.22594140493696,1.7117750968321428,-0.1278088119264521,0.1305809996250959,1.0216901139744368
Nifty50,Emerging,BuyHold,-,-1,10924.809234539844,0.3407487896913829,0.4628620224588345,-0.1576667830374074,0.0379220811060896,0.2405204214565084
Nifty50,Emerging,Q-Learning,Baseline,0,9838.65368955258,-0.2378669189938327,-0.1313403690924516,-0.0546450450592548,-0.006708244713113,-0.1227603473602435
Nifty50,Emerging,Q-Learning,Baseline,1,10050.640711736229,0.0801062937246478,0.0612794505724326,-0.0499840665725307,0.0020923757171511,0.0418608540798314
Nifty50,Emerging,Q-Learning,Baseline,2,9452.082928290174,-0.6690242659674408,-0.3903920679866166,-0.0863157581182312,-0.0230474790171756,-0.2670135734119285
Nifty50,Emerging,Q-Learning,Baseline,3,10197.73937730002,0.2372094335724339,0.1265528617953056,-0.0443951292813395,0.0081353854670411,0.1832495050369738
Nifty50,Emerging,Q-Learning,Baseline,4,10411.666719195136,0.4123638824044767,0.3155699603912158,-0.0574945025107219,0.0168333034115837,0.2927810951690865
Nifty50,Emerging,Q-Learning,+RetFore,0,10212.534522414811,0.2351724654894196,0.1684596881938786,-0.0804682948338821,0.0087403540889159,0.1086186069538419
Nifty50,Emerging,Q-Learning,+RetFore,1,10452.188704452316,0.3841522237133964,0.2790650955583753,-0.0527593087539266,0.0184690227164101,0.3500618782213579
Nifty50,Emerging,Q-Learning,+RetFore,2,9130.1823708271,-0.8166905298731503,-0.4990892737879088,-0.1316516339661611,-0.0369548022251531,-0.280701432345086
Nifty50,Emerging,Q-Learning,+RetFore,3,9078.330613595528,-0.7717829281244869,-0.6949805606872299,-0.1102635596624655,-0.039221733933824,-0.3557089400481202
Nifty50,Emerging,Q-Learning,+RetFore,4,8832.116024328494,-0.9808727869636334,-0.6417235273305832,-0.1427226291002157,-0.0500910666824829,-0.3509679368851838
Nifty50,Emerging,Q-Learning,+VolFore,0,9769.2960096874,-0.1567793521502018,-0.1414748047962299,-0.0732418922338476,-0.0096117240756157,-0.1312326017574213
Nifty50,Emerging,Q-Learning,+VolFore,1,10310.036817107728,0.2233431842707005,0.2055933647356743,-0.0804108938941685,0.012714401504051,0.1581178978140292
Nifty50,Emerging,Q-Learning,+VolFore,2,10087.41356179895,0.0939671334672821,0.0801996134259337,-0.074533155468105,0.0036078880112853,0.0484064841824766
Nifty50,Emerging,Q-Learning,+VolFore,3,9717.07997716745,-0.1829683305324781,-0.1848191246349688,-0.0868172534960984,-0.011805595164914,-0.1359821313088261
Nifty50,Emerging,Q-Learning,+VolFore,4,9974.023854718116,0.0071768441568674,0.0059205636041966,-0.0449038994037801,-0.0010756944803942,-0.0239554803625747
Nifty50,Emerging,SARSA,Baseline,0,9714.4546904301,-0.4640331606226336,-0.2782615110580716,-0.0630394711395974,-0.0119160795748823,-0.1890256907185318
Nifty50,Emerging,SARSA,Baseline,1,9997.19532357552,0.0171183115085633,0.0103681494515309,-0.0806484810980726,-0.0001160651180689,-0.0014391482206138
Nifty50,Emerging,SARSA,Baseline,2,9812.376570595618,-0.2216533567580597,-0.1042167206641902,-0.0657046872350775,-0.0078068519983032,-0.1188172766160978
Nifty50,Emerging,SARSA,Baseline,3,10388.52115565163,0.4018099907494902,0.2528554555240905,-0.0428884189887897,0.0158973295290003,0.3706671848357236
Nifty50,Emerging,SARSA,Baseline,4,9899.32422705226,-0.1169691875949378,-0.0616705019861668,-0.0643062002659851,-0.0041782528117467,-0.0649743383126291
Nifty50,Emerging,SARSA,+RetFore,0,10296.771990935742,0.3176491578958368,0.2146897048234778,-0.0386989367659842,0.0121750456008995,0.3146093050103283
Nifty50,Emerging,SARSA,+RetFore,1,10136.53913984781,0.1504240545373674,0.1468946411152651,-0.0840627172045714,0.0056274463163286,0.0669434263297361
Nifty50,Emerging,SARSA,+RetFore,2,9817.30222274557,-0.1317588954100205,-0.0779662515330922,-0.0932798857993645,-0.0076007865792221,-0.081483660855773
Nifty50,Emerging,SARSA,+RetFore,3,9932.60522856096,-0.020876915766571,-0.0086547519148322,-0.059295781674075,-0.0027942776736701,-0.0471243922372425
Nifty50,Emerging,SARSA,+RetFore,4,9704.629209590665,-0.1979562407972644,-0.0876986158672437,-0.0676129767005702,-0.0123297374187413,-0.1823575594543375
Nifty50,Emerging,SARSA,+VolFore,0,9826.98186598301,-0.1131106498156109,-0.094505645251349,-0.0712356686429263,-0.007196013716332,-0.1010170024837072
Nifty50,Emerging,SARSA,+VolFore,1,9728.841496600537,-0.1867693644254572,-0.1504126332896808,-0.0712414405182342,-0.0113108298024361,-0.1587675616887948
Nifty50,Emerging,SARSA,+VolFore,2,9122.836722214472,-0.7067965344812507,-0.6111674401504581,-0.1092319095811729,-0.0372754904841895,-0.3412509277442225
Nifty50,Emerging,SARSA,+VolFore,3,10069.763720897576,0.079949209479007,0.0631984903386942,-0.0714953801925912,0.0028808934606652,0.0402948197892576
Nifty50,Emerging,SARSA,+VolFore,4,10043.598125904344,0.0601672953739587,0.0441702174859205,-0.0662356246895138,0.0018017603159641,0.0272022846373512
Nifty50,Emerging,DQN,Baseline,0,9543.714440722328,-0.0842284747201426,-0.1096836695687777,-0.2070138503839365,-0.0191395689218595,-0.0924554994087111
Nifty50,Emerging,DQN,Baseline,1,10230.547072517087,0.1451431226963384,0.1742435447306071,-0.1333676015378383,0.0094761882441432,0.0710531503513888
Nifty50,Emerging,DQN,Baseline,2,8620.020290877708,-0.5156355357882032,-0.674145116046447,-0.263153998921028,-0.059597501305971,-0.2264738577034875
Nifty50,Emerging,DQN,Baseline,3,10099.26151051362,0.0909053568684319,0.1098949478019225,-0.1594148252378769,0.004095485220396,0.0256907424655085
Nifty50,Emerging,DQN,Baseline,4,9217.56110450686,-0.2826825615903902,-0.3596283970032349,-0.2457684740538217,-0.0331516613931174,-0.1348898044007163
Nifty50,Emerging,DQN,+RetFore,0,7735.636304616316,-0.8751267467072996,-1.0196974397633918,-0.2952921585896111,-0.100791441941338,-0.3413278646558098
Nifty50,Emerging,DQN,+RetFore,1,9629.84845395078,-0.0487673248465031,-0.0652318369799212,-0.2151718714373846,-0.015486121980675,-0.071970940612047
Nifty50,Emerging,DQN,+RetFore,2,9191.77247436302,-0.2051435921006559,-0.2637172513785973,-0.2019973573487758,-0.0342718995738561,-0.1696650888086192
Nifty50,Emerging,DQN,+RetFore,3,10630.82370026488,0.4496671222616529,0.2703705561387495,-0.1109679659767693,0.0256358827339391,0.2310205698379195
Nifty50,Emerging,DQN,+RetFore,4,10006.517385671112,0.0469868193777845,0.0591427902230135,-0.1698402377957277,0.0002696334250131,0.0015875709343735
Nifty50,Emerging,DQN,+VolFore,0,9021.743063838863,-0.430969507419157,-0.3458711728346889,-0.1611288561337285,-0.0417043905831185,-0.2588263305751225
Nifty50,Emerging,DQN,+VolFore,1,10063.899904287173,0.0738957896378525,0.0922782447723078,-0.1485221679609085,0.0026391983603646,0.0177697268803772
Nifty50,Emerging,DQN,+VolFore,2,9375.917418325296,-0.2250318637648565,-0.2599079998933028,-0.1395643915959672,-0.0263127290875766,-0.1885346884437565
Nifty50,Emerging,DQN,+VolFore,3,10463.037131478552,0.2079585068687147,0.2873047018158013,-0.1576667830374075,0.0189063016306394,0.1199130296584657
Nifty50,Emerging,DQN,+VolFore,4,10366.540079967692,0.2247240745925637,0.2306049302484825,-0.1244186747086608,0.0150073134806036,0.1206194609902753
Nifty50,Emerging,PPO,Baseline,0,10497.088898251946,0.3276809776344301,0.444938265272655,-0.0816262099131253,0.0202771380087538,0.2484145476077644
Nifty50,Emerging,PPO,Baseline,1,10924.574939204536,0.3360705043666636,0.456357224643416,-0.1576667830374075,0.0372693307314635,0.2363803587112243
Nifty50,Emerging,PPO,Baseline,2,10497.088898251946,0.3276809776344301,0.444938265272655,-0.0816262099131253,0.0202771380087538,0.2484145476077644
Nifty50,Emerging,PPO,Baseline,3,10497.088898251946,0.3276809776344301,0.444938265272655,-0.0816262099131253,0.0202771380087538,0.2484145476077644
Nifty50,Emerging,PPO,Baseline,4,10497.088898251946,0.3276809776344301,0.444938265272655,-0.0816262099131253,0.0202771380087538,0.2484145476077644
Nifty50,Emerging,PPO,+RetFore,0,10924.574939204536,0.3360705043666636,0.456357224643416,-0.1576667830374075,0.0372693307314635,0.2363803587112243
Nifty50,Emerging,PPO,+RetFore,1,10924.574939204536,0.3360705043666636,0.456357224643416,-0.1576667830374075,0.0372693307314635,0.2363803587112243
Nifty50,Emerging,PPO,+RetFore,2,10497.088898251946,0.3276809776344301,0.444938265272655,-0.0816262099131253,0.0202771380087538,0.2484145476077644
Nifty50,Emerging,PPO,+RetFore,3,10924.574939204536,0.3360705043666636,0.456357224643416,-0.1576667830374075,0.0372693307314635,0.2363803587112243
Nifty50,Emerging,PPO,+RetFore,4,10924.574939204536,0.3360705043666636,0.456357224643416,-0.1576667830374075,0.0372693307314635,0.2363803587112243
Nifty50,Emerging,PPO,+VolFore,0,10497.088898251946,0.3276809776344301,0.444938265272655,-0.0816262099131253,0.0202771380087538,0.2484145476077644
Nifty50,Emerging,PPO,+VolFore,1,10772.89494441574,0.2938602092810747,0.3988174941700279,-0.1576667830374073,0.0312855541347549,0.1984283152852422
Nifty50,Emerging,PPO,+VolFore,2,10497.088898251946,0.3276809776344301,0.444938265272655,-0.0816262099131253,0.0202771380087538,0.2484145476077644
Nifty50,Emerging,PPO,+VolFore,3,10924.574939204536,0.3360705043666636,0.456357224643416,-0.1576667830374075,0.0372693307314635,0.2363803587112243
Nifty50,Emerging,PPO,+VolFore,4,10777.508043125255,0.2951344702276915,0.4010633682944608,-0.1576667830374074,0.0314682665277616,0.1995871668168434
Nikkei,Developed,BuyHold,-,-1,17168.828903097456,0.9637612370462116,1.275910947952813,-0.2625860724822558,0.2528111985506107,0.9627745910504512
Nikkei,Developed,Q-Learning,Baseline,0,8843.97884751767,-0.8147727031601286,-0.3789037675439491,-0.1323601881580074,-0.0498024789808486,-0.3762647943732125
Nikkei,Developed,Q-Learning,Baseline,1,7341.591748425355,-1.4535988037024332,-0.9135687227693092,-0.2810949997100959,-0.1205928407828673,-0.4290109781632914
Nikkei,Developed,Q-Learning,Baseline,2,8842.259065313247,-0.7736050426257245,-0.3924463401341794,-0.126768984819188,-0.0498793198438397,-0.3934662718534008
Nikkei,Developed,Q-Learning,Baseline,3,7486.908417821811,-0.9164650242833148,-0.4947662126720831,-0.2907898922235079,-0.1133958473609566,-0.3899580088341172
Nikkei,Developed,Q-Learning,Baseline,4,9527.70173753462,-0.2760487369595024,-0.1976922531010244,-0.124495933109824,-0.0199180287899234,-0.1599893931650985
Nikkei,Developed,Q-Learning,+RetFore,0,8336.570645829523,-0.6406703090650799,-0.5008895551439108,-0.1922630983815476,-0.0728643309080364,-0.3789824023487733
Nikkei,Developed,Q-Learning,+RetFore,1,9243.952636172866,-0.2304860872905358,-0.1847053201722048,-0.1775145914178934,-0.032163009546306,-0.18118515942393
Nikkei,Developed,Q-Learning,+RetFore,2,10567.86730771088,0.2312207126494914,0.2459398809577585,-0.1388453508137553,0.0232339430523498,0.1673368457496864
Nikkei,Developed,Q-Learning,+RetFore,3,11027.08074993407,0.4375814075662129,0.354300401760014,-0.0895185252139627,0.0414942207751591,0.4635266351352216
Nikkei,Developed,Q-Learning,+RetFore,4,11201.83550101065,0.441790657640412,0.4467898760321716,-0.1009156166399816,0.0483263333736239,0.4788786412072385
Nikkei,Developed,Q-Learning,+VolFore,0,9606.6695433696,-0.1078182747583646,-0.0978870528477871,-0.2190739989361673,-0.0165482282213439,-0.0755371623361389
Nikkei,Developed,Q-Learning,+VolFore,1,7333.018836396848,-1.0479492983994378,-0.8789909930445138,-0.2890667199385121,-0.1210200142202537,-0.4186577211156562
Nikkei,Developed,Q-Learning,+VolFore,2,10404.883575208863,0.2063851893945959,0.16452456711789,-0.114015762695709,0.0166417833696337,0.1459603740397035
Nikkei,Developed,Q-Learning,+VolFore,3,9413.024249074637,-0.2576530922873216,-0.199675939879877,-0.1750288269518749,-0.0248408513203289,-0.1419243432798483
Nikkei,Developed,Q-Learning,+VolFore,4,9830.174515854122,-0.047036303090167,-0.0340805375858891,-0.1539972664412339,-0.0070973969861192,-0.0460878114923002
Nikkei,Developed,SARSA,Baseline,0,9860.880294700444,-0.0046468324355129,-0.0038447004287031,-0.1620592396531262,-0.0058088575917202,-0.0358440382919094
Nikkei,Developed,SARSA,Baseline,1,7978.9324264625,-1.0106385233894166,-0.6191815918436308,-0.2503200700591339,-0.0896161079136386,-0.3580060835398069
Nikkei,Developed,SARSA,Baseline,2,9368.599433930636,-0.528195092332867,-0.2248883479877498,-0.0861345884188112,-0.0267573106701799,-0.3106453651321526
Nikkei,Developed,SARSA,Baseline,3,10080.898196223015,0.0827146190904199,0.0489934278629485,-0.0908691167420223,0.0033561683019158,0.0369340918257971
Nikkei,Developed,SARSA,Baseline,4,9198.391264025351,-0.7714496116912631,-0.3576568726851942,-0.1096990399556057,-0.0341495417257425,-0.3113021019988077
Nikkei,Developed,SARSA,+RetFore,0,9617.1643520352,-0.0913716237006995,-0.0752583757399985,-0.1873767087480011,-0.0161016020796749,-0.0859317157782063
Nikkei,Developed,SARSA,+RetFore,1,8428.177829660433,-0.6028893068932293,-0.4559722775742366,-0.1835541259890978,-0.0686412905310495,-0.37395667441849
Nikkei,Developed,SARSA,+RetFore,2,8600.938406945297,-0.4499980105502569,-0.3959709708161829,-0.312219768875985,-0.0607494946080182,-0.1945728639365998
Nikkei,Developed,SARSA,+RetFore,3,8871.806798926114,-0.4006840591153854,-0.2834566071020906,-0.1635969905125607,-0.0485603213949691,-0.2968289406946267
Nikkei,Developed,SARSA,+RetFore,4,10007.06349381738,0.066557507892271,0.0576180655941325,-0.162870026786931,0.0002936688691512,0.0018030872527187
Nikkei,Developed,SARSA,+VolFore,0,10575.568793455786,0.305002194482658,0.2697468164387095,-0.116168118947731,0.0235439686849658,0.202671515197355
Nikkei,Developed,SARSA,+VolFore,1,8900.178352765033,-0.4759596281007632,-0.381732586078057,-0.2173154876957653,-0.0472962399331893,-0.2176386065920202
Nikkei,Developed,SARSA,+VolFore,2,6925.508556604165,-1.4382918477828084,-0.8468549948145137,-0.3662137647684022,-0.1416722180725074,-0.3868566168224607
Nikkei,Developed,SARSA,+VolFore,3,8984.508065401447,-0.4790571145502573,-0.3347697686837615,-0.1764935655381371,-0.0435528062999043,-0.246767105457148
Nikkei,Developed,SARSA,+VolFore,4,9114.003999090712,-0.4446276576585924,-0.4220382546955358,-0.1347557495958259,-0.037844169263224,-0.2808352844049295
Nikkei,Developed,DQN,Baseline,0,12981.802134758138,0.6995940712184036,0.9175793208443116,-0.1949500178389072,0.1146265918511115,0.5879793863124587
Nikkei,Developed,DQN,Baseline,1,10835.64917340012,0.2670212863724387,0.2289864229137027,-0.1885655108412325,0.0339371297140767,0.1799752752372142
Nikkei,Developed,DQN,Baseline,2,9453.278301942646,0.0136113820661777,0.0150798435276148,-0.2675400279862001,-0.023108873690874,-0.0863753878802001
Nikkei,Developed,DQN,Baseline,3,14928.153714992735,0.7539843478568815,0.9890530889988912,-0.2862068463266524,0.1812966478975872,0.6334462303184638
Nikkei,Developed,DQN,Baseline,4,8773.559332581819,-0.2866871868266257,-0.2745117565730919,-0.2464455587123125,-0.052956032824613,-0.2148792337792388
Nikkei,Developed,DQN,+RetFore,0,8567.926747976066,-0.2271103359546201,-0.2456917232901369,-0.3403323851694541,-0.0622502794837245,-0.1829102436212372
Nikkei,Developed,DQN,+RetFore,1,11396.402011903969,0.3554908533065123,0.4794156101236479,-0.1984617797148741,0.0558601412205141,0.2814654856994924
Nikkei,Developed,DQN,+RetFore,2,6588.653282913087,-0.8009412006379059,-0.7045043139363761,-0.3796341722478863,-0.1592863213063645,-0.419578459870407
Nikkei,Developed,DQN,+RetFore,3,10816.676315838902,0.3179803868746661,0.2652385655101657,-0.1047072692285983,0.0331839092426295,0.3169207781540468
Nikkei,Developed,DQN,+RetFore,4,13745.528956560547,0.8710897517622244,1.0553178689727452,-0.2285023364487874,0.1414405033486181,0.6189893090204756
Nikkei,Developed,DQN,+VolFore,0,8525.85675334076,-0.2695183267534277,-0.3214964273622783,-0.3207087968286928,-0.0641677804469915,-0.2000811361624945
Nikkei,Developed,DQN,+VolFore,1,11508.493389425448,0.3580890400081074,0.4498057780303552,-0.3080481924552719,0.060166356915452,0.1953147539536131
Nikkei,Developed,DQN,+VolFore,2,13891.638633162163,0.8335716670913146,0.8968855830534787,-0.1512931365054467,0.1464703623544692,0.968122981231392
Nikkei,Developed,DQN,+VolFore,3,9392.4721912464,-0.0812264951769897,-0.0607263868793125,-0.2030517642533466,-0.0257267962753625,-0.1267006783705492
Nikkei,Developed,DQN,+VolFore,4,10040.638588100934,0.1244854434364932,0.1267647555288333,-0.2374605925520922,0.0016879198947625,0.0071082105734457
Nikkei,Developed,PPO,Baseline,0,13366.617854188537,0.9534564066055228,1.2633645556017952,-0.1344697757200286,0.1282490940820422,0.9537391833545412
Nikkei,Developed,PPO,Baseline,1,17168.75531981592,0.9614574509580012,1.2737818603451536,-0.2625860724822558,0.2520283394504721,0.9597932482368924
Nikkei,Developed,PPO,Baseline,2,12080.448498964382,0.5481903154815582,0.7120501867142428,-0.19188854159825,0.0817665518535577,0.4261148225532051
Nikkei,Developed,PPO,Baseline,3,15508.148907575236,0.907296080464392,0.8698039436056043,-0.2183697515019728,0.2001699720932557,0.916656133532902
Nikkei,Developed,PPO,Baseline,4,15448.608559525515,1.175328106364192,1.7842256089045123,-0.1342258439318411,0.1982517017878877,1.4770009707451075
Nikkei,Developed,PPO,+RetFore,0,16694.642851137676,0.9245548984346929,1.2167016127579222,-0.3010959634079876,0.2375331105275944,0.7888950347864548
Nikkei,Developed,PPO,+RetFore,1,16694.642851137676,0.9245548984346929,1.2167016127579222,-0.3010959634079876,0.2375331105275944,0.7888950347864548
Nikkei,Developed,PPO,+RetFore,2,14328.770970476762,0.777060086715776,0.926987614159049,-0.2311367475719916,0.1613367611629164,0.6980143263976973
Nikkei,Developed,PPO,+RetFore,3,17326.151513650446,0.9786603663912672,1.2944203928377005,-0.2756714318486689,0.2567886868478886,0.9315027136650216
Nikkei,Developed,PPO,+RetFore,4,13065.649343902764,0.680412906645523,0.7799380627533559,-0.2299250252250763,0.1176146817895338,0.5115349304578216
Nikkei,Developed,PPO,+VolFore,0,17168.75531981592,0.9614574509580012,1.2737818603451536,-0.2625860724822558,0.2520283394504721,0.9597932482368924
Nikkei,Developed,PPO,+VolFore,1,17168.75531981592,0.9614574509580012,1.2737818603451536,-0.2625860724822558,0.2520283394504721,0.9597932482368924
Nikkei,Developed,PPO,+VolFore,2,12501.349891458363,0.5682003680102914,0.6388139917237138,-0.2354940421903473,0.0972831628443633,0.4131024374931629
Nikkei,Developed,PPO,+VolFore,3,16714.950988096738,0.9213161453943728,1.2169959153922332,-0.2820773884422058,0.2381588930975189,0.8443033821743938
Nikkei,Developed,PPO,+VolFore,4,16752.301680655437,1.10674799170702,1.5428263611599244,-0.1510668050539724,0.2393086728056186,1.5841248030534263
SP500,Developed,BuyHold,-,-1,15605.0000451315,1.2334916676377266,1.613691577323708,-0.1890220618428401,0.1979464862674291,1.0472136656247135
SP500,Developed,Q-Learning,Baseline,0,9718.298596941208,-0.184824660539752,-0.0766735287217881,-0.1120292912169177,-0.0114916975659257,-0.1025776155592401
SP500,Developed,Q-Learning,Baseline,1,9288.716903115166,-0.8785565962724909,-0.1140713130154556,-0.0732817512284347,-0.0294045042666138,-0.4012527508322306
SP500,Developed,Q-Learning,Baseline,2,8728.693729887062,-1.1079926617637714,-0.6084055000584091,-0.1927743626777484,-0.0535137579202632,-0.2775978982715768
SP500,Developed,Q-Learning,Baseline,3,9209.786141370265,-0.6003795214030095,-0.1768375489704573,-0.1273096650329136,-0.0327491009638974,-0.2572397072537544
SP500,Developed,Q-Learning,Baseline,4,9622.35835978582,-0.3291434734171135,-0.1062298170865862,-0.1089255952515702,-0.0154506912201466,-0.1418462867641025
SP500,Developed,Q-Learning,+RetFore,0,9340.127934733864,-0.3520031482805151,-0.2186165676150026,-0.2102091249113588,-0.027235116665965,-0.1295620096288397
SP500,Developed,Q-Learning,+RetFore,1,8840.65219161188,-0.6112106695560722,-0.3862183041031893,-0.2362126126769256,-0.0486217862638802,-0.2058390774000528
SP500,Developed,Q-Learning,+RetFore,2,8126.441083795894,-1.1120745964682637,-0.7402330947332894,-0.2229185543080773,-0.0804926303225255,-0.361085377446519
SP500,Developed,Q-Learning,+RetFore,3,9190.278195260322,-0.4651828447302181,-0.2825042413936218,-0.1762402578452649,-0.0335783553295889,-0.1905260224873223
SP500,Developed,Q-Learning,+RetFore,4,8617.900780771466,-0.652898502087086,-0.4824198807485941,-0.247782764204657,-0.0583917271909278,-0.235656936745057
SP500,Developed,Q-Learning,+VolFore,0,9827.37156179046,-0.1018079822799156,-0.0523616461496974,-0.1091378041374146,-0.0070189482199893,-0.0643127124959153
SP500,Developed,Q-Learning,+VolFore,1,9953.27558124378,-0.0109267121281378,-0.0042340427259733,-0.1023346811611275,-0.0018926124399439,-0.0184943405153678
SP500,Developed,Q-Learning,+VolFore,2,8800.494958637988,-0.8416054308239543,-0.6074398779966232,-0.1849014549643127,-0.0503721712376501,-0.2724271220423868
SP500,Developed,Q-Learning,+VolFore,3,10155.185154276858,0.1251767617506539,0.0703562956033199,-0.0871248711958816,0.0062483845864527,0.0717175761710206
SP500,Developed,Q-Learning,+VolFore,4,9954.829317091884,-0.0025378603917256,-0.0017094455735746,-0.1031575263990485,-0.0018295921007185,-0.0177359051207113
SP500,Developed,SARSA,Baseline,0,8754.717247091452,-0.8796939459541946,-0.5198324215015835,-0.2073611693085537,-0.0523733546657023,-0.2525706950828298
SP500,Developed,SARSA,Baseline,1,10233.146126345162,0.2187243335953539,0.0906388166246761,-0.0929772884481157,0.0093659621646622,0.100733870828982
SP500,Developed,SARSA,Baseline,2,8421.109141115252,-1.515595950315213,-0.7101761858540143,-0.1782058276618688,-0.0671489611388287,-0.3768056410919493
SP500,Developed,SARSA,Baseline,3,10592.217341334235,0.3664520886103901,0.3229988156474455,-0.0831180739137731,0.0235452660235564,0.2832749234263908
SP500,Developed,SARSA,Baseline,4,10497.526752757194,0.2998229740709587,0.1732891893390943,-0.1144266653496129,0.0198341933048904,0.1733354130710424
SP500,Developed,SARSA,+RetFore,0,8687.893607987953,-0.8252110433279233,-0.5034292274264806,-0.2009379592188022,-0.055305784837235,-0.275238113554926
SP500,Developed,SARSA,+RetFore,1,9689.90546696208,-0.1618781805280882,-0.1103895716498747,-0.1655617153863201,-0.0126609117405191,-0.0764724605015107
SP500,Developed,SARSA,+RetFore,2,9208.118012678156,-0.3054287524480592,-0.1870842615427981,-0.2170388928171873,-0.0328199697618211,-0.1512169977263673
SP500,Developed,SARSA,+RetFore,3,9098.505419794796,-0.5508116655866598,-0.3519633222738137,-0.1764811341425461,-0.0374936153654054,-0.2124511242935966
SP500,Developed,SARSA,+RetFore,4,8726.316127841417,-0.7058796729622412,-0.585528373327802,-0.2215780309208978,-0.0536180501462495,-0.2419826998334005
SP500,Developed,SARSA,+VolFore,0,10355.55609178077,0.2692344864197272,0.1337222553300932,-0.0868468829690215,0.0142325990021179,0.1638815178551756
SP500,Developed,SARSA,+VolFore,1,10024.17399970925,0.0455636175714498,0.0227290320006474,-0.0593875118961675,0.000977121784673,0.0164533207985704
SP500,Developed,SARSA,+VolFore,2,10039.226486048232,0.0565210036234273,0.0398725989773155,-0.0935959128396758,0.0015848399588545,0.0169327902336109
SP500,Developed,SARSA,+VolFore,3,10619.64226119854,0.4677923163473003,0.2553124607582601,-0.0498230399148512,0.0246163994026731,0.4940766248757418
SP500,Developed,SARSA,+VolFore,4,10487.227137781278,0.4158905851746275,0.1764148168928757,-0.0498230399148512,0.0194293350626193,0.3899668726644257
SP500,Developed,DQN,Baseline,0,13621.64963114102,0.9343777832699084,1.193847688913956,-0.1988025586619485,0.1331702437551394,0.6698618199422538
SP500,Developed,DQN,Baseline,1,13134.58504430483,0.8578723397316853,1.1332333567667443,-0.2165896879549896,0.1166028990604801,0.5383584978624353
SP500,Developed,DQN,Baseline,2,16801.395649601098,1.4814006834525966,2.033884669024052,-0.1626387932343704,0.2335334524826708,1.435902516472204
SP500,Developed,DQN,Baseline,3,9909.690968932186,-0.0212352023159963,-0.0219352188870656,-0.1299370097472973,-0.0036628197240231,-0.0281891951424652
SP500,Developed,DQN,Baseline,4,10936.431928310463,0.4220332411036382,0.2784387195412122,-0.1150235067125905,0.0368716105290396,0.3205571763765665
SP500,Developed,DQN,+RetFore,0,11608.730175521046,0.6634935025286676,0.6506942604933493,-0.1428786073074129,0.0621969597329365,0.4353133118009777
SP500,Developed,DQN,+RetFore,1,12252.758705588823,0.879703375967911,0.9604674619572864,-0.1670666559851656,0.0856506811216226,0.5126737026969354
SP500,Developed,DQN,+RetFore,2,13997.817881372215,1.0897790300789787,1.3948692241454552,-0.1766192383781411,0.1457255194024376,0.8250829339984735
SP500,Developed,DQN,+RetFore,3,15807.361373976051,1.4441368239284786,1.9907462380252612,-0.1146851670667691,0.2034761908771318,1.7742154114567832
SP500,Developed,DQN,+RetFore,4,13164.904818270872,0.9371486168765992,1.0976293748659736,-0.1735348290249626,0.1176447908303623,0.6779318681482751
SP500,Developed,DQN,+VolFore,0,10803.636816568149,0.2941788018796555,0.3772403496805766,-0.1965708391461489,0.0317604274889795,0.1615724266466825
SP500,Developed,DQN,+VolFore,1,12690.66408506326,0.9922964350410508,1.2115113873777494,-0.13959075250889,0.1011813253263,0.72484260960719
SP500,Developed,DQN,+VolFore,2,12044.46588529452,0.6994291799799871,0.8325433424509231,-0.2113663821148003,0.0781473218680277,0.3697244617888833
SP500,Developed,DQN,+VolFore,3,14685.81919519469,1.1158361177843965,1.519690778035961,-0.1974802692449122,0.1681789467530698,0.851624050317883
SP500,Developed,DQN,+VolFore,4,14636.125121343515,1.4464956629434282,2.196076374826963,-0.0812637530058914,0.1665784071291167,2.049848806699714
SP500,Developed,PPO,Baseline,0,12769.679858312942,1.318250332283499,1.7486940191848928,-0.098360425374724,0.1039495258974219,1.0568226550500186
SP500,Developed,PPO,Baseline,1,15605.415389823933,1.2302033422149703,1.6086076602929107,-0.18902206184284,0.1972332963108722,1.0434406142168524
SP500,Developed,PPO,Baseline,2,13031.82952368453,1.0759128752690703,1.4169764888276426,-0.126712116077025,0.1130611748218792,0.8922680665537939
SP500,Developed,PPO,Baseline,3,13164.073179793268,0.8602947541598347,0.9101766161321572,-0.18902206184284,0.1176162319410925,0.6222354723770857
SP500,Developed,PPO,Baseline,4,15605.415389823933,1.2302033422149703,1.6086076602929107,-0.18902206184284,0.1972332963108722,1.0434406142168524
SP500,Developed,PPO,+RetFore,0,16202.59192465688,1.3473698609225675,1.793532989250786,-0.18902206184284,0.2155581805453335,1.1403863572465749
SP500,Developed,PPO,+RetFore,1,16116.778071265808,1.326306409134912,1.7589465410312195,-0.18902206184284,0.2129499412986468,1.1265877602931598
SP500,Developed,PPO,+RetFore,2,16090.17803845615,1.3229441799417367,1.7506423675981673,-0.18902206184284,0.2121397774165698,1.122301679217892
SP500,Developed,PPO,+RetFore,3,16116.778071265808,1.326306409134912,1.7589465410312195,-0.18902206184284,0.2129499412986468,1.1265877602931598
SP500,Developed,PPO,+RetFore,4,12902.800191824865,1.379817412839647,1.8365263719634903,-0.098360425374724,0.1085902249305281,1.1040032057174176
SP500,Developed,PPO,+VolFore,0,15427.268753772662,1.2029809048784676,1.56718640477645,-0.18902206184284,0.191686065207143,1.0140936107527168
SP500,Developed,PPO,+VolFore,1,15005.727747766388,1.1555362337309818,1.4902548779527125,-0.18902206184284,0.1784061262902443,0.9438375846182124
SP500,Developed,PPO,+VolFore,2,14691.48013424458,1.099841122203486,1.413641580841178,-0.18902206184284,0.1683610687201095,0.8906953351254868
SP500,Developed,PPO,+VolFore,3,14943.995385698396,1.1404931175891204,1.4774070400228951,-0.18902206184284,0.1764427834693716,0.933450739814378
SP500,Developed,PPO,+VolFore,4,12294.786661742346,1.1326193605582944,1.467462453983033,-0.098360425374724,0.0871554299791999,0.8860822800051696
Vietnam,Frontier,BuyHold,-,-1,13443.745770696618,0.5949583232300912,0.8367923808666657,-0.2712230224235822,0.1276265956396982,0.4705595951950826
Vietnam,Frontier,Q-Learning,Baseline,0,10351.83188691986,0.2775052159444717,0.1861420414569418,-0.050604030354113,0.0140623129047621,0.2778891879970834
Vietnam,Frontier,Q-Learning,Baseline,1,9621.737537059074,-0.4353040842545017,-0.2268842074672411,-0.0440129882371844,-0.0154517766812541,-0.35107311045626
Vietnam,Frontier,Q-Learning,Baseline,2,9958.335949913024,-0.0286052656970429,-0.0146301427388043,-0.0493426944956845,-0.0016846809026386,-0.0341424585710823
Vietnam,Frontier,Q-Learning,Baseline,3,9672.949250753329,-0.3385954188951396,-0.1466209189181287,-0.0781650952363004,-0.0133388660295828,-0.1706499043989852
Vietnam,Frontier,Q-Learning,Baseline,4,10284.938946861688,0.2503441498945082,0.1781760389930003,-0.0387051117779493,0.011410870092154,0.2948155829473688
Vietnam,Frontier,Q-Learning,+RetFore,0,9775.141581502365,-0.1228274015817545,-0.0840582681585567,-0.0613773667173629,-0.0091424240030056,-0.1489543213047367
Vietnam,Frontier,Q-Learning,+RetFore,1,8945.914611747423,-0.5132945587644762,-0.3399131019190841,-0.1762484647569301,-0.0439869056907827,-0.2495732700491715
Vietnam,Frontier,Q-Learning,+RetFore,2,9979.373765096616,0.0168890843211837,0.011039234470472,-0.0905422808905835,-0.0008334952609126,-0.0092055916054371
Vietnam,Frontier,Q-Learning,+RetFore,3,9717.806914449024,-0.1217169670573432,-0.0751239844709221,-0.0854692354964472,-0.0114935852992941,-0.1344762853253484
Vietnam,Frontier,Q-Learning,+RetFore,4,9541.14121484677,-0.2549357511248845,-0.1815701272017624,-0.0818186048393171,-0.0187906698232305,-0.2296625548663862
Vietnam,Frontier,Q-Learning,+VolFore,0,10570.52366320976,0.3184200109933665,0.264195806428955,-0.0750994240334471,0.0226600248191553,0.3017336698715751
Vietnam,Frontier,Q-Learning,+VolFore,1,11160.290903892586,0.6760639975267738,0.6017685467127785,-0.0651022491660954,0.0453303826260953,0.6962951849750629
Vietnam,Frontier,Q-Learning,+VolFore,2,10837.127218243986,0.5036846514331759,0.4651241761656204,-0.0886173216643007,0.0329991256556612,0.3723778267672747
Vietnam,Frontier,Q-Learning,+VolFore,3,10923.834659265056,0.5327159969921703,0.4676609911888817,-0.0906651010650609,0.0363289821134846,0.4006942217713342
Vietnam,Frontier,Q-Learning,+VolFore,4,11199.288137500256,0.6379812085912447,0.4898558546153371,-0.0859729736538809,0.0468039705964336,0.5444033003245593
Vietnam,Frontier,SARSA,Baseline,0,10882.365035795268,0.5557461613724879,0.4453414369544626,-0.0427778301168665,0.0347383830521892,0.8120651037341984
Vietnam,Frontier,SARSA,Baseline,1,9324.262357218058,-0.7226770469354602,-0.3763476800474512,-0.0678660682803005,-0.0278597461103538,-0.4105106839971473
Vietnam,Frontier,SARSA,Baseline,2,9665.408236987869,-0.3120100095798097,-0.1640892509139006,-0.0487668770302247,-0.0136495763995228,-0.2798944125698917
Vietnam,Frontier,SARSA,Baseline,3,9845.176603710705,-0.1878389289918234,-0.0844023611318115,-0.0530638611454825,-0.0062815781765082,-0.118377706423736
Vietnam,Frontier,SARSA,Baseline,4,9672.745766996475,-0.3909338852657802,-0.1678887732229273,-0.0490055128929323,-0.0133472482202119,-0.2723621778860015
Vietnam,Frontier,SARSA,+RetFore,0,9329.093137978462,-0.386369614847242,-0.2845337619373954,-0.1280647745714805,-0.0276563790241957,-0.2159561762125547
Vietnam,Frontier,SARSA,+RetFore,1,9144.248580591082,-0.4945638419041923,-0.2539373935106686,-0.1469317598669461,-0.0354832396640064,-0.2414946890712856
Vietnam,Frontier,SARSA,+RetFore,2,9268.602339003017,-0.4338237001701598,-0.2287138654097234,-0.0883233830131019,-0.0302074767303068,-0.342009960436908
Vietnam,Frontier,SARSA,+RetFore,3,9453.807369795106,-0.2643495401000325,-0.1796725848743252,-0.0952837412475905,-0.0224277174637392,-0.2353782205636371
Vietnam,Frontier,SARSA,+RetFore,4,9081.643788326186,-0.466921899332209,-0.2957801805503662,-0.1251618534719965,-0.0381554700666323,-0.304849033534521
Vietnam,Frontier,SARSA,+VolFore,0,10520.541477445176,0.2920271124802642,0.2466333681989755,-0.0979847000692502,0.0207044285644624,0.2113026681677685
Vietnam,Frontier,SARSA,+VolFore,1,10818.021122361908,0.438415884519838,0.2811382080630382,-0.1082871851786249,0.0322632540097063,0.2979415704285652
Vietnam,Frontier,SARSA,+VolFore,2,10643.275020720284,0.3955470601806206,0.3688460373038359,-0.1269837473656814,0.0254966582130438,0.2007867836772766
Vietnam,Frontier,SARSA,+VolFore,3,10259.03329486253,0.1778555530740369,0.1499573075716897,-0.1347553751087059,0.0103812837848618,0.0770379940422434
Vietnam,Frontier,SARSA,+VolFore,4,11365.606015222673,0.7416719370861166,0.6500938054765747,-0.0656708151673221,0.0530545200515522,0.8078858152676675
Vietnam,Frontier,DQN,Baseline,0,11880.987499276553,0.4046660369242554,0.555303001695544,-0.2674554246572534,0.07208423548271,0.269518689235102
Vietnam,Frontier,DQN,Baseline,1,12088.999815024792,0.5626077396879574,0.5172741065983035,-0.1477309927120115,0.0796252530945724,0.5389881407570031
Vietnam,Frontier,DQN,Baseline,2,10397.965004726726,0.1857426399944831,0.2488680878094448,-0.2052992769795075,0.0158849502382194,0.0773746039043657
Vietnam,Frontier,DQN,Baseline,3,10997.964796224953,0.3201819483777327,0.4404467620668086,-0.2240006780387981,0.0391633555748276,0.1748358795943889
Vietnam,Frontier,DQN,Baseline,4,8403.365413270598,-0.3566376342220512,-0.3336184882477961,-0.2144273381387623,-0.0678394158018067,-0.3163748446925619
Vietnam,Frontier,DQN,+RetFore,0,12909.576375954975,0.7455007664923013,0.8315847278200228,-0.1572889043314601,0.1086421368810379,0.6907171064743515
Vietnam,Frontier,DQN,+RetFore,1,12794.851770028044,0.6643896446777133,0.6787727252502737,-0.1646684505062704,0.1046527489155326,0.6355361248201703
Vietnam,Frontier,DQN,+RetFore,2,11522.00729655007,0.4083753764299417,0.5514358012362802,-0.1995812209476919,0.0588828273003461,0.2950319024026996
Vietnam,Frontier,DQN,+RetFore,3,9048.369384928428,-0.1902950629174978,-0.1993502186062828,-0.249832561642799,-0.0395802297501201,-0.1584270260437547
Vietnam,Frontier,DQN,+RetFore,4,10308.232902395965,0.1589828900826095,0.1961257475238839,-0.239416913111109,0.0123353386665643,0.0515224196412064
Vietnam,Frontier,DQN,+VolFore,0,9602.476694723451,-0.0354503158353764,-0.031376277250088,-0.2298096461051151,-0.0162481818189506,-0.0707027842140619
Vietnam,Frontier,DQN,+VolFore,1,13894.062302041848,0.9240237690322904,0.9754230458983688,-0.1335591843970276,0.1420392759544808,1.0634931367294158
Vietnam,Frontier,DQN,+VolFore,2,11962.486380553328,0.4977208328998233,0.703748509951487,-0.1605628918744086,0.0750480996477567,0.4674062529092433
Vietnam,Frontier,DQN,+VolFore,3,9825.541183236006,0.0226125882260627,0.030150478007117,-0.2237855371399653,-0.0070824340559938,-0.0316483100135847
Vietnam,Frontier,DQN,+VolFore,4,12104.72170043847,0.5388155017057898,0.5052529541979306,-0.1833114418500427,0.0801920597873497,0.4374634718792576
Vietnam,Frontier,PPO,Baseline,0,11991.06261022289,0.94810272345883,1.07766225341695,-0.0753477885005612,0.0760844780658236,1.0097771889382947
Vietnam,Frontier,PPO,Baseline,1,11976.029482260185,0.9260086480866628,1.0746837746098894,-0.0753477885005614,0.0755394531275897,1.0025437326010476
Vietnam,Frontier,PPO,Baseline,2,12087.926699882384,0.4714159414452425,0.5164251670155279,-0.2721932641008273,0.0795865490430303,0.292389855074654
Vietnam,Frontier,PPO,Baseline,3,15508.6010009938,1.1829511256742482,1.277332897710242,-0.1099523785656617,0.1938836941811175,1.7633424279545715
Vietnam,Frontier,PPO,Baseline,4,12132.008641076276,0.6498120760195704,0.9310201691994728,-0.1413365600736091,0.081174769847347,0.574336674137932
Vietnam,Frontier,PPO,+RetFore,0,11338.110117449023,0.4133837552614562,0.4466570238286918,-0.1755496624874402,0.0520249507588246,0.2963546042832774
Vietnam,Frontier,PPO,+RetFore,1,13103.666110544347,0.7986103345936875,0.5330295579557637,-0.129727162995706,0.1153434938037041,0.8891236895902279
Vietnam,Frontier,PPO,+RetFore,2,11727.695662023682,0.5868053318522556,0.2276177819381999,-0.0951552501346374,0.0664764691728188,0.6986106292407513
Vietnam,Frontier,PPO,+RetFore,3,16732.04824898204,1.1204876490150006,1.3409902851359996,-0.1295158223719719,0.2310606442001743,1.7840341046114023
Vietnam,Frontier,PPO,+RetFore,4,15283.361722444455,1.203234617432775,1.746337661136926,-0.114143703181258,0.186850701981323,1.6369777462272337
Vietnam,Frontier,PPO,+VolFore,0,12015.30458037851,0.5560455444980349,0.6233015457189223,-0.1830438044167411,0.0769625114940584,0.4204595273731045
Vietnam,Frontier,PPO,+VolFore,1,10825.385769542796,0.7340613152488733,0.1628757392431559,-0.042677505993289,0.0325469952312547,0.7626264579661707
Vietnam,Frontier,PPO,+VolFore,2,12161.15311774434,0.5912233507268841,0.6547775877586879,-0.1654093979060469,0.0822229229084727,0.4970873719924822
Vietnam,Frontier,PPO,+VolFore,3,12484.37646678078,0.6742035169314444,0.8318807920683373,-0.1361171889577172,0.0937482830888758,0.6887321418113375
Vietnam,Frontier,PPO,+VolFore,4,17171.649691915554,1.1989530709795562,1.3303645201511716,-0.1677587737590903,0.2440216289642558,1.4545983109844858
